fichier,n,m,alpha,k,type_cible,page_cible,rank_initial,pagerank_initial,type_attaque,pagerank_apres,augmentation,ratio,iterations
Harvard500.txt,500,2636,0.850000,1,forte,7,1,0.103639770584333,isoles,0.103898502917567,0.000258732333235,1.002496,94
Harvard500.txt,500,2636,0.850000,1,forte,7,1,0.103639770584333,complet,0.103898502917567,0.000258732333235,1.002496,94
Harvard500.txt,500,2636,0.850000,1,forte,7,1,0.103639770584333,anneau,0.108343345619382,0.004703575035050,1.045384,94
Harvard500.txt,500,2636,0.850000,1,moyenne,14,251,0.000646080989108,isoles,0.000899847760390,0.000253766771282,1.392779,94
Harvard500.txt,500,2636,0.850000,1,moyenne,14,251,0.000646080989108,complet,0.000899847760390,0.000253766771282,1.392779,94
Harvard500.txt,500,2636,0.850000,1,moyenne,14,251,0.000646080989108,anneau,0.001184989152837,0.000538908163729,1.834119,94
Harvard500.txt,500,2636,0.850000,1,faible,494,500,0.000300000000000,isoles,0.000553892215569,0.000253892215569,1.846307,94
Harvard500.txt,500,2636,0.850000,1,faible,494,500,0.000300000000000,complet,0.000553892215569,0.000253892215569,1.846307,94
Harvard500.txt,500,2636,0.850000,1,faible,494,500,0.000300000000000,anneau,0.000867150239638,0.000567150239638,2.890501,94
Harvard500.txt,500,2636,0.850000,2,forte,7,1,0.103639770584333,isoles,0.104156204444694,0.000516433860361,1.004983,94
Harvard500.txt,500,2636,0.850000,2,forte,7,1,0.103639770584333,complet,0.104034986012586,0.000395215428254,1.003813,94
Harvard500.txt,500,2636,0.850000,2,forte,7,1,0.103639770584333,anneau,0.106700955919097,0.003061185334765,1.029537,94
Harvard500.txt,500,2636,0.850000,2,moyenne,14,251,0.000646080989108,isoles,0.001152603508678,0.000506522519571,1.783992,94
Harvard500.txt,500,2636,0.850000,2,moyenne,14,251,0.000646080989108,complet,0.001086199611189,0.000440118622082,1.681213,94
Harvard500.txt,500,2636,0.850000,2,moyenne,14,251,0.000646080989108,anneau,0.001400770394884,0.000754689405776,2.168103,94
Harvard500.txt,500,2636,0.850000,2,faible,494,500,0.000300000000000,isoles,0.000806772908367,0.000506772908367,2.689243,94
Harvard500.txt,500,2636,0.850000,2,faible,494,500,0.000300000000000,complet,0.000740516196085,0.000440516196085,2.468387,94
Harvard500.txt,500,2636,0.850000,2,faible,494,500,0.000300000000000,anneau,0.001109299610434,0.000809299610434,3.697665,94
Harvard500.txt,500,2636,0.850000,3,forte,7,1,0.103639770584333,isoles,0.104412881313660,0.000773110729327,1.007460,94
Harvard500.txt,500,2636,0.850000,3,forte,7,1,0.103639770584333,complet,0.104091825796661,0.000452055212329,1.004362,94
Harvard500.txt,500,2636,0.850000,3,forte,7,1,0.103639770584333,anneau,0.105316038836592,0.001676268252260,1.016174,94
Harvard500.txt,500,2636,0.850000,3,moyenne,14,251,0.000646080989108,isoles,0.001404354263932,0.000758273274824,2.173650,94
Harvard500.txt,500,2636,0.850000,3,moyenne,14,251,0.000646080989108,complet,0.001228478885340,0.000582397896233,1.901432,94
Harvard500.txt,500,2636,0.850000,3,moyenne,14,251,0.000646080989108,anneau,0.001568038118433,0.000921957129326,2.426999,94
Harvard500.txt,500,2636,0.850000,3,faible,494,500,0.000300000000000,isoles,0.001058648111332,0.000758648111332,3.528827,94
Harvard500.txt,500,2636,0.850000,3,faible,494,500,0.000300000000000,complet,0.000883162563083,0.000583162563083,2.943875,94
Harvard500.txt,500,2636,0.850000,3,faible,494,500,0.000300000000000,anneau,0.001285913130943,0.000985913130943,4.286377,94
Harvard500.txt,500,2636,0.850000,4,forte,7,1,0.103639770584333,isoles,0.104668539623623,0.001028769039290,1.009926,94
Harvard500.txt,500,2636,0.850000,4,forte,7,1,0.103639770584333,complet,0.104093996102647,0.000454225518314,1.004383,94
Harvard500.txt,500,2636,0.850000,4,forte,7,1,0.103639770584333,anneau,0.104137997972943,0.000498227388611,1.004807,94
Harvard500.txt,500,2636,0.850000,4,moyenne,14,251,0.000646080989108,isoles,0.001655106008253,0.001009025019145,2.561762,94
Harvard500.txt,500,2636,0.850000,4,moyenne,14,251,0.000646080989108,complet,0.001340368980170,0.000694287991063,2.074614,94
Harvard500.txt,500,2636,0.850000,4,moyenne,14,251,0.000646080989108,anneau,0.001699550907852,0.001053469918744,2.630554,94
Harvard500.txt,500,2636,0.850000,4,faible,494,500,0.000300000000000,isoles,0.001309523809524,0.001009523809524,4.365079,94
Harvard500.txt,500,2636,0.850000,4,faible,494,500,0.000300000000000,complet,0.000995484400657,0.000695484400657,3.318281,94
Harvard500.txt,500,2636,0.850000,4,faible,494,500,0.000300000000000,anneau,0.001418445117703,0.001118445117703,4.728150,94
Harvard500.txt,500,2636,0.850000,5,forte,7,1,0.103639770584333,isoles,0.104923185425427,0.001283414841095,1.012383,94
Harvard500.txt,500,2636,0.850000,5,forte,7,1,0.103639770584333,complet,0.104057103731683,0.000417333147351,1.004027,94
Harvard500.txt,500,2636,0.850000,5,forte,7,1,0.103639770584333,anneau,0.103127643923272,-0.000512126661061,0.995059,94
Harvard500.txt,500,2636,0.850000,5,moyenne,14,251,0.000646080989108,isoles,0.001904864676358,0.001258783687250,2.948337,94
Harvard500.txt,500,2636,0.850000,5,moyenne,14,251,0.000646080989108,complet,0.001430421978085,0.000784340988978,2.213998,94
Harvard500.txt,500,2636,0.850000,5,moyenne,14,251,0.000646080989108,anneau,0.001804071235561,0.001157990246453,2.792330,94
Harvard500.txt,500,2636,0.850000,5,faible,494,500,0.000300000000000,isoles,0.001559405940594,0.001259405940594,5.198020,94
Harvard500.txt,500,2636,0.850000,5,faible,494,500,0.000300000000000,complet,0.001086014851485,0.000786014851485,3.620050,94
Harvard500.txt,500,2636,0.850000,5,faible,494,500,0.000300000000000,anneau,0.001520001143263,0.001220001143263,5.066670,94
Harvard500.txt,500,2636,0.850000,6,forte,7,1,0.103639770584333,isoles,0.105176824722086,0.001537054137754,1.014831,94
Harvard500.txt,500,2636,0.850000,6,forte,7,1,0.103639770584333,complet,0.103991402912022,0.000351632327690,1.003393,94
Harvard500.txt,500,2636,0.850000,6,forte,7,1,0.103639770584333,anneau,0.102254217621497,-0.001385552962836,0.986631,94
Harvard500.txt,500,2636,0.850000,6,moyenne,14,251,0.000646080989108,isoles,0.002153636156051,0.001507555166944,3.333384,94
Harvard500.txt,500,2636,0.850000,6,moyenne,14,251,0.000646080989108,complet,0.001504257781906,0.000858176792798,2.328281,94
Harvard500.txt,500,2636,0.850000,6,moyenne,14,251,0.000646080989108,anneau,0.001887814865685,0.001241733876578,2.921948,94
Harvard500.txt,500,2636,0.850000,6,faible,494,500,0.000300000000000,isoles,0.001808300395257,0.001508300395257,6.027668,94
Harvard500.txt,500,2636,0.850000,6,faible,494,500,0.000300000000000,complet,0.001160361377753,0.000860361377753,3.867871,94
Harvard500.txt,500,2636,0.850000,6,faible,494,500,0.000300000000000,anneau,0.001599040977418,0.001299040977418,5.330137,94
Harvard500.txt,500,2636,0.850000,7,forte,7,1,0.103639770584333,isoles,0.105429463469252,0.001789692884919,1.017268,94
Harvard500.txt,500,2636,0.850000,7,forte,7,1,0.103639770584333,complet,0.103903908171914,0.000264137587581,1.002549,94
Harvard500.txt,500,2636,0.850000,7,forte,7,1,0.103639770584333,anneau,0.101493301923150,-0.002146468661183,0.979289,94
Harvard500.txt,500,2636,0.850000,7,moyenne,14,251,0.000646080989108,isoles,0.002401426288685,0.001755345299577,3.716912,94
Harvard500.txt,500,2636,0.850000,7,moyenne,14,251,0.000646080989108,complet,0.001565721554513,0.000919640565405,2.423414,94
Harvard500.txt,500,2636,0.850000,7,moyenne,14,251,0.000646080989108,anneau,0.001955310958854,0.001309229969746,3.026418,94
Harvard500.txt,500,2636,0.850000,7,faible,494,500,0.000300000000000,isoles,0.002056213017751,0.001756213017751,6.854043,94
Harvard500.txt,500,2636,0.850000,7,faible,494,500,0.000300000000000,complet,0.001222360635316,0.000922360635316,4.074535,94
Harvard500.txt,500,2636,0.850000,7,faible,494,500,0.000300000000000,anneau,0.001661270113731,0.001361270113731,5.537567,94
Harvard500.txt,500,2636,0.850000,8,forte,7,1,0.103639770584333,isoles,0.105681107575680,0.002041336991347,1.019696,94
Harvard500.txt,500,2636,0.850000,8,forte,7,1,0.103639770584333,complet,0.103799579609592,0.000159809025260,1.001542,94
Harvard500.txt,500,2636,0.850000,8,forte,7,1,0.103639770584333,anneau,0.100825325384294,-0.002814445200039,0.972844,94
Harvard500.txt,500,2636,0.850000,8,moyenne,14,251,0.000646080989108,isoles,0.002648240869615,0.002002159880508,4.098930,94
Harvard500.txt,500,2636,0.850000,8,moyenne,14,251,0.000646080989108,complet,0.001617533014257,0.000971452025149,2.503607,94
Harvard500.txt,500,2636,0.850000,8,moyenne,14,251,0.000646080989108,anneau,0.002009934820150,0.001363853831042,3.110964,94
Harvard500.txt,500,2636,0.850000,8,faible,494,500,0.000300000000000,isoles,0.002303149606299,0.002003149606299,7.677165,94
Harvard500.txt,500,2636,0.850000,8,faible,494,500,0.000300000000000,complet,0.001274726329941,0.000974726329941,4.249088,94
Harvard500.txt,500,2636,0.850000,8,faible,494,500,0.000300000000000,anneau,0.001710675821385,0.001410675821385,5.702253,94
Harvard500.txt,500,2636,0.850000,9,forte,7,1,0.103639770584333,isoles,0.105931762903694,0.002291992319361,1.022115,94
Harvard500.txt,500,2636,0.850000,9,forte,7,1,0.103639770584333,complet,0.103682023279940,0.000042252695607,1.000408,94
Harvard500.txt,500,2636,0.850000,9,forte,7,1,0.103639770584333,anneau,0.100234470018827,-0.003405300565505,0.967143,94
Harvard500.txt,500,2636,0.850000,9,moyenne,14,251,0.000646080989108,isoles,0.002894085648656,0.002248004659548,4.479447,94
Harvard500.txt,500,2636,0.850000,9,moyenne,14,251,0.000646080989108,complet,0.001661670109514,0.001015589120407,2.571922,94
Harvard500.txt,500,2636,0.850000,9,moyenne,14,251,0.000646080989108,anneau,0.002054250118316,0.001408169129208,3.179555,94
Harvard500.txt,500,2636,0.850000,9,faible,494,500,0.000300000000000,isoles,0.002549115913556,0.002249115913556,8.497053,94
Harvard500.txt,500,2636,0.850000,9,faible,494,500,0.000300000000000,complet,0.001319432041439,0.001019432041439,4.398107,94
Harvard500.txt,500,2636,0.850000,9,faible,494,500,0.000300000000000,anneau,0.001750127553185,0.001450127553185,5.833759,94
Harvard500.txt,500,2636,0.850000,10,forte,7,1,0.103639770584333,isoles,0.106181435269638,0.002541664685305,1.024524,94
Harvard500.txt,500,2636,0.850000,10,forte,7,1,0.103639770584333,complet,0.103553923347811,-0.000085847236522,0.999172,94
Harvard500.txt,500,2636,0.850000,10,forte,7,1,0.103639770584333,anneau,0.099707860393050,-0.003931910191283,0.962062,94
Harvard500.txt,500,2636,0.850000,10,moyenne,14,251,0.000646080989108,isoles,0.003138966330524,0.002492885341416,4.858472,94
Harvard500.txt,500,2636,0.850000,10,moyenne,14,251,0.000646080989108,complet,0.001699605754048,0.001053524764940,2.630639,94
Harvard500.txt,500,2636,0.850000,10,moyenne,14,251,0.000646080989108,anneau,0.002090235726116,0.001444154737008,3.235253,94
Harvard500.txt,500,2636,0.850000,10,faible,494,500,0.000300000000000,isoles,0.002794117647059,0.002494117647059,9.313725,94
Harvard500.txt,500,2636,0.850000,10,faible,494,500,0.000300000000000,complet,0.001357947434302,0.001057947434302,4.526491,94
Harvard500.txt,500,2636,0.850000,10,faible,494,500,0.000300000000000,anneau,0.001781741508619,0.001481741508619,5.939138,94
Harvard500.txt,500,2636,0.850000,11,forte,7,1,0.103639770584333,isoles,0.106430130444325,0.002790359859992,1.026924,94
Harvard500.txt,500,2636,0.850000,11,forte,7,1,0.103639770584333,complet,0.103417318666035,-0.000222451918297,0.997854,94
Harvard500.txt,500,2636,0.850000,11,forte,7,1,0.103639770584333,anneau,0.099234952361905,-0.004404818222428,0.957499,94
Harvard500.txt,500,2636,0.850000,11,moyenne,14,251,0.000646080989108,isoles,0.003382888575281,0.002736807586173,5.236013,94
Harvard500.txt,500,2636,0.850000,11,moyenne,14,251,0.000646080989108,complet,0.001732459337634,0.001086378348526,2.681489,94
Harvard500.txt,500,2636,0.850000,11,moyenne,14,251,0.000646080989108,anneau,0.002119440258931,0.001473359269823,3.280456,94
Harvard500.txt,500,2636,0.850000,11,faible,494,500,0.000300000000000,isoles,0.003038160469667,0.002738160469667,10.127202,94
Harvard500.txt,500,2636,0.850000,11,faible,494,500,0.000300000000000,complet,0.001391389432507,0.001091389432507,4.637965,94
Harvard500.txt,500,2636,0.850000,11,faible,494,500,0.000300000000000,anneau,0.001807110873710,0.001507110873710,6.023703,94
Harvard500.txt,500,2636,0.850000,12,forte,7,1,0.103639770584333,isoles,0.106677854153486,0.003038083569154,1.029314,94
Harvard500.txt,500,2636,0.850000,12,forte,7,1,0.103639770584333,complet,0.103273785421142,-0.000365985163191,0.996469,94
Harvard500.txt,500,2636,0.850000,12,forte,7,1,0.103639770584333,anneau,0.098807065927243,-0.004832704657090,0.953370,94
Harvard500.txt,500,2636,0.850000,12,moyenne,14,251,0.000646080989108,isoles,0.003625857998770,0.002979777009662,5.612080,94
Harvard500.txt,500,2636,0.850000,12,moyenne,14,251,0.000646080989108,complet,0.001761096780251,0.001115015791143,2.725814,94
Harvard500.txt,500,2636,0.850000,12,moyenne,14,251,0.000646080989108,anneau,0.002143089931560,0.001497008942452,3.317061,94
Harvard500.txt,500,2636,0.850000,12,faible,494,500,0.000300000000000,isoles,0.003281250000000,0.002981250000000,10.937500,94
Harvard500.txt,500,2636,0.850000,12,faible,494,500,0.000300000000000,complet,0.001420622051931,0.001120622051931,4.735407,94
Harvard500.txt,500,2636,0.850000,12,faible,494,500,0.000300000000000,anneau,0.001827456205474,0.001527456205474,6.091521,94
Harvard500.txt,500,2636,0.850000,13,forte,7,1,0.103639770584333,isoles,0.106924612078206,0.003284841493874,1.031695,94
Harvard500.txt,500,2636,0.850000,13,forte,7,1,0.103639770584333,complet,0.103124561071420,-0.000515209512913,0.995029,94
Harvard500.txt,500,2636,0.850000,13,forte,7,1,0.103639770584333,anneau,0.098417023791799,-0.005222746792534,0.949607,94
Harvard500.txt,500,2636,0.850000,13,moyenne,14,251,0.000646080989108,isoles,0.003867880173044,0.003221799183936,5.986680,94
Harvard500.txt,500,2636,0.850000,13,moyenne,14,251,0.000646080989108,complet,0.001786198425984,0.001140117436877,2.764666,94
Harvard500.txt,500,2636,0.850000,13,moyenne,14,251,0.000646080989108,anneau,0.002162165471016,0.001516084481908,3.346586,94
Harvard500.txt,500,2636,0.850000,13,faible,494,500,0.000300000000000,isoles,0.003523391812865,0.003223391812865,11.744639,94
Harvard500.txt,500,2636,0.850000,13,faible,494,500,0.000300000000000,complet,0.001446324143773,0.001146324143773,4.821080,94
Harvard500.txt,500,2636,0.850000,13,faible,494,500,0.000300000000000,anneau,0.001843726586826,0.001543726586826,6.145755,94
Harvard500.txt,500,2636,0.850000,14,forte,7,1,0.103639770584333,isoles,0.107170409855359,0.003530639271027,1.034066,94
Harvard500.txt,500,2636,0.850000,14,forte,7,1,0.103639770584333,complet,0.102970630473259,-0.000669140111073,0.993544,94
Harvard500.txt,500,2636,0.850000,14,forte,7,1,0.103639770584333,anneau,0.098058868562282,-0.005580902022051,0.946151,94
Harvard500.txt,500,2636,0.850000,14,moyenne,14,251,0.000646080989108,isoles,0.004108960626795,0.003462879637687,6.359823,94
Harvard500.txt,500,2636,0.850000,14,moyenne,14,251,0.000646080989108,complet,0.001808306223540,0.001162225234432,2.798885,94
Harvard500.txt,500,2636,0.850000,14,moyenne,14,251,0.000646080989108,anneau,0.002177458025358,0.001531377036250,3.370256,94
Harvard500.txt,500,2636,0.850000,14,faible,494,500,0.000300000000000,isoles,0.003764591439689,0.003464591439689,12.548638,94
Harvard500.txt,500,2636,0.850000,14,faible,494,500,0.000300000000000,complet,0.001469036470488,0.001169036470488,4.896788,94
Harvard500.txt,500,2636,0.850000,14,faible,494,500,0.000300000000000,anneau,0.001856669402711,0.001556669402711,6.188898,94
Harvard500.txt,500,2636,0.850000,15,forte,7,1,0.103639770584333,isoles,0.107415253078038,0.003775482493705,1.036429,94
Harvard500.txt,500,2636,0.850000,15,forte,7,1,0.103639770584333,complet,0.102812787002971,-0.000826983581361,0.992021,94
Harvard500.txt,500,2636,0.850000,15,forte,7,1,0.103639770584333,anneau,0.097727639265872,-0.005912131318460,0.942955,94
Harvard500.txt,500,2636,0.850000,15,moyenne,14,251,0.000646080989108,isoles,0.004349104845775,0.003703023856667,6.731517,94
Harvard500.txt,500,2636,0.850000,15,moyenne,14,251,0.000646080989108,complet,0.001827857209183,0.001181776220075,2.829146,94
Harvard500.txt,500,2636,0.850000,15,moyenne,14,251,0.000646080989108,anneau,0.002189610518569,0.001543529529461,3.389065,94
Harvard500.txt,500,2636,0.850000,15,faible,494,500,0.000300000000000,isoles,0.004004854368932,0.003704854368932,13.349515,94
Harvard500.txt,500,2636,0.850000,15,faible,494,500,0.000300000000000,complet,0.001489195114514,0.001189195114514,4.963984,94
Harvard500.txt,500,2636,0.850000,15,faible,494,500,0.000300000000000,anneau,0.001866879631684,0.001566879631684,6.222932,94
Harvard500.txt,500,2636,0.850000,16,forte,7,1,0.103639770584333,isoles,0.107659147295978,0.004019376711645,1.038782,94
Harvard500.txt,500,2636,0.850000,16,forte,7,1,0.103639770584333,complet,0.102651676752473,-0.000988093831860,0.990466,94
Harvard500.txt,500,2636,0.850000,16,forte,7,1,0.103639770584333,anneau,0.097419193154693,-0.006220577429640,0.939979,94
Harvard500.txt,500,2636,0.850000,16,moyenne,14,251,0.000646080989108,isoles,0.004588318273208,0.003942237284100,7.101770,94
Harvard500.txt,500,2636,0.850000,16,moyenne,14,251,0.000646080989108,complet,0.001845207717478,0.001199126728370,2.856001,94
Harvard500.txt,500,2636,0.850000,16,moyenne,14,251,0.000646080989108,anneau,0.002199148710841,0.001553067721733,3.403828,94
Harvard500.txt,500,2636,0.850000,16,faible,494,500,0.000300000000000,isoles,0.004244186046512,0.003944186046512,14.147287,94
Harvard500.txt,500,2636,0.850000,16,faible,494,500,0.000300000000000,complet,0.001507155635353,0.001207155635353,5.023852,94
Harvard500.txt,500,2636,0.850000,16,faible,494,500,0.000300000000000,anneau,0.001874835299110,0.001574835299110,6.249451,94
Harvard500.txt,500,2636,0.850000,17,forte,7,1,0.103639770584333,isoles,0.107902098015975,0.004262327431643,1.041126,94
Harvard500.txt,500,2636,0.850000,17,forte,7,1,0.103639770584333,complet,0.102487831026025,-0.001151939558308,0.988885,94
Harvard500.txt,500,2636,0.850000,17,forte,7,1,0.103639770584333,anneau,0.097130062485758,-0.006509708098575,0.937189,94
Harvard500.txt,500,2636,0.850000,17,moyenne,14,251,0.000646080989108,isoles,0.004826606310206,0.004180525321099,7.470590,94
Harvard500.txt,500,2636,0.850000,17,moyenne,14,251,0.000646080989108,complet,0.001860651183302,0.001214570194195,2.879904,94
Harvard500.txt,500,2636,0.850000,17,moyenne,14,251,0.000646080989108,anneau,0.002206504873512,0.001560423884405,3.415214,94
Harvard500.txt,500,2636,0.850000,17,faible,494,500,0.000300000000000,isoles,0.004482591876209,0.004182591876209,14.941973,94
Harvard500.txt,500,2636,0.850000,17,faible,494,500,0.000300000000000,complet,0.001523210832121,0.001223210832121,5.077369,94
Harvard500.txt,500,2636,0.850000,17,faible,494,500,0.000300000000000,anneau,0.001880923559686,0.001580923559686,6.269745,94
Harvard500.txt,500,2636,0.850000,18,forte,7,1,0.103639770584333,isoles,0.108144110702306,0.004504340117973,1.043462,94
Harvard500.txt,500,2636,0.850000,18,forte,7,1,0.103639770584333,complet,0.102321690598280,-0.001318079986053,0.987282,94
Harvard500.txt,500,2636,0.850000,18,forte,7,1,0.103639770584333,anneau,0.096857338594090,-0.006782431990243,0.934558,94
Harvard500.txt,500,2636,0.850000,18,moyenne,14,251,0.000646080989108,isoles,0.005063974316174,0.004417893327066,7.837987,94
Harvard500.txt,500,2636,0.850000,18,moyenne,14,251,0.000646080989108,complet,0.001874431430671,0.001228350441563,2.901233,94
Harvard500.txt,500,2636,0.850000,18,moyenne,14,251,0.000646080989108,anneau,0.002212036048081,0.001565955058973,3.423775,94
Harvard500.txt,500,2636,0.850000,18,faible,494,500,0.000300000000000,isoles,0.004720077220077,0.004420077220077,15.733591,94
Harvard500.txt,500,2636,0.850000,18,faible,494,500,0.000300000000000,complet,0.001537604002920,0.001237604002920,5.125347,94
Harvard500.txt,500,2636,0.850000,18,faible,494,500,0.000300000000000,anneau,0.001885460077427,0.001585460077427,6.284867,95
Harvard500.txt,500,2636,0.850000,19,forte,7,1,0.103639770584333,isoles,0.108385190777128,0.004745420192795,1.045788,94
Harvard500.txt,500,2636,0.850000,19,forte,7,1,0.103639770584333,complet,0.102153624071638,-0.001486146512695,0.985660,94
Harvard500.txt,500,2636,0.850000,19,forte,7,1,0.103639770584333,anneau,0.096598577474429,-0.007041193109903,0.932061,94
Harvard500.txt,500,2636,0.850000,19,moyenne,14,251,0.000646080989108,isoles,0.005300427609209,0.004654346620101,8.203968,94
Harvard500.txt,500,2636,0.850000,19,moyenne,14,251,0.000646080989108,complet,0.001886752729140,0.001240671740032,2.920304,94
Harvard500.txt,500,2636,0.850000,19,moyenne,14,251,0.000646080989108,anneau,0.002216038288453,0.001569957299345,3.429970,94
Harvard500.txt,500,2636,0.850000,19,faible,494,500,0.000300000000000,isoles,0.004956647398844,0.004656647398844,16.522158,94
Harvard500.txt,500,2636,0.850000,19,faible,494,500,0.000300000000000,complet,0.001550538978957,0.001250538978957,5.168463,94
Harvard500.txt,500,2636,0.850000,19,faible,494,500,0.000300000000000,anneau,0.001888703737046,0.001588703737046,6.295679,95
Harvard500.txt,500,2636,0.850000,20,forte,7,1,0.103639770584333,isoles,0.108625343620892,0.004985573036560,1.048105,94
Harvard500.txt,500,2636,0.850000,20,forte,7,1,0.103639770584333,complet,0.101983941942205,-0.001655828642127,0.984023,94
Harvard500.txt,500,2636,0.850000,20,forte,7,1,0.103639770584333,anneau,0.096351722452463,-0.007288048131870,0.929679,94
Harvard500.txt,500,2636,0.850000,20,moyenne,14,251,0.000646080989108,isoles,0.005535971466502,0.004889890477394,8.568541,94
Harvard500.txt,500,2636,0.850000,20,moyenne,14,251,0.000646080989108,complet,0.001897787499367,0.001251706510259,2.937383,94
Harvard500.txt,500,2636,0.850000,20,moyenne,14,251,0.000646080989108,anneau,0.002218757921413,0.001572676932306,3.434179,94
Harvard500.txt,500,2636,0.850000,20,faible,494,500,0.000300000000000,isoles,0.005192307692308,0.004892307692308,17.307692,94
Harvard500.txt,500,2636,0.850000,20,faible,494,500,0.000300000000000,complet,0.001562187813023,0.001262187813023,5.207293,94
Harvard500.txt,500,2636,0.850000,20,faible,494,500,0.000300000000000,anneau,0.001890867889513,0.001590867889513,6.302893,95
Harvard500.txt,500,2636,0.850000,21,forte,7,1,0.103639770584333,isoles,0.108864574572743,0.005224803988410,1.050413,94
Harvard500.txt,500,2636,0.850000,21,forte,7,1,0.103639770584333,complet,0.101812907500836,-0.001826863083497,0.982373,94
Harvard500.txt,500,2636,0.850000,21,forte,7,1,0.103639770584333,anneau,0.096115040551305,-0.007524730033027,0.927395,94
Harvard500.txt,500,2636,0.850000,21,moyenne,14,251,0.000646080989108,isoles,0.005770611124726,0.005124530135618,8.931715,94
Harvard500.txt,500,2636,0.850000,21,moyenne,14,251,0.000646080989108,complet,0.001907682284911,0.001261601295804,2.952698,94
Harvard500.txt,500,2636,0.850000,21,moyenne,14,251,0.000646080989108,anneau,0.002220400471478,0.001574319482370,3.436722,94
Harvard500.txt,500,2636,0.850000,21,faible,494,500,0.000300000000000,isoles,0.005427063339731,0.005127063339731,18.090211,93
Harvard500.txt,500,2636,0.850000,21,faible,494,500,0.000300000000000,complet,0.001572696738056,0.001272696738056,5.242322,94
Harvard500.txt,500,2636,0.850000,21,faible,494,500,0.000300000000000,anneau,0.001892129142404,0.001592129142404,6.307097,95
Harvard500.txt,500,2636,0.850000,22,forte,7,1,0.103639770584333,isoles,0.109102888930123,0.005463118345791,1.052713,93
Harvard500.txt,500,2636,0.850000,22,forte,7,1,0.103639770584333,complet,0.101640745370026,-0.001999025214306,0.980712,94
Harvard500.txt,500,2636,0.850000,22,forte,7,1,0.103639770584333,anneau,0.095887069901653,-0.007752700682680,0.925196,94
Harvard500.txt,500,2636,0.850000,22,moyenne,14,251,0.000646080989108,isoles,0.006004351780428,0.005358270791320,9.293497,94
Harvard500.txt,500,2636,0.850000,22,moyenne,14,251,0.000646080989108,complet,0.001916562428951,0.001270481439843,2.966443,94
Harvard500.txt,500,2636,0.850000,22,moyenne,14,251,0.000646080989108,anneau,0.002221137841880,0.001575056852772,3.437863,95
Harvard500.txt,500,2636,0.850000,22,faible,494,500,0.000300000000000,isoles,0.005660919540230,0.005360919540230,18.869732,93
Harvard500.txt,500,2636,0.850000,22,faible,494,500,0.000300000000000,complet,0.001582190833497,0.001282190833497,5.273969,94
Harvard500.txt,500,2636,0.850000,22,faible,494,500,0.000300000000000,anneau,0.001892634190684,0.001592634190684,6.308781,96
Harvard500.txt,500,2636,0.850000,23,forte,7,1,0.103639770584333,isoles,0.109340291952318,0.005700521367985,1.055003,93
Harvard500.txt,500,2636,0.850000,23,forte,7,1,0.103639770584333,complet,0.101467648253952,-0.002172122330381,0.979042,94
Harvard500.txt,500,2636,0.850000,23,forte,7,1,0.103639770584333,anneau,0.095666576128520,-0.007973194455812,0.923068,94
Harvard500.txt,500,2636,0.850000,23,moyenne,14,251,0.000646080989108,isoles,0.006237198590411,0.005591117601303,9.653896,94
Harvard500.txt,500,2636,0.850000,23,moyenne,14,251,0.000646080989108,complet,0.001924535772143,0.001278454783035,2.978784,94
Harvard500.txt,500,2636,0.850000,23,moyenne,14,251,0.000646080989108,anneau,0.002221114120376,0.001575033131268,3.437826,95
Harvard500.txt,500,2636,0.850000,23,faible,494,500,0.000300000000000,isoles,0.005893881453155,0.005593881453155,19.646272,93
Harvard500.txt,500,2636,0.850000,23,faible,494,500,0.000300000000000,complet,0.001590777714953,0.001290777714953,5.302592,94
Harvard500.txt,500,2636,0.850000,23,faible,494,500,0.000300000000000,anneau,0.001892505267228,0.001592505267228,6.308351,96
Harvard500.txt,500,2636,0.850000,24,forte,7,1,0.103639770584333,isoles,0.109576788856106,0.005937018271774,1.057285,93
Harvard500.txt,500,2636,0.850000,24,forte,7,1,0.103639770584333,complet,0.101293782323268,-0.002345988261064,0.977364,94
Harvard500.txt,500,2636,0.850000,24,forte,7,1,0.103639770584333,anneau,0.095452516058079,-0.008187254526254,0.921003,95
Harvard500.txt,500,2636,0.850000,24,moyenne,14,251,0.000646080989108,isoles,0.006469156672111,0.005823075683003,10.012919,94
Harvard500.txt,500,2636,0.850000,24,moyenne,14,251,0.000646080989108,complet,0.001931695602312,0.001285614613204,2.989866,95
Harvard500.txt,500,2636,0.850000,24,moyenne,14,251,0.000646080989108,anneau,0.002220450263420,0.001574369274313,3.436799,95
Harvard500.txt,500,2636,0.850000,24,faible,494,500,0.000300000000000,isoles,0.006125954198473,0.005825954198473,20.419847,93
Harvard500.txt,500,2636,0.850000,24,faible,494,500,0.000300000000000,complet,0.001598550477642,0.001298550477642,5.328502,94
Harvard500.txt,500,2636,0.850000,24,faible,494,500,0.000300000000000,anneau,0.001891844500181,0.001591844500181,6.306148,96
Harvard500.txt,500,2636,0.850000,25,forte,7,1,0.103639770584333,isoles,0.109812384819309,0.006172614234977,1.059558,93
Harvard500.txt,500,2636,0.850000,25,forte,7,1,0.103639770584333,complet,0.101119291546922,-0.002520479037410,0.975680,95
Harvard500.txt,500,2636,0.850000,25,forte,7,1,0.103639770584333,anneau,0.095244007430998,-0.008395763153335,0.918991,95
Harvard500.txt,500,2636,0.850000,25,moyenne,14,251,0.000646080989108,isoles,0.006700231103976,0.006054150114868,10.370575,94
Harvard500.txt,500,2636,0.850000,25,moyenne,14,251,0.000646080989108,complet,0.001938123028406,0.001292042039298,2.999814,95
Harvard500.txt,500,2636,0.850000,25,moyenne,14,251,0.000646080989108,anneau,0.002219248009020,0.001573167019912,3.434938,95
Harvard500.txt,500,2636,0.850000,25,faible,494,500,0.000300000000000,isoles,0.006357142857143,0.006057142857143,21.190476,93
Harvard500.txt,500,2636,0.850000,25,faible,494,500,0.000300000000000,complet,0.001605590063607,0.001305590063607,5.351967,95
Harvard500.txt,500,2636,0.850000,25,faible,494,500,0.000300000000000,anneau,0.001890737367337,0.001590737367337,6.302458,96
Harvard500.txt,500,2636,0.850000,26,forte,7,1,0.103639770584333,isoles,0.110047084980371,0.006407314396038,1.061823,93
Harvard500.txt,500,2636,0.850000,26,forte,7,1,0.103639770584333,complet,0.100944301200219,-0.002695469384114,0.973992,95
Harvard500.txt,500,2636,0.850000,26,forte,7,1,0.103639770584333,anneau,0.095040303586037,-0.008599466998296,0.917025,95
Harvard500.txt,500,2636,0.850000,26,moyenne,14,251,0.000646080989108,isoles,0.006930426925832,0.006284345936724,10.726870,93
Harvard500.txt,500,2636,0.850000,26,moyenne,14,251,0.000646080989108,complet,0.001943888902050,0.001297807912942,3.008739,95
Harvard500.txt,500,2636,0.850000,26,moyenne,14,251,0.000646080989108,anneau,0.002217593005002,0.001571512015894,3.432376,95
Harvard500.txt,500,2636,0.850000,26,faible,494,500,0.000300000000000,isoles,0.006587452471483,0.006287452471483,21.958175,93
Harvard500.txt,500,2636,0.850000,26,faible,494,500,0.000300000000000,complet,0.001611967181989,0.001311967181989,5.373224,95
Harvard500.txt,500,2636,0.850000,26,faible,494,500,0.000300000000000,anneau,0.001889255615292,0.001589255615292,6.297519,96
Harvard500.txt,500,2636,0.850000,27,forte,7,1,0.103639770584333,isoles,0.110280894438734,0.006641123854401,1.064079,93
Harvard500.txt,500,2636,0.850000,27,forte,7,1,0.103639770584333,complet,0.100768920734043,-0.002870849850289,0.972300,95
Harvard500.txt,500,2636,0.850000,27,forte,7,1,0.103639770584333,anneau,0.094840772230292,-0.008798998354041,0.915100,95
Harvard500.txt,500,2636,0.850000,27,moyenne,14,251,0.000646080989108,isoles,0.007159749139258,0.006513668150150,11.081814,93
Harvard500.txt,500,2636,0.850000,27,moyenne,14,251,0.000646080989108,complet,0.001949055388600,0.001302974399492,3.016735,95
Harvard500.txt,500,2636,0.850000,27,moyenne,14,251,0.000646080989108,anneau,0.002215557440941,0.001569476451833,3.429226,95
Harvard500.txt,500,2636,0.850000,27,faible,494,500,0.000300000000000,isoles,0.006816888045541,0.006516888045541,22.722960,93
Harvard500.txt,500,2636,0.850000,27,faible,494,500,0.000300000000000,complet,0.001617743873611,0.001317743873611,5.392480,95
Harvard500.txt,500,2636,0.850000,27,faible,494,500,0.000300000000000,anneau,0.001887459513040,0.001587459513040,6.291532,96
Harvard500.txt,500,2636,0.850000,28,forte,7,1,0.103639770584333,isoles,0.110513818255209,0.006874047670877,1.066326,93
Harvard500.txt,500,2636,0.850000,28,forte,7,1,0.103639770584333,complet,0.100593246127411,-0.003046524456922,0.970605,95
Harvard500.txt,500,2636,0.850000,28,forte,7,1,0.103639770584333,anneau,0.094644877623237,-0.008994892961096,0.913210,96
Harvard500.txt,500,2636,0.850000,28,moyenne,14,251,0.000646080989108,isoles,0.007388202707936,0.006742121718828,11.435413,93
Harvard500.txt,500,2636,0.850000,28,moyenne,14,251,0.000646080989108,complet,0.001953677257062,0.001307596267955,3.023889,95
Harvard500.txt,500,2636,0.850000,28,moyenne,14,251,0.000646080989108,anneau,0.002213202218014,0.001567121228906,3.425580,96
Harvard500.txt,500,2636,0.850000,28,faible,494,500,0.000300000000000,isoles,0.007045454545455,0.006745454545455,23.484848,93
Harvard500.txt,500,2636,0.850000,28,faible,494,500,0.000300000000000,complet,0.001622974799539,0.001322974799539,5.409916,95
Harvard500.txt,500,2636,0.850000,28,faible,494,500,0.000300000000000,anneau,0.001885399771173,0.001585399771173,6.284666,96
Harvard500.txt,500,2636,0.850000,29,forte,7,1,0.103639770584333,isoles,0.110745861452341,0.007106090868008,1.068565,93
Harvard500.txt,500,2636,0.850000,29,forte,7,1,0.103639770584333,complet,0.100417361835306,-0.003222408749026,0.968908,95
Harvard500.txt,500,2636,0.850000,29,forte,7,1,0.103639770584333,anneau,0.094452165589491,-0.009187604994842,0.911351,97
Harvard500.txt,500,2636,0.850000,29,moyenne,14,251,0.000646080989108,isoles,0.007615792558018,0.006969711568910,11.787675,93
Harvard500.txt,500,2636,0.850000,29,moyenne,14,251,0.000646080989108,complet,0.001957802946966,0.001311721957858,3.030275,95
Harvard500.txt,500,2636,0.850000,29,moyenne,14,251,0.000646080989108,anneau,0.002210578753444,0.001564497764337,3.421520,96
Harvard500.txt,500,2636,0.850000,29,faible,494,500,0.000300000000000,isoles,0.007273156899811,0.006973156899811,24.243856,93
Harvard500.txt,500,2636,0.850000,29,faible,494,500,0.000300000000000,complet,0.001627708305289,0.001327708305289,5.425694,95
Harvard500.txt,500,2636,0.850000,29,faible,494,500,0.000300000000000,anneau,0.001883119106878,0.001583119106878,6.277064,96
Harvard500.txt,500,2636,0.850000,30,forte,7,1,0.103639770584333,isoles,0.110977029014766,0.007337258430433,1.070796,93
Harvard500.txt,500,2636,0.850000,30,forte,7,1,0.103639770584333,complet,0.100241342408327,-0.003398428176006,0.967209,95
Harvard500.txt,500,2636,0.850000,30,forte,7,1,0.103639770584333,anneau,0.094262250910044,-0.009377519674289,0.909518,98
Harvard500.txt,500,2636,0.850000,30,moyenne,14,251,0.000646080989108,isoles,0.007842523578477,0.007196442589369,12.138608,93
Harvard500.txt,500,2636,0.850000,30,moyenne,14,251,0.000646080989108,complet,0.001961475455335,0.001315394466227,3.035959,96
Harvard500.txt,500,2636,0.850000,30,moyenne,14,251,0.000646080989108,anneau,0.002207730484881,0.001561649495773,3.417111,97
Harvard500.txt,500,2636,0.850000,30,faible,494,500,0.000300000000000,isoles,0.007500000000000,0.007200000000000,25.000000,93
Harvard500.txt,500,2636,0.850000,30,faible,494,500,0.000300000000000,complet,0.001631987306268,0.001331987306268,5.439958,95
Harvard500.txt,500,2636,0.850000,30,faible,494,500,0.000300000000000,anneau,0.001880653538758,0.001580653538758,6.268845,97
Harvard500.txt,500,2636,0.850000,31,forte,7,1,0.103639770584333,isoles,0.111207325889574,0.007567555305241,1.073018,93
Harvard500.txt,500,2636,0.850000,31,forte,7,1,0.103639770584333,complet,0.100065253848127,-0.003574516736206,0.965510,96
Harvard500.txt,500,2636,0.850000,31,forte,7,1,0.103639770584333,anneau,0.094074806691929,-0.009564963892404,0.907710,99
Harvard500.txt,500,2636,0.850000,31,moyenne,14,251,0.000646080989108,isoles,0.008068400621458,0.007422319632350,12.488219,93
Harvard500.txt,500,2636,0.850000,31,moyenne,14,251,0.000646080989108,complet,0.001964733080575,0.001318652091467,3.041001,96
Harvard500.txt,500,2636,0.850000,31,moyenne,14,251,0.000646080989108,anneau,0.002204694127180,0.001558613138073,3.412411,98
Harvard500.txt,500,2636,0.850000,31,faible,494,500,0.000300000000000,isoles,0.007725988700565,0.007425988700565,25.753296,93
Harvard500.txt,500,2636,0.850000,31,faible,494,500,0.000300000000000,complet,0.001635850027845,0.001335850027845,5.452833,96
Harvard500.txt,500,2636,0.850000,31,faible,494,500,0.000300000000000,anneau,0.001878033461845,0.001578033461845,6.260112,98
Harvard500.txt,500,2636,0.850000,32,forte,7,1,0.103639770584333,isoles,0.111436756986657,0.007796986402324,1.075232,93
Harvard500.txt,500,2636,0.850000,32,forte,7,1,0.103639770584333,complet,0.099889154742711,-0.003750615841622,0.963811,96
Harvard500.txt,500,2636,0.850000,32,forte,7,1,0.103639770584333,anneau,0.093889555400823,-0.009750215183509,0.905922,99
Harvard500.txt,500,2636,0.850000,32,moyenne,14,251,0.000646080989108,isoles,0.008293428502623,0.007647347513515,12.836515,93
Harvard500.txt,500,2636,0.850000,32,moyenne,14,251,0.000646080989108,complet,0.001967610043935,0.001321529054828,3.045454,96
Harvard500.txt,500,2636,0.850000,32,moyenne,14,251,0.000646080989108,anneau,0.002201500742900,0.001555419753792,3.407469,98
Harvard500.txt,500,2636,0.850000,32,faible,494,500,0.000300000000000,isoles,0.007951127819549,0.007651127819549,26.503759,93
Harvard500.txt,500,2636,0.850000,32,faible,494,500,0.000300000000000,complet,0.001639330629775,0.001339330629775,5.464435,96
Harvard500.txt,500,2636,0.850000,32,faible,494,500,0.000300000000000,anneau,0.001875284567049,0.001575284567049,6.250949,98
Harvard500.txt,500,2636,0.850000,33,forte,7,1,0.103639770584333,isoles,0.111665327179060,0.008025556594728,1.077437,93
Harvard500.txt,500,2636,0.850000,33,forte,7,1,0.103639770584333,complet,0.099713097233505,-0.003926673350828,0.962112,96
Harvard500.txt,500,2636,0.850000,33,forte,7,1,0.103639770584333,anneau,0.093706261271084,-0.009933509313249,0.904153,99
Harvard500.txt,500,2636,0.850000,33,moyenne,14,251,0.000646080989108,isoles,0.008517612001495,0.007871531012387,13.183505,93
Harvard500.txt,500,2636,0.850000,33,moyenne,14,251,0.000646080989108,complet,0.001970137018284,0.001324056029176,3.049365,96
Harvard500.txt,500,2636,0.850000,33,moyenne,14,251,0.000646080989108,anneau,0.002198176563320,0.001552095574212,3.402324,98
Harvard500.txt,500,2636,0.850000,33,faible,494,500,0.000300000000000,isoles,0.008175422138837,0.007875422138837,27.251407,93
Harvard500.txt,500,2636,0.850000,33,faible,494,500,0.000300000000000,complet,0.001642459729461,0.001342459729461,5.474866,96
Harvard500.txt,500,2636,0.850000,33,faible,494,500,0.000300000000000,anneau,0.001872428482592,0.001572428482592,6.241428,98
Harvard500.txt,500,2636,0.850000,34,forte,7,1,0.103639770584333,isoles,0.111893041303327,0.008253270718995,1.079634,93
Harvard500.txt,500,2636,0.850000,34,forte,7,1,0.103639770584333,complet,0.099537127828503,-0.004102642755830,0.960414,96
Harvard500.txt,500,2636,0.850000,34,forte,7,1,0.103639770584333,anneau,0.093524723917830,-0.010115046666503,0.902402,100
Harvard500.txt,500,2636,0.850000,34,moyenne,14,251,0.000646080989108,isoles,0.008740955861794,0.008094874872687,13.529195,93
Harvard500.txt,500,2636,0.850000,34,moyenne,14,251,0.000646080989108,complet,0.001972341575113,0.001326260586005,3.052778,96
Harvard500.txt,500,2636,0.850000,34,moyenne,14,251,0.000646080989108,anneau,0.002194743831865,0.001548662842757,3.397010,98
Harvard500.txt,500,2636,0.850000,34,faible,494,500,0.000300000000000,isoles,0.008398876404494,0.008098876404494,27.996255,93
Harvard500.txt,500,2636,0.850000,34,faible,494,500,0.000300000000000,complet,0.001645264850142,0.001345264850142,5.484216,96
Harvard500.txt,500,2636,0.850000,34,faible,494,500,0.000300000000000,anneau,0.001869483576385,0.001569483576385,6.231612,98
Harvard500.txt,500,2636,0.850000,35,forte,7,1,0.103639770584333,isoles,0.112119904159840,0.008480133575507,1.081823,93
Harvard500.txt,500,2636,0.850000,35,forte,7,1,0.103639770584333,complet,0.099361288099026,-0.004278482485307,0.958718,96
Harvard500.txt,500,2636,0.850000,35,forte,7,1,0.103639770584333,anneau,0.093344772939944,-0.010294997644389,0.900666,100
Harvard500.txt,500,2636,0.850000,35,moyenne,14,251,0.000646080989108,isoles,0.008963464791775,0.008317383802667,13.873593,93
Harvard500.txt,500,2636,0.850000,35,moyenne,14,251,0.000646080989108,complet,0.001974248565928,0.001328167576820,3.055729,96
Harvard500.txt,500,2636,0.850000,35,moyenne,14,251,0.000646080989108,anneau,0.002191221355617,0.001545140366509,3.391558,98
Harvard500.txt,500,2636,0.850000,35,faible,494,500,0.000300000000000,isoles,0.008621495327103,0.008321495327103,28.738318,93
Harvard500.txt,500,2636,0.850000,35,faible,494,500,0.000300000000000,complet,0.001647770801002,0.001347770801002,5.492569,96
Harvard500.txt,500,2636,0.850000,35,faible,494,500,0.000300000000000,anneau,0.001866465347153,0.001566465347153,6.221551,98
Harvard500.txt,500,2636,0.850000,36,forte,7,1,0.103639770584333,isoles,0.112345920513157,0.008706149928824,1.084004,93
Harvard500.txt,500,2636,0.850000,36,forte,7,1,0.103639770584333,complet,0.099185615275422,-0.004454155308911,0.957023,96
Harvard500.txt,500,2636,0.850000,36,forte,7,1,0.103639770584333,anneau,0.093166263327653,-0.010473507256679,0.898943,100
Harvard500.txt,500,2636,0.850000,36,moyenne,14,251,0.000646080989108,isoles,0.009185143464554,0.008539062475446,14.216706,93
Harvard500.txt,500,2636,0.850000,36,moyenne,14,251,0.000646080989108,complet,0.001975880448216,0.001329799459108,3.058255,97
Harvard500.txt,500,2636,0.850000,36,moyenne,14,251,0.000646080989108,anneau,0.002187625053930,0.001541544064822,3.385992,98
Harvard500.txt,500,2636,0.850000,36,faible,494,500,0.000300000000000,isoles,0.008843283582090,0.008543283582090,29.477612,93
Harvard500.txt,500,2636,0.850000,36,faible,494,500,0.000300000000000,complet,0.001650000002926,0.001350000002926,5.500000,96
Harvard500.txt,500,2636,0.850000,36,faible,494,500,0.000300000000000,anneau,0.001863386904148,0.001563386904148,6.211290,98
Harvard500.txt,500,2636,0.850000,37,forte,7,1,0.103639770584333,isoles,0.112571095092346,0.008931324508013,1.086177,93
Harvard500.txt,500,2636,0.850000,37,forte,7,1,0.103639770584333,complet,0.099010142760184,-0.004629627824149,0.955330,97
Harvard500.txt,500,2636,0.850000,37,forte,7,1,0.103639770584333,anneau,0.092989071596031,-0.010650698988301,0.897233,100
Harvard500.txt,500,2636,0.850000,37,moyenne,14,251,0.000646080989108,isoles,0.009405996518440,0.008759915529332,14.558541,93
Harvard500.txt,500,2636,0.850000,37,moyenne,14,251,0.000646080989108,complet,0.001977257568008,0.001331176578900,3.060387,97
Harvard500.txt,500,2636,0.850000,37,moyenne,14,251,0.000646080989108,anneau,0.002183968402943,0.001537887413835,3.380332,98
Harvard500.txt,500,2636,0.850000,37,faible,494,500,0.000300000000000,isoles,0.009064245810056,0.008764245810056,30.214153,93
Harvard500.txt,500,2636,0.850000,37,faible,494,500,0.000300000000000,complet,0.001651972767902,0.001351972767902,5.506576,97
Harvard500.txt,500,2636,0.850000,37,faible,494,500,0.000300000000000,anneau,0.001860259337567,0.001560259337567,6.200864,98
Harvard500.txt,500,2636,0.850000,38,forte,7,1,0.103639770584333,isoles,0.112795432591315,0.009155662006982,1.088341,93
Harvard500.txt,500,2636,0.850000,38,forte,7,1,0.103639770584333,complet,0.098834900564650,-0.004804870019682,0.953639,97
Harvard500.txt,500,2636,0.850000,38,forte,7,1,0.103639770584333,anneau,0.092813092505730,-0.010826678078603,0.895535,100
Harvard500.txt,500,2636,0.850000,38,moyenne,14,251,0.000646080989108,isoles,0.009626028557256,0.008979947568148,14.899105,93
Harvard500.txt,500,2636,0.850000,38,moyenne,14,251,0.000646080989108,complet,0.001978398398918,0.001332317409810,3.062152,97
Harvard500.txt,500,2636,0.850000,38,moyenne,14,251,0.000646080989108,anneau,0.002180262810877,0.001534181821769,3.374597,98
Harvard500.txt,500,2636,0.850000,38,faible,494,500,0.000300000000000,isoles,0.009284386617100,0.008984386617100,30.947955,93
Harvard500.txt,500,2636,0.850000,38,faible,494,500,0.000300000000000,complet,0.001653707542597,0.001353707542597,5.512358,97
Harvard500.txt,500,2636,0.850000,38,faible,494,500,0.000300000000000,anneau,0.001857092030567,0.001557092030567,6.190307,98
Harvard500.txt,500,2636,0.850000,39,forte,7,1,0.103639770584333,isoles,0.113018937669138,0.009379167084805,1.090498,93
Harvard500.txt,500,2636,0.850000,39,forte,7,1,0.103639770584333,complet,0.098659915698278,-0.004979854886054,0.951950,97
Harvard500.txt,500,2636,0.850000,39,forte,7,1,0.103639770584333,anneau,0.092638236287028,-0.011001534297304,0.893848,100
Harvard500.txt,500,2636,0.850000,39,moyenne,14,251,0.000646080989108,isoles,0.009845244150658,0.009199163161551,15.238406,93
Harvard500.txt,500,2636,0.850000,39,moyenne,14,251,0.000646080989108,complet,0.001979319753600,0.001333238764492,3.063578,97
Harvard500.txt,500,2636,0.850000,39,moyenne,14,251,0.000646080989108,anneau,0.002176517935094,0.001530436945986,3.368800,98
Harvard500.txt,500,2636,0.850000,39,faible,494,500,0.000300000000000,isoles,0.009503710575139,0.009203710575139,31.679035,93
Harvard500.txt,500,2636,0.850000,39,faible,494,500,0.000300000000000,complet,0.001655221114281,0.001355221114281,5.517404,97
Harvard500.txt,500,2636,0.850000,39,faible,494,500,0.000300000000000,anneau,0.001853892922352,0.001553892922352,6.179643,98
Harvard500.txt,500,2636,0.850000,40,forte,7,1,0.103639770584333,isoles,0.113241614950376,0.009601844366043,1.092646,93
Harvard500.txt,500,2636,0.850000,40,forte,7,1,0.103639770584333,complet,0.098485212495934,-0.005154558088398,0.950265,97
Harvard500.txt,500,2636,0.850000,40,forte,7,1,0.103639770584333,anneau,0.092464426289764,-0.011175344294568,0.892171,101
Harvard500.txt,500,2636,0.850000,40,moyenne,14,251,0.000646080989108,isoles,0.010063647834456,0.009417566845348,15.576449,93
Harvard500.txt,500,2636,0.850000,40,moyenne,14,251,0.000646080989108,complet,0.001980036965237,0.001333955976129,3.064688,97
Harvard500.txt,500,2636,0.850000,40,moyenne,14,251,0.000646080989108,anneau,0.002172741950142,0.001526660961035,3.362956,98
Harvard500.txt,500,2636,0.850000,40,faible,494,500,0.000300000000000,isoles,0.009722222222222,0.009422222222222,32.407407,93
Harvard500.txt,500,2636,0.850000,40,faible,494,500,0.000300000000000,complet,0.001656528794445,0.001356528794445,5.521763,97
Harvard500.txt,500,2636,0.850000,40,faible,494,500,0.000300000000000,anneau,0.001850668730212,0.001550668730212,6.168896,98
Harvard500.txt,500,2636,0.850000,41,forte,7,1,0.103639770584333,isoles,0.113463469025398,0.009823698441066,1.094787,93
Harvard500.txt,500,2636,0.850000,41,forte,7,1,0.103639770584333,complet,0.098310812908259,-0.005328957676073,0.948582,97
Harvard500.txt,500,2636,0.850000,41,forte,7,1,0.103639770584333,anneau,0.092291596986236,-0.011348173598097,0.890504,101
Harvard500.txt,500,2636,0.850000,41,moyenne,14,251,0.000646080989108,isoles,0.010281244110920,0.009635163121812,15.913244,93
Harvard500.txt,500,2636,0.850000,41,moyenne,14,251,0.000646080989108,complet,0.001980564046119,0.001334483057011,3.065504,97
Harvard500.txt,500,2636,0.850000,41,moyenne,14,251,0.000646080989108,anneau,0.002168941774458,0.001522860785350,3.357074,98
Harvard500.txt,500,2636,0.850000,41,faible,494,500,0.000300000000000,isoles,0.009939926062847,0.009639926062847,33.133087,93
Harvard500.txt,500,2636,0.850000,41,faible,494,500,0.000300000000000,complet,0.001657644576528,0.001357644576528,5.525482,97
Harvard500.txt,500,2636,0.850000,41,faible,494,500,0.000300000000000,anneau,0.001847425137049,0.001547425137049,6.158084,98
Harvard500.txt,500,2636,0.850000,42,forte,7,1,0.103639770584333,isoles,0.113684504450698,0.010044733866365,1.096920,93
Harvard500.txt,500,2636,0.850000,42,forte,7,1,0.103639770584333,complet,0.098136736754456,-0.005503033829876,0.946902,97
Harvard500.txt,500,2636,0.850000,42,forte,7,1,0.103639770584333,anneau,0.092119692289637,-0.011520078294696,0.888845,101
Harvard500.txt,500,2636,0.850000,42,moyenne,14,251,0.000646080989108,isoles,0.010498037449094,0.009851956459986,16.248795,93
Harvard500.txt,500,2636,0.850000,42,moyenne,14,251,0.000646080989108,complet,0.001980913825734,0.001334832836627,3.066046,98
Harvard500.txt,500,2636,0.850000,42,moyenne,14,251,0.000646080989108,anneau,0.002165123262203,0.001519042273095,3.351164,98
Harvard500.txt,500,2636,0.850000,42,faible,494,500,0.000300000000000,isoles,0.010156826568266,0.009856826568266,33.856089,93
Harvard500.txt,500,2636,0.850000,42,faible,494,500,0.000300000000000,complet,0.001658581274218,0.001358581274218,5.528604,97
Harvard500.txt,500,2636,0.850000,42,faible,494,500,0.000300000000000,anneau,0.001844166949861,0.001544166949861,6.147223,98
Harvard500.txt,500,2636,0.850000,43,forte,7,1,0.103639770584333,isoles,0.113904725749201,0.010264955164868,1.099045,93
Harvard500.txt,500,2636,0.850000,43,forte,7,1,0.103639770584333,complet,0.097963001943884,-0.005676768640449,0.945226,97
Harvard500.txt,500,2636,0.850000,43,forte,7,1,0.103639770584333,anneau,0.091948664119046,-0.011691106465286,0.887195,101
Harvard500.txt,500,2636,0.850000,43,moyenne,14,251,0.000646080989108,isoles,0.010714032285102,0.010067951295994,16.583110,93
Harvard500.txt,500,2636,0.850000,43,moyenne,14,251,0.000646080989108,complet,0.001981098074375,0.001335017085267,3.066331,98
Harvard500.txt,500,2636,0.850000,43,moyenne,14,251,0.000646080989108,anneau,0.002161291365656,0.001515210376548,3.345233,98
Harvard500.txt,500,2636,0.850000,43,faible,494,500,0.000300000000000,isoles,0.010372928176796,0.010072928176796,34.576427,93
Harvard500.txt,500,2636,0.850000,43,faible,494,500,0.000300000000000,complet,0.001659350642171,0.001359350642171,5.531169,98
Harvard500.txt,500,2636,0.850000,43,faible,494,500,0.000300000000000,anneau,0.001840898233762,0.001540898233762,6.136327,98
Harvard500.txt,500,2636,0.850000,44,forte,7,1,0.103639770584333,isoles,0.114124137410577,0.010484366826244,1.101162,93
Harvard500.txt,500,2636,0.850000,44,forte,7,1,0.103639770584333,complet,0.097789624672482,-0.005850145911850,0.943553,98
Harvard500.txt,500,2636,0.850000,44,forte,7,1,0.103639770584333,anneau,0.091778471187229,-0.011861299397104,0.885553,101
Harvard500.txt,500,2636,0.850000,44,moyenne,14,251,0.000646080989108,isoles,0.010929233022448,0.010283152033340,16.916197,93
Harvard500.txt,500,2636,0.850000,44,moyenne,14,251,0.000646080989108,complet,0.001981127606880,0.001335046617772,3.066377,98
Harvard500.txt,500,2636,0.850000,44,moyenne,14,251,0.000646080989108,anneau,0.002157450272720,0.001511369283612,3.339288,98
Harvard500.txt,500,2636,0.850000,44,faible,494,500,0.000300000000000,isoles,0.010588235294118,0.010288235294118,35.294118,93
Harvard500.txt,500,2636,0.850000,44,faible,494,500,0.000300000000000,complet,0.001659963484768,0.001359963484768,5.533212,98
Harvard500.txt,500,2636,0.850000,44,faible,494,500,0.000300000000000,anneau,0.001837622425359,0.001537622425359,6.125408,98
Harvard500.txt,500,2636,0.850000,45,forte,7,1,0.103639770584333,isoles,0.114342743891544,0.010702973307211,1.103271,93
Harvard500.txt,500,2636,0.850000,45,forte,7,1,0.103639770584333,complet,0.097616619588046,-0.006023150996287,0.941884,98
Harvard500.txt,500,2636,0.850000,45,forte,7,1,0.103639770584333,anneau,0.091609077977591,-0.012030692606742,0.883918,102
Harvard500.txt,500,2636,0.850000,45,moyenne,14,251,0.000646080989108,isoles,0.011143644032317,0.010497563043210,17.248061,93
Harvard500.txt,500,2636,0.850000,45,moyenne,14,251,0.000646080989108,complet,0.001981012378878,0.001334931389771,3.066198,98
Harvard500.txt,500,2636,0.850000,45,moyenne,14,251,0.000646080989108,anneau,0.002153603523287,0.001507522534179,3.333334,99
Harvard500.txt,500,2636,0.850000,45,faible,494,500,0.000300000000000,isoles,0.010802752293578,0.010502752293578,36.009174,93
Harvard500.txt,500,2636,0.850000,45,faible,494,500,0.000300000000000,complet,0.001660429746894,0.001360429746894,5.534766,98
Harvard500.txt,500,2636,0.850000,45,faible,494,500,0.000300000000000,anneau,0.001834342428714,0.001534342428714,6.114475,98
Harvard500.txt,500,2636,0.850000,46,forte,7,1,0.103639770584333,isoles,0.114560549616171,0.010920779031838,1.105372,93
Harvard500.txt,500,2636,0.850000,46,forte,7,1,0.103639770584333,complet,0.097443999951462,-0.006195770632870,0.940218,98
Harvard500.txt,500,2636,0.850000,46,forte,7,1,0.103639770584333,anneau,0.091440453853087,-0.012199316731246,0.882291,103
Harvard500.txt,500,2636,0.850000,46,moyenne,14,251,0.000646080989108,isoles,0.011357269653872,0.010711188664765,17.578709,93
Harvard500.txt,500,2636,0.850000,46,moyenne,14,251,0.000646080989108,complet,0.001980761569530,0.001334680580423,3.065810,98
Harvard500.txt,500,2636,0.850000,46,moyenne,14,251,0.000646080989108,anneau,0.002149754107974,0.001503673118866,3.327376,99
Harvard500.txt,500,2636,0.850000,46,faible,494,500,0.000300000000000,isoles,0.011016483516484,0.010716483516484,36.721612,93
Harvard500.txt,500,2636,0.850000,46,faible,494,500,0.000300000000000,complet,0.001660758599127,0.001360758599127,5.535862,98
Harvard500.txt,500,2636,0.850000,46,faible,494,500,0.000300000000000,anneau,0.001831060696583,0.001531060696583,6.103536,99
Harvard500.txt,500,2636,0.850000,47,forte,7,1,0.103639770584333,isoles,0.114777558976173,0.011137788391841,1.107466,93
Harvard500.txt,500,2636,0.850000,47,forte,7,1,0.103639770584333,complet,0.097271777764889,-0.006367992819443,0.938556,98
Harvard500.txt,500,2636,0.850000,47,forte,7,1,0.103639770584333,anneau,0.091272572352410,-0.012367198231923,0.880671,104
Harvard500.txt,500,2636,0.850000,47,moyenne,14,251,0.000646080989108,isoles,0.011570114194544,0.010924033205436,17.908148,93
Harvard500.txt,500,2636,0.850000,47,moyenne,14,251,0.000646080989108,complet,0.001980383655294,0.001334302666187,3.065225,98
Harvard500.txt,500,2636,0.850000,47,moyenne,14,251,0.000646080989108,anneau,0.002145904553033,0.001499823563925,3.321417,100
Harvard500.txt,500,2636,0.850000,47,faible,494,500,0.000300000000000,isoles,0.011229433272395,0.010929433272395,37.431444,93
Harvard500.txt,500,2636,0.850000,47,faible,494,500,0.000300000000000,complet,0.001660958510814,0.001360958510814,5.536528,98
Harvard500.txt,500,2636,0.850000,47,faible,494,500,0.000300000000000,anneau,0.001827779299227,0.001527779299227,6.092598,100
Harvard500.txt,500,2636,0.850000,48,forte,7,1,0.103639770584333,isoles,0.114993776331212,0.011354005746880,1.109553,93
Harvard500.txt,500,2636,0.850000,48,forte,7,1,0.103639770584333,complet,0.097099963892664,-0.006539806691668,0.936899,98
Harvard500.txt,500,2636,0.850000,48,forte,7,1,0.103639770584333,anneau,0.091105410516615,-0.012534360067718,0.879058,106
Harvard500.txt,500,2636,0.850000,48,moyenne,14,251,0.000646080989108,isoles,0.011782181930323,0.011136100941215,18.236385,93
Harvard500.txt,500,2636,0.850000,48,moyenne,14,251,0.000646080989108,complet,0.001979886475445,0.001333805486338,3.064456,98
Harvard500.txt,500,2636,0.850000,48,moyenne,14,251,0.000646080989108,anneau,0.002142056986619,0.001495975997511,3.315462,101
Harvard500.txt,500,2636,0.850000,48,faible,494,500,0.000300000000000,isoles,0.011441605839416,0.011141605839416,38.138686,93
Harvard500.txt,500,2636,0.850000,48,faible,494,500,0.000300000000000,complet,0.001661037315445,0.001361037315445,5.536791,98
Harvard500.txt,500,2636,0.850000,48,faible,494,500,0.000300000000000,anneau,0.001824499982696,0.001524499982696,6.081667,100
Harvard500.txt,500,2636,0.850000,49,forte,7,1,0.103639770584333,isoles,0.115209206009184,0.011569435424852,1.111631,93
Harvard500.txt,500,2636,0.850000,49,forte,7,1,0.103639770584333,complet,0.096928568167547,-0.006711202416786,0.935245,98
Harvard500.txt,500,2636,0.850000,49,forte,7,1,0.103639770584333,anneau,0.090938948393160,-0.012700822191172,0.877452,107
Harvard500.txt,500,2636,0.850000,49,moyenne,14,251,0.000646080989108,isoles,0.011993477106044,0.011347396116937,18.563427,93
Harvard500.txt,500,2636,0.850000,49,moyenne,14,251,0.000646080989108,complet,0.001979277289887,0.001333196300780,3.063513,99
Harvard500.txt,500,2636,0.850000,49,moyenne,14,251,0.000646080989108,anneau,0.002138213205342,0.001492132216234,3.309513,102
Harvard500.txt,500,2636,0.850000,49,faible,494,500,0.000300000000000,isoles,0.011653005464481,0.011353005464481,38.843352,93
Harvard500.txt,500,2636,0.850000,49,faible,494,500,0.000300000000000,complet,0.001661002268854,0.001361002268854,5.536674,98
Harvard500.txt,500,2636,0.850000,49,faible,494,500,0.000300000000000,anneau,0.001821224218213,0.001521224218213,6.070747,101
Harvard500.txt,500,2636,0.850000,50,forte,7,1,0.103639770584333,isoles,0.115423852306509,0.011784081722176,1.113702,93
Harvard500.txt,500,2636,0.850000,50,forte,7,1,0.103639770584333,complet,0.096757599485489,-0.006882171098844,0.933595,98
Harvard500.txt,500,2636,0.850000,50,forte,7,1,0.103639770584333,anneau,0.090773168594976,-0.012866601989357,0.875853,108
Harvard500.txt,500,2636,0.850000,50,moyenne,14,251,0.000646080989108,isoles,0.012204003935672,0.011557922946564,18.889279,93
Harvard500.txt,500,2636,0.850000,50,moyenne,14,251,0.000646080989108,complet,0.001978562833246,0.001332481844138,3.062407,99
Harvard500.txt,500,2636,0.850000,50,moyenne,14,251,0.000646080989108,anneau,0.002134374720133,0.001488293731025,3.303571,102
Harvard500.txt,500,2636,0.850000,50,faible,494,500,0.000300000000000,isoles,0.011863636363636,0.011563636363636,39.545455,93
Harvard500.txt,500,2636,0.850000,50,faible,494,500,0.000300000000000,complet,0.001660860101143,0.001360860101143,5.536200,98
Harvard500.txt,500,2636,0.850000,50,faible,494,500,0.000300000000000,anneau,0.001817953272760,0.001517953272760,6.059844,101
Harvard500.txt,500,2636,0.850000,51,forte,7,1,0.103639770584333,isoles,0.115637719488417,0.011997948904084,1.115766,93
Harvard500.txt,500,2636,0.850000,51,forte,7,1,0.103639770584333,complet,0.096587065892276,-0.007052704692056,0.931950,99
Harvard500.txt,500,2636,0.850000,51,forte,7,1,0.103639770584333,anneau,0.090608055843238,-0.013031714741095,0.874260,109
Harvard500.txt,500,2636,0.850000,51,moyenne,14,251,0.000646080989108,isoles,0.012413766602579,0.011767685613471,19.213948,93
Harvard500.txt,500,2636,0.850000,51,moyenne,14,251,0.000646080989108,complet,0.001977749358332,0.001331668369224,3.061148,99
Harvard500.txt,500,2636,0.850000,51,moyenne,14,251,0.000646080989108,anneau,0.002130542824237,0.001484461835129,3.297640,102
Harvard500.txt,500,2636,0.850000,51,faible,494,500,0.000300000000000,isoles,0.012073502722323,0.011773502722323,40.245009,93
Harvard500.txt,500,2636,0.850000,51,faible,494,500,0.000300000000000,complet,0.001660617062573,0.001360617062573,5.535390,99
Harvard500.txt,500,2636,0.850000,51,faible,494,500,0.000300000000000,anneau,0.001814688121625,0.001514688121625,6.048960,101
Harvard500.txt,500,2636,0.850000,52,forte,7,1,0.103639770584333,isoles,0.115850811789231,0.012211041204898,1.117822,93
Harvard500.txt,500,2636,0.850000,52,forte,7,1,0.103639770584333,complet,0.096416974651768,-0.007222795932564,0.930309,99
Harvard500.txt,500,2636,0.850000,52,forte,7,1,0.103639770584333,anneau,0.090443596778892,-0.013196173805441,0.872673,110
Harvard500.txt,500,2636,0.850000,52,moyenne,14,251,0.000646080989108,isoles,0.012622769259823,0.011976688270715,19.537441,93
Harvard500.txt,500,2636,0.850000,52,moyenne,14,251,0.000646080989108,complet,0.001976842679864,0.001330761690756,3.059744,99
Harvard500.txt,500,2636,0.850000,52,moyenne,14,251,0.000646080989108,anneau,0.002126718540373,0.001480637551265,3.291721,102
Harvard500.txt,500,2636,0.850000,52,faible,494,500,0.000300000000000,isoles,0.012282608695652,0.011982608695652,40.942029,93
Harvard500.txt,500,2636,0.850000,52,faible,494,500,0.000300000000000,complet,0.001660278967296,0.001360278967296,5.534263,99
Harvard500.txt,500,2636,0.850000,52,faible,494,500,0.000300000000000,anneau,0.001811429677107,0.001511429677107,6.038099,101
Harvard500.txt,500,2636,0.850000,53,forte,7,1,0.103639770584333,isoles,0.116063133412646,0.012423362828313,1.119871,93
Harvard500.txt,500,2636,0.850000,53,forte,7,1,0.103639770584333,complet,0.096247332325324,-0.007392438259009,0.928672,99
Harvard500.txt,500,2636,0.850000,53,forte,7,1,0.103639770584333,anneau,0.090279779491101,-0.013359991093231,0.871092,111
Harvard500.txt,500,2636,0.850000,53,moyenne,14,251,0.000646080989108,isoles,0.012831016030423,0.012184935041315,19.859764,93
Harvard500.txt,500,2636,0.850000,53,moyenne,14,251,0.000646080989108,complet,0.001975848211383,0.001329767222276,3.058205,99
Harvard500.txt,500,2636,0.850000,53,moyenne,14,251,0.000646080989108,anneau,0.002122902787880,0.001476821798772,3.285815,102
Harvard500.txt,500,2636,0.850000,53,faible,494,500,0.000300000000000,isoles,0.012490958408680,0.012190958408680,41.636528,93
Harvard500.txt,500,2636,0.850000,53,faible,494,500,0.000300000000000,complet,0.001659851227504,0.001359851227504,5.532837,99
Harvard500.txt,500,2636,0.850000,53,faible,494,500,0.000300000000000,anneau,0.001808178669979,0.001508178669979,6.027262,101
Harvard500.txt,500,2636,0.850000,54,forte,7,1,0.103639770584333,isoles,0.116274688532005,0.012634917947672,1.121912,93
Harvard500.txt,500,2636,0.850000,54,forte,7,1,0.103639770584333,complet,0.096078144825555,-0.007561625758778,0.927039,99
Harvard500.txt,500,2636,0.850000,54,forte,7,1,0.103639770584333,anneau,0.090116593521481,-0.013523177062852,0.869517,111
Harvard500.txt,500,2636,0.850000,54,moyenne,14,251,0.000646080989108,isoles,0.013038511007626,0.012392430018519,20.180923,93
Harvard500.txt,500,2636,0.850000,54,moyenne,14,251,0.000646080989108,complet,0.001974770998919,0.001328690009811,3.056538,99
Harvard500.txt,500,2636,0.850000,54,moyenne,14,251,0.000646080989108,anneau,0.002119096314075,0.001473015324967,3.279924,102
Harvard500.txt,500,2636,0.850000,54,faible,494,500,0.000300000000000,isoles,0.012698555956679,0.012398555956679,42.328520,93
Harvard500.txt,500,2636,0.850000,54,faible,494,500,0.000300000000000,complet,0.001659338889137,0.001359338889137,5.531130,99
Harvard500.txt,500,2636,0.850000,54,faible,494,500,0.000300000000000,anneau,0.001804935710873,0.001504935710873,6.016452,101
Harvard500.txt,500,2636,0.850000,55,forte,7,1,0.103639770584333,isoles,0.116485481290574,0.012845710706241,1.123946,93
Harvard500.txt,500,2636,0.850000,55,forte,7,1,0.103639770584333,complet,0.095909417473330,-0.007730353111002,0.925411,99
Harvard500.txt,500,2636,0.850000,55,forte,7,1,0.103639770584333,anneau,0.089954029467021,-0.013685741117312,0.867949,111
Harvard500.txt,500,2636,0.850000,55,moyenne,14,251,0.000646080989108,isoles,0.013245258255183,0.012599177266075,20.500926,93
Harvard500.txt,500,2636,0.850000,55,moyenne,14,251,0.000646080989108,complet,0.001973615751312,0.001327534762204,3.054750,99
Harvard500.txt,500,2636,0.850000,55,moyenne,14,251,0.000646080989108,anneau,0.002115299742076,0.001469218752968,3.274047,102
Harvard500.txt,500,2636,0.850000,55,faible,494,500,0.000300000000000,isoles,0.012905405405405,0.012605405405405,43.018018,93
Harvard500.txt,500,2636,0.850000,55,faible,494,500,0.000300000000000,complet,0.001658746661615,0.001358746661615,5.529156,99
Harvard500.txt,500,2636,0.850000,55,faible,494,500,0.000300000000000,anneau,0.001801701308559,0.001501701308559,6.005671,101
Harvard500.txt,500,2636,0.850000,56,forte,7,1,0.103639770584333,isoles,0.116695515801809,0.013055745217477,1.125972,93
Harvard500.txt,500,2636,0.850000,56,forte,7,1,0.103639770584333,complet,0.095741155047534,-0.007898615536799,0.923788,99
Harvard500.txt,500,2636,0.850000,56,forte,7,1,0.103639770584333,anneau,0.089792078895437,-0.013847691688895,0.866386,111
Harvard500.txt,500,2636,0.850000,56,moyenne,14,251,0.000646080989108,isoles,0.013451261807604,0.012805180818496,20.819777,93
Harvard500.txt,500,2636,0.850000,56,moyenne,14,251,0.000646080989108,complet,0.001972386867599,0.001326305878491,3.052848,99
Harvard500.txt,500,2636,0.850000,56,moyenne,14,251,0.000646080989108,anneau,0.002111513589710,0.001465432600603,3.268187,102
Harvard500.txt,500,2636,0.850000,56,faible,494,500,0.000300000000000,isoles,0.013111510791367,0.012811510791367,43.705036,93
Harvard500.txt,500,2636,0.850000,56,faible,494,500,0.000300000000000,complet,0.001658078945161,0.001358078945161,5.526930,99
Harvard500.txt,500,2636,0.850000,56,faible,494,500,0.000300000000000,anneau,0.001798475885454,0.001498475885454,5.994920,101
Harvard500.txt,500,2636,0.850000,57,forte,7,1,0.103639770584333,isoles,0.116904796149630,0.013265025565297,1.127992,93
Harvard500.txt,500,2636,0.850000,57,forte,7,1,0.103639770584333,complet,0.095573361830052,-0.008066408754280,0.922169,99
Harvard500.txt,500,2636,0.850000,57,forte,7,1,0.103639770584333,anneau,0.089630734202443,-0.014009036381890,0.864830,111
Harvard500.txt,500,2636,0.850000,57,moyenne,14,251,0.000646080989108,isoles,0.013656525670429,0.013010444681321,21.137483,93
Harvard500.txt,500,2636,0.850000,57,moyenne,14,251,0.000646080989108,complet,0.001971088461767,0.001325007472659,3.050838,99
Harvard500.txt,500,2636,0.850000,57,moyenne,14,251,0.000646080989108,anneau,0.002107738285551,0.001461657296443,3.262344,102
Harvard500.txt,500,2636,0.850000,57,faible,494,500,0.000300000000000,isoles,0.013316876122083,0.013016876122083,44.389587,93
Harvard500.txt,500,2636,0.850000,57,faible,494,500,0.000300000000000,complet,0.001657339855502,0.001357339855502,5.524466,99
Harvard500.txt,500,2636,0.850000,57,faible,494,500,0.000300000000000,anneau,0.001795259790782,0.001495259790782,5.984199,101
Harvard500.txt,500,2636,0.850000,58,forte,7,1,0.103639770584333,isoles,0.117113326388676,0.013473555804344,1.130004,93
Harvard500.txt,500,2636,0.850000,58,forte,7,1,0.103639770584333,complet,0.095406041646498,-0.008233728937835,0.920554,99
Harvard500.txt,500,2636,0.850000,58,forte,7,1,0.103639770584333,anneau,0.089469988481908,-0.014169782102425,0.863279,111
Harvard500.txt,500,2636,0.850000,58,moyenne,14,251,0.000646080989108,isoles,0.013861053820485,0.013214972831377,21.454050,93
Harvard500.txt,500,2636,0.850000,58,moyenne,14,251,0.000646080989108,complet,0.001969724384688,0.001323643395580,3.048727,100
Harvard500.txt,500,2636,0.850000,58,moyenne,14,251,0.000646080989108,anneau,0.002103974182525,0.001457893193417,3.256518,102
Harvard500.txt,500,2636,0.850000,58,faible,494,500,0.000300000000000,isoles,0.013521505376344,0.013221505376344,45.071685,93
Harvard500.txt,500,2636,0.850000,58,faible,494,500,0.000300000000000,complet,0.001656533246244,0.001356533246244,5.521777,99
Harvard500.txt,500,2636,0.850000,58,faible,494,500,0.000300000000000,anneau,0.001792053311731,0.001492053311731,5.973511,101
Harvard500.txt,500,2636,0.850000,59,forte,7,1,0.103639770584333,isoles,0.117321110544578,0.013681339960245,1.132009,93
Harvard500.txt,500,2636,0.850000,59,forte,7,1,0.103639770584333,complet,0.095239197903135,-0.008400572681198,0.918945,99
Harvard500.txt,500,2636,0.850000,59,forte,7,1,0.103639770584333,anneau,0.089309835423447,-0.014329935160886,0.861733,111
Harvard500.txt,500,2636,0.850000,59,moyenne,14,251,0.000646080989108,isoles,0.014064850206139,0.013418769217031,21.769485,93
Harvard500.txt,500,2636,0.850000,59,moyenne,14,251,0.000646080989108,complet,0.001968298246417,0.001322217257309,3.046519,100
Harvard500.txt,500,2636,0.850000,59,moyenne,14,251,0.000646080989108,anneau,0.002100221569456,0.001454140580349,3.250709,102
Harvard500.txt,500,2636,0.850000,59,faible,494,500,0.000300000000000,isoles,0.013725402504472,0.013425402504472,45.751342,93
Harvard500.txt,500,2636,0.850000,59,faible,494,500,0.000300000000000,complet,0.001655662729170,0.001355662729170,5.518876,99
Harvard500.txt,500,2636,0.850000,59,faible,494,500,0.000300000000000,anneau,0.001788856682923,0.001488856682923,5.962856,101
Harvard500.txt,500,2636,0.850000,60,forte,7,1,0.103639770584333,isoles,0.117528152614209,0.013888382029876,1.134006,93
Harvard500.txt,500,2636,0.850000,60,forte,7,1,0.103639770584333,complet,0.095072833622668,-0.008566936961664,0.917339,100
Harvard500.txt,500,2636,0.850000,60,forte,7,1,0.103639770584333,anneau,0.089150269225301,-0.014489501359032,0.860194,111
Harvard500.txt,500,2636,0.850000,60,moyenne,14,251,0.000646080989108,isoles,0.014267918747559,0.013621837758451,22.083793,93
Harvard500.txt,500,2636,0.850000,60,moyenne,14,251,0.000646080989108,complet,0.001966813431748,0.001320732442640,3.044221,100
Harvard500.txt,500,2636,0.850000,60,moyenne,14,251,0.000646080989108,anneau,0.002096480680861,0.001450399691753,3.244919,102
Harvard500.txt,500,2636,0.850000,60,faible,494,500,0.000300000000000,isoles,0.013928571428571,0.013628571428571,46.428571,93
Harvard500.txt,500,2636,0.850000,60,faible,494,500,0.000300000000000,complet,0.001654731692183,0.001354731692183,5.515772,100
Harvard500.txt,500,2636,0.850000,60,faible,494,500,0.000300000000000,anneau,0.001785670094448,0.001485670094448,5.952234,101
Harvard500.txt,500,2636,0.850000,61,forte,7,1,0.103639770584333,isoles,0.117734456565944,0.014094685981611,1.135997,93
Harvard500.txt,500,2636,0.850000,61,forte,7,1,0.103639770584333,complet,0.094906951465815,-0.008732819118518,0.915739,100
Harvard500.txt,500,2636,0.850000,61,forte,7,1,0.103639770584333,anneau,0.088991284520393,-0.014648486063940,0.858660,111
Harvard500.txt,500,2636,0.850000,61,moyenne,14,251,0.000646080989108,isoles,0.014470263336960,0.013824182347852,22.396981,93
Harvard500.txt,500,2636,0.850000,61,moyenne,14,251,0.000646080989108,complet,0.001965273118983,0.001319192129876,3.041837,100
Harvard500.txt,500,2636,0.850000,61,moyenne,14,251,0.000646080989108,anneau,0.002092751705249,0.001446670716141,3.239148,102
Harvard500.txt,500,2636,0.850000,61,faible,494,500,0.000300000000000,isoles,0.014131016042781,0.013831016042781,47.103387,93
Harvard500.txt,500,2636,0.850000,61,faible,494,500,0.000300000000000,complet,0.001653743318088,0.001353743318088,5.512478,100
Harvard500.txt,500,2636,0.850000,61,faible,494,500,0.000300000000000,anneau,0.001782493698676,0.001482493698676,5.941646,101
Harvard500.txt,500,2636,0.850000,62,forte,7,1,0.103639770584333,isoles,0.117940026339915,0.014300255755582,1.137980,93
Harvard500.txt,500,2636,0.850000,62,forte,7,1,0.103639770584333,complet,0.094741553772370,-0.008898216811962,0.914143,100
Harvard500.txt,500,2636,0.850000,62,forte,7,1,0.103639770584333,anneau,0.088832876313568,-0.014806894270765,0.857131,111
Harvard500.txt,500,2636,0.850000,62,moyenne,14,251,0.000646080989108,isoles,0.014671887838854,0.014025806849746,22.709054,93
Harvard500.txt,500,2636,0.850000,62,moyenne,14,251,0.000646080989108,complet,0.001963680294772,0.001317599305665,3.039372,100
Harvard500.txt,500,2636,0.850000,62,moyenne,14,251,0.000646080989108,anneau,0.002089034792176,0.001442953803068,3.233395,102
Harvard500.txt,500,2636,0.850000,62,faible,494,500,0.000300000000000,isoles,0.014332740213523,0.014032740213523,47.775801,93
Harvard500.txt,500,2636,0.850000,62,faible,494,500,0.000300000000000,complet,0.001652700596895,0.001352700596895,5.509002,100
Harvard500.txt,500,2636,0.850000,62,faible,494,500,0.000300000000000,anneau,0.001779327616039,0.001479327616039,5.931092,101
Harvard500.txt,500,2636,0.850000,63,forte,7,1,0.103639770584333,isoles,0.118144865848259,0.014505095263927,1.139957,93
Harvard500.txt,500,2636,0.850000,63,forte,7,1,0.103639770584333,complet,0.094576642577760,-0.009063128006572,0.912552,100
Harvard500.txt,500,2636,0.850000,63,forte,7,1,0.103639770584333,anneau,0.088675039928323,-0.014964730656009,0.855608,111
Harvard500.txt,500,2636,0.850000,63,moyenne,14,251,0.000646080989108,isoles,0.014872796090297,0.014226715101189,23.020018,93
Harvard500.txt,500,2636,0.850000,63,moyenne,14,251,0.000646080989108,complet,0.001962037768101,0.001315956778993,3.036829,100
Harvard500.txt,500,2636,0.850000,63,moyenne,14,251,0.000646080989108,anneau,0.002085330058219,0.001439249069111,3.227660,102
Harvard500.txt,500,2636,0.850000,63,faible,494,500,0.000300000000000,isoles,0.014533747779751,0.014233747779751,48.445826,93
Harvard500.txt,500,2636,0.850000,63,faible,494,500,0.000300000000000,complet,0.001651606341764,0.001351606341764,5.505354,100
Harvard500.txt,500,2636,0.850000,63,faible,494,500,0.000300000000000,anneau,0.001776171939932,0.001476171939932,5.920573,101
Harvard500.txt,500,2636,0.850000,64,forte,7,1,0.103639770584333,isoles,0.118348978975368,0.014709208391035,1.141926,93
Harvard500.txt,500,2636,0.850000,64,forte,7,1,0.103639770584333,complet,0.094412219638358,-0.009227550945975,0.910965,100
Harvard500.txt,500,2636,0.850000,64,forte,7,1,0.103639770584333,anneau,0.088517770961581,-0.015121999622751,0.854091,111
Harvard500.txt,500,2636,0.850000,64,moyenne,14,251,0.000646080989108,isoles,0.015072991901132,0.014426910912024,23.329880,93
Harvard500.txt,500,2636,0.850000,64,moyenne,14,251,0.000646080989108,complet,0.001960348183075,0.001314267193967,3.034214,100
Harvard500.txt,500,2636,0.850000,64,moyenne,14,251,0.000646080989108,anneau,0.002081637592050,0.001435556602942,3.221945,102
Harvard500.txt,500,2636,0.850000,64,faible,494,500,0.000300000000000,isoles,0.014734042553192,0.014434042553192,49.113475,93
Harvard500.txt,500,2636,0.850000,64,faible,494,500,0.000300000000000,complet,0.001650463201269,0.001350463201269,5.501544,100
Harvard500.txt,500,2636,0.850000,64,faible,494,500,0.000300000000000,anneau,0.001773026740877,0.001473026740877,5.910089,101
Harvard500.txt,500,2636,0.850000,65,forte,7,1,0.103639770584333,isoles,0.118552369578133,0.014912598993800,1.143889,93
Harvard500.txt,500,2636,0.850000,65,forte,7,1,0.103639770584333,complet,0.094248286452640,-0.009391484131693,0.909383,100
Harvard500.txt,500,2636,0.850000,65,forte,7,1,0.103639770584333,anneau,0.088361065245296,-0.015278705339037,0.852579,111
Harvard500.txt,500,2636,0.850000,65,moyenne,14,251,0.000646080989108,isoles,0.015272479054230,0.014626398065122,23.638645,93
Harvard500.txt,500,2636,0.850000,65,moyenne,14,251,0.000646080989108,complet,0.001958614030618,0.001312533041510,3.031530,100
Harvard500.txt,500,2636,0.850000,65,moyenne,14,251,0.000646080989108,anneau,0.002077957458732,0.001431876469625,3.216249,102
Harvard500.txt,500,2636,0.850000,65,faible,494,500,0.000300000000000,isoles,0.014933628318584,0.014633628318584,49.778761,93
Harvard500.txt,500,2636,0.850000,65,faible,494,500,0.000300000000000,complet,0.001649273671067,0.001349273671067,5.497579,100
Harvard500.txt,500,2636,0.850000,65,faible,494,500,0.000300000000000,anneau,0.001769892070046,0.001469892070046,5.899640,101
Harvard500.txt,500,2636,0.850000,66,forte,7,1,0.103639770584333,isoles,0.118755041486189,0.015115270901856,1.145844,93
Harvard500.txt,500,2636,0.850000,66,forte,7,1,0.103639770584333,complet,0.094084844280566,-0.009554926303766,0.907806,100
Harvard500.txt,500,2636,0.850000,66,forte,7,1,0.103639770584333,anneau,0.088204918813852,-0.015434851770480,0.851072,111
Harvard500.txt,500,2636,0.850000,66,moyenne,14,251,0.000646080989108,isoles,0.015471261305726,0.014825180316619,23.946319,93
Harvard500.txt,500,2636,0.850000,66,moyenne,14,251,0.000646080989108,complet,0.001956837659189,0.001310756670081,3.028781,100
Harvard500.txt,500,2636,0.850000,66,moyenne,14,251,0.000646080989108,anneau,0.002074289703377,0.001428208714270,3.210572,102
Harvard500.txt,500,2636,0.850000,66,faible,494,500,0.000300000000000,isoles,0.015132508833922,0.014832508833922,50.441696,93
Harvard500.txt,500,2636,0.850000,66,faible,494,500,0.000300000000000,complet,0.001648040104594,0.001348040104594,5.493467,100
Harvard500.txt,500,2636,0.850000,66,faible,494,500,0.000300000000000,anneau,0.001766767962261,0.001466767962261,5.889227,101
Harvard500.txt,500,2636,0.850000,67,forte,7,1,0.103639770584333,isoles,0.118956998502153,0.015317227917820,1.147793,93
Harvard500.txt,500,2636,0.850000,67,forte,7,1,0.103639770584333,complet,0.093921894161333,-0.009717876422999,0.906234,100
Harvard500.txt,500,2636,0.850000,67,forte,7,1,0.103639770584333,anneau,0.088049327876381,-0.015590442707952,0.849571,111
Harvard500.txt,500,2636,0.850000,67,moyenne,14,251,0.000646080989108,isoles,0.015669342385260,0.015023261396152,24.252907,93
Harvard500.txt,500,2636,0.850000,67,moyenne,14,251,0.000646080989108,complet,0.001955021284613,0.001308940295505,3.025969,100
Harvard500.txt,500,2636,0.850000,67,moyenne,14,251,0.000646080989108,anneau,0.002070634354233,0.001424553365126,3.204915,102
Harvard500.txt,500,2636,0.850000,67,faible,494,500,0.000300000000000,isoles,0.015330687830688,0.015030687830688,51.102293,93
Harvard500.txt,500,2636,0.850000,67,faible,494,500,0.000300000000000,complet,0.001646764722874,0.001346764722874,5.489216,100
Harvard500.txt,500,2636,0.850000,67,faible,494,500,0.000300000000000,anneau,0.001763654438525,0.001463654438525,5.878848,101
Harvard500.txt,500,2636,0.850000,68,forte,7,1,0.103639770584333,isoles,0.119158244401863,0.015518473817531,1.149735,93
Harvard500.txt,500,2636,0.850000,68,forte,7,1,0.103639770584333,complet,0.093759436929674,-0.009880333654659,0.904667,100
Harvard500.txt,500,2636,0.850000,68,forte,7,1,0.103639770584333,anneau,0.087894288793241,-0.015745481791092,0.848075,111
Harvard500.txt,500,2636,0.850000,68,moyenne,14,251,0.000646080989108,isoles,0.015866725996204,0.015220645007096,24.558416,93
Harvard500.txt,500,2636,0.850000,68,moyenne,14,251,0.000646080989108,complet,0.001953166999116,0.001307086010008,3.023099,100
Harvard500.txt,500,2636,0.850000,68,moyenne,14,251,0.000646080989108,anneau,0.002066991425314,0.001420910436206,3.199276,102
Harvard500.txt,500,2636,0.850000,68,faible,494,500,0.000300000000000,isoles,0.015528169014084,0.015228169014084,51.760563,93
Harvard500.txt,500,2636,0.850000,68,faible,494,500,0.000300000000000,complet,0.001645449623535,0.001345449623535,5.484832,100
Harvard500.txt,500,2636,0.850000,68,faible,494,500,0.000300000000000,anneau,0.001760551508182,0.001460551508182,5.868505,101
Harvard500.txt,500,2636,0.850000,69,forte,7,1,0.103639770584333,isoles,0.119358782934615,0.015719012350283,1.151670,93
Harvard500.txt,500,2636,0.850000,69,forte,7,1,0.103639770584333,complet,0.093597473230835,-0.010042297353498,0.903104,100
Harvard500.txt,500,2636,0.850000,69,forte,7,1,0.103639770584333,anneau,0.087739798056047,-0.015899972528285,0.846584,111
Harvard500.txt,500,2636,0.850000,69,moyenne,14,251,0.000646080989108,isoles,0.016063415815897,0.015417334826789,24.862852,93
Harvard500.txt,500,2636,0.850000,69,moyenne,14,251,0.000646080989108,complet,0.001951276779183,0.001305195790075,3.020174,101
Harvard500.txt,500,2636,0.850000,69,moyenne,14,251,0.000646080989108,anneau,0.002063360918624,0.001417279929517,3.193657,102
Harvard500.txt,500,2636,0.850000,69,faible,494,500,0.000300000000000,isoles,0.015724956063269,0.015424956063269,52.416520,93
Harvard500.txt,500,2636,0.850000,69,faible,494,500,0.000300000000000,complet,0.001644096789092,0.001344096789092,5.480323,100
Harvard500.txt,500,2636,0.850000,69,faible,494,500,0.000300000000000,anneau,0.001757459170738,0.001457459170738,5.858197,101
Harvard500.txt,500,2636,0.850000,70,forte,7,1,0.103639770584333,isoles,0.119558617823392,0.015918847239060,1.153598,93
Harvard500.txt,500,2636,0.850000,70,forte,7,1,0.103639770584333,complet,0.093436003534348,-0.010203767049985,0.901546,100
Harvard500.txt,500,2636,0.850000,70,forte,7,1,0.103639770584333,anneau,0.087585852270694,-0.016053918313638,0.845099,111
Harvard500.txt,500,2636,0.850000,70,moyenne,14,251,0.000646080989108,isoles,0.016259415495871,0.015613334506763,25.166219,93
Harvard500.txt,500,2636,0.850000,70,moyenne,14,251,0.000646080989108,complet,0.001949352494979,0.001303271505872,3.017195,101
Harvard500.txt,500,2636,0.850000,70,moyenne,14,251,0.000646080989108,anneau,0.002059742826050,0.001413661836942,3.188057,102
Harvard500.txt,500,2636,0.850000,70,faible,494,500,0.000300000000000,isoles,0.015921052631579,0.015621052631579,53.070175,93
Harvard500.txt,500,2636,0.850000,70,faible,494,500,0.000300000000000,complet,0.001642708094581,0.001342708094581,5.475694,100
Harvard500.txt,500,2636,0.850000,70,faible,494,500,0.000300000000000,anneau,0.001754377417417,0.001454377417417,5.847925,101
Harvard500.txt,500,2636,0.850000,71,forte,7,1,0.103639770584333,isoles,0.119757752765099,0.016117982180766,1.155519,93
Harvard500.txt,500,2636,0.850000,71,forte,7,1,0.103639770584333,complet,0.093275028146715,-0.010364742437618,0.899993,100
Harvard500.txt,500,2636,0.850000,71,forte,7,1,0.103639770584333,anneau,0.087432448142176,-0.016207322442157,0.843619,112
Harvard500.txt,500,2636,0.850000,71,moyenne,14,251,0.000646080989108,isoles,0.016454728662080,0.015808647672973,25.468523,93
Harvard500.txt,500,2636,0.850000,71,moyenne,14,251,0.000646080989108,complet,0.001947395914743,0.001301314925635,3.014167,101
Harvard500.txt,500,2636,0.850000,71,moyenne,14,251,0.000646080989108,anneau,0.002056137130959,0.001410056141851,3.182476,102
Harvard500.txt,500,2636,0.850000,71,faible,494,500,0.000300000000000,isoles,0.016116462346760,0.015816462346760,53.721541,93
Harvard500.txt,500,2636,0.850000,71,faible,494,500,0.000300000000000,complet,0.001641285314140,0.001341285314140,5.470951,101
Harvard500.txt,500,2636,0.850000,71,faible,494,500,0.000300000000000,anneau,0.001751306232467,0.001451306232467,5.837687,101
Harvard500.txt,500,2636,0.850000,72,forte,7,1,0.103639770584333,isoles,0.119956191430785,0.016316420846453,1.157434,93
Harvard500.txt,500,2636,0.850000,72,forte,7,1,0.103639770584333,complet,0.093114547225670,-0.010525223358662,0.898444,101
Harvard500.txt,500,2636,0.850000,72,forte,7,1,0.103639770584333,anneau,0.087279582465389,-0.016360188118944,0.842144,112
Harvard500.txt,500,2636,0.850000,72,moyenne,14,251,0.000646080989108,isoles,0.016649358915121,0.016003277926013,25.769771,93
Harvard500.txt,500,2636,0.850000,72,moyenne,14,251,0.000646080989108,complet,0.001945408713054,0.001299327723946,3.011091,101
Harvard500.txt,500,2636,0.850000,72,moyenne,14,251,0.000646080989108,anneau,0.002052543809558,0.001406462820450,3.176914,102
Harvard500.txt,500,2636,0.850000,72,faible,494,500,0.000300000000000,isoles,0.016311188811189,0.016011188811189,54.370629,93
Harvard500.txt,500,2636,0.850000,72,faible,494,500,0.000300000000000,complet,0.001639830129297,0.001339830129297,5.466100,101
Harvard500.txt,500,2636,0.850000,72,faible,494,500,0.000300000000000,anneau,0.001748245594279,0.001448245594279,5.827485,101
Harvard500.txt,500,2636,0.850000,73,forte,7,1,0.103639770584333,isoles,0.120153937465876,0.016514166881543,1.159342,93
Harvard500.txt,500,2636,0.850000,73,forte,7,1,0.103639770584333,complet,0.092954560780736,-0.010685209803597,0.896900,101
Harvard500.txt,500,2636,0.850000,73,forte,7,1,0.103639770584333,anneau,0.087127252110028,-0.016512518474305,0.840674,112
Harvard500.txt,500,2636,0.850000,73,moyenne,14,251,0.000646080989108,isoles,0.016843309830455,0.016197228841347,26.069967,93
Harvard500.txt,500,2636,0.850000,73,moyenne,14,251,0.000646080989108,complet,0.001943392476401,0.001297311487293,3.007970,101
Harvard500.txt,500,2636,0.850000,73,moyenne,14,251,0.000646080989108,anneau,0.002048962832048,0.001402881842940,3.171371,102
Harvard500.txt,500,2636,0.850000,73,faible,494,500,0.000300000000000,isoles,0.016505235602094,0.016205235602094,55.017452,93
Harvard500.txt,500,2636,0.850000,73,faible,494,500,0.000300000000000,complet,0.001638344132267,0.001338344132267,5.461147,101
Harvard500.txt,500,2636,0.850000,73,faible,494,500,0.000300000000000,anneau,0.001745195476333,0.001445195476333,5.817318,101
Harvard500.txt,500,2636,0.850000,74,forte,7,1,0.103639770584333,isoles,0.120350994490391,0.016711223906058,1.161243,93
Harvard500.txt,500,2636,0.850000,74,forte,7,1,0.103639770584333,complet,0.092795068698448,-0.010844701885884,0.895362,101
Harvard500.txt,500,2636,0.850000,74,forte,7,1,0.103639770584333,anneau,0.086975454014876,-0.016664316569456,0.839209,112
Harvard500.txt,500,2636,0.850000,74,moyenne,14,251,0.000646080989108,isoles,0.017036584958627,0.016390503969519,26.369117,93
Harvard500.txt,500,2636,0.850000,74,moyenne,14,251,0.000646080989108,complet,0.001941348708734,0.001295267719626,3.004807,101
Harvard500.txt,500,2636,0.850000,74,moyenne,14,251,0.000646080989108,anneau,0.002045394163599,0.001399313174491,3.165848,102
Harvard500.txt,500,2636,0.850000,74,faible,494,500,0.000300000000000,isoles,0.016698606271777,0.016398606271777,55.662021,93
Harvard500.txt,500,2636,0.850000,74,faible,494,500,0.000300000000000,complet,0.001636828833294,0.001336828833294,5.456096,101
Harvard500.txt,500,2636,0.850000,74,faible,494,500,0.000300000000000,anneau,0.001742155847993,0.001442155847993,5.807186,101
Harvard500.txt,500,2636,0.850000,75,forte,7,1,0.103639770584333,isoles,0.120547366099169,0.016907595514836,1.163138,93
Harvard500.txt,500,2636,0.850000,75,forte,7,1,0.103639770584333,complet,0.092636070741447,-0.011003699842886,0.893827,101
Harvard500.txt,500,2636,0.850000,75,forte,7,1,0.103639770584333,anneau,0.086824185179449,-0.016815585404884,0.837750,112
Harvard500.txt,500,2636,0.850000,75,moyenne,14,251,0.000646080989108,isoles,0.017229187825484,0.016583106836376,26.667226,93
Harvard500.txt,500,2636,0.850000,75,moyenne,14,251,0.000646080989108,complet,0.001939278836608,0.001293197847500,3.001603,101
Harvard500.txt,500,2636,0.850000,75,moyenne,14,251,0.000646080989108,anneau,0.002041837765177,0.001395756776069,3.160343,102
Harvard500.txt,500,2636,0.850000,75,faible,494,500,0.000300000000000,isoles,0.016891304347826,0.016591304347826,56.304348,93
Harvard500.txt,500,2636,0.850000,75,faible,494,500,0.000300000000000,complet,0.001635285665327,0.001335285665327,5.450952,101
Harvard500.txt,500,2636,0.850000,75,faible,494,500,0.000300000000000,anneau,0.001739126675192,0.001439126675192,5.797089,101
Harvard500.txt,500,2636,0.850000,76,forte,7,1,0.103639770584333,isoles,0.120743055862083,0.017103285277751,1.165026,93
Harvard500.txt,500,2636,0.850000,76,forte,7,1,0.103639770584333,complet,0.092477566559513,-0.011162204024820,0.892298,101
Harvard500.txt,500,2636,0.850000,76,forte,7,1,0.103639770584333,anneau,0.086673442657560,-0.016966327926772,0.836295,112
Harvard500.txt,500,2636,0.850000,76,moyenne,14,251,0.000646080989108,isoles,0.017421121932386,0.016775040943279,26.964300,93
Harvard500.txt,500,2636,0.850000,76,moyenne,14,251,0.000646080989108,complet,0.001937184213943,0.001291103224835,2.998361,101
Harvard500.txt,500,2636,0.850000,76,moyenne,14,251,0.000646080989108,anneau,0.002038293594249,0.001392212605142,3.154858,102
Harvard500.txt,500,2636,0.850000,76,faible,494,500,0.000300000000000,isoles,0.017083333333333,0.016783333333333,56.944444,93
Harvard500.txt,500,2636,0.850000,76,faible,494,500,0.000300000000000,complet,0.001633715988777,0.001333715988777,5.445720,101
Harvard500.txt,500,2636,0.850000,76,faible,494,500,0.000300000000000,anneau,0.001736107921007,0.001436107921007,5.787026,100
Harvard500.txt,500,2636,0.850000,77,forte,7,1,0.103639770584333,isoles,0.120938067324259,0.017298296739927,1.166908,93
Harvard500.txt,500,2636,0.850000,77,forte,7,1,0.103639770584333,complet,0.092319555697460,-0.011320214886873,0.890773,101
Harvard500.txt,500,2636,0.850000,77,forte,7,1,0.103639770584333,anneau,0.086523223551843,-0.017116547032490,0.834846,112
Harvard500.txt,500,2636,0.850000,77,moyenne,14,251,0.000646080989108,isoles,0.017612390756423,0.016966309767315,27.260345,93
Harvard500.txt,500,2636,0.850000,77,moyenne,14,251,0.000646080989108,complet,0.001935066126440,0.001288985137332,2.995083,101
Harvard500.txt,500,2636,0.850000,77,moyenne,14,251,0.000646080989108,anneau,0.002034761605376,0.001388680616268,3.149391,102
Harvard500.txt,500,2636,0.850000,77,faible,494,500,0.000300000000000,isoles,0.017274696707106,0.016974696707106,57.582322,93
Harvard500.txt,500,2636,0.850000,77,faible,494,500,0.000300000000000,complet,0.001632121095922,0.001332121095922,5.440404,101
Harvard500.txt,500,2636,0.850000,77,faible,494,500,0.000300000000000,anneau,0.001733099546144,0.001433099546144,5.776998,100
Harvard500.txt,500,2636,0.850000,78,forte,7,1,0.103639770584333,isoles,0.121132404006289,0.017492633421957,1.168783,93
Harvard500.txt,500,2636,0.850000,78,forte,7,1,0.103639770584333,complet,0.092162037602449,-0.011477732981884,0.889254,101
Harvard500.txt,500,2636,0.850000,78,forte,7,1,0.103639770584333,anneau,0.086373525009075,-0.017266245575258,0.833401,112
Harvard500.txt,500,2636,0.850000,78,moyenne,14,251,0.000646080989108,isoles,0.017802997750618,0.017156916761510,27.555365,93
Harvard500.txt,500,2636,0.850000,78,moyenne,14,251,0.000646080989108,complet,0.001932925795686,0.001286844806578,2.991770,101
Harvard500.txt,500,2636,0.850000,78,moyenne,14,251,0.000646080989108,anneau,0.002031241750718,0.001385160761610,3.143943,102
Harvard500.txt,500,2636,0.850000,78,faible,494,500,0.000300000000000,isoles,0.017465397923875,0.017165397923875,58.217993,93
Harvard500.txt,500,2636,0.850000,78,faible,494,500,0.000300000000000,complet,0.001630502215000,0.001330502215000,5.435007,101
Harvard500.txt,500,2636,0.850000,78,faible,494,500,0.000300000000000,anneau,0.001730101509354,0.001430101509354,5.767005,100
Harvard500.txt,500,2636,0.850000,79,forte,7,1,0.103639770584333,isoles,0.121326069404444,0.017686298820111,1.170652,93
Harvard500.txt,500,2636,0.850000,79,forte,7,1,0.103639770584333,complet,0.092005011630775,-0.011634758953558,0.887738,101
Harvard500.txt,500,2636,0.850000,79,forte,7,1,0.103639770584333,anneau,0.086224344216188,-0.017415426368145,0.831962,112
Harvard500.txt,500,2636,0.850000,79,moyenne,14,251,0.000646080989108,isoles,0.017992946344143,0.017346865355035,27.849367,93
Harvard500.txt,500,2636,0.850000,79,moyenne,14,251,0.000646080989108,complet,0.001930764382957,0.001284683393849,2.988425,101
Harvard500.txt,500,2636,0.850000,79,moyenne,14,251,0.000646080989108,anneau,0.002027733980459,0.001381652991351,3.138514,102
Harvard500.txt,500,2636,0.850000,79,faible,494,500,0.000300000000000,isoles,0.017655440414508,0.017355440414508,58.851468,93
Harvard500.txt,500,2636,0.850000,79,faible,494,500,0.000300000000000,complet,0.001628860514011,0.001328860514011,5.429535,101
Harvard500.txt,500,2636,0.850000,79,faible,494,500,0.000300000000000,anneau,0.001727113767781,0.001427113767781,5.757046,100
Harvard500.txt,500,2636,0.850000,80,forte,7,1,0.103639770584333,isoles,0.121519066990880,0.017879296406548,1.172514,93
Harvard500.txt,500,2636,0.850000,80,forte,7,1,0.103639770584333,complet,0.091848477054168,-0.011791293530165,0.886228,101
Harvard500.txt,500,2636,0.850000,80,forte,7,1,0.103639770584333,anneau,0.086075678396863,-0.017564092187469,0.830527,112
Harvard500.txt,500,2636,0.850000,80,moyenne,14,251,0.000646080989108,isoles,0.018182239942517,0.017536158953409,28.142354,93
Harvard500.txt,500,2636,0.850000,80,moyenne,14,251,0.000646080989108,complet,0.001928582992763,0.001282502003656,2.985048,101
Harvard500.txt,500,2636,0.850000,80,moyenne,14,251,0.000646080989108,anneau,0.002024238243175,0.001378157254068,3.133103,102
Harvard500.txt,500,2636,0.850000,80,faible,494,500,0.000300000000000,isoles,0.017844827586207,0.017544827586207,59.482759,93
Harvard500.txt,500,2636,0.850000,80,faible,494,500,0.000300000000000,complet,0.001627197104249,0.001327197104249,5.423990,101
Harvard500.txt,500,2636,0.850000,80,faible,494,500,0.000300000000000,anneau,0.001724136277265,0.001424136277265,5.747121,100
Harvard500.txt,500,2636,0.850000,81,forte,7,1,0.103639770584333,isoles,0.121711400213853,0.018071629629520,1.174370,93
Harvard500.txt,500,2636,0.850000,81,forte,7,1,0.103639770584333,complet,0.091692433065644,-0.011947337518689,0.884722,101
Harvard500.txt,500,2636,0.850000,81,forte,7,1,0.103639770584333,anneau,0.085927524808614,-0.017712245775719,0.829098,112
Harvard500.txt,500,2636,0.850000,81,moyenne,14,251,0.000646080989108,isoles,0.018370881927816,0.017724800938709,28.434333,93
Harvard500.txt,500,2636,0.850000,81,moyenne,14,251,0.000646080989108,complet,0.001926382676146,0.001280301687038,2.981643,101
Harvard500.txt,500,2636,0.850000,81,moyenne,14,251,0.000646080989108,anneau,0.002020754486135,0.001374673497027,3.127711,102
Harvard500.txt,500,2636,0.850000,81,faible,494,500,0.000300000000000,isoles,0.018033562822719,0.017733562822719,60.111876,93
Harvard500.txt,500,2636,0.850000,81,faible,494,500,0.000300000000000,complet,0.001625513043592,0.001325513043592,5.418377,101
Harvard500.txt,500,2636,0.850000,81,faible,494,500,0.000300000000000,anneau,0.001721168992585,0.001421168992585,5.737230,100
Harvard500.txt,500,2636,0.850000,82,forte,7,1,0.103639770584333,isoles,0.121903072497914,0.018263301913582,1.176219,93
Harvard500.txt,500,2636,0.850000,82,forte,7,1,0.103639770584333,complet,0.091536878784950,-0.012102891799383,0.883222,101
Harvard500.txt,500,2636,0.850000,82,forte,7,1,0.103639770584333,anneau,0.085779880740295,-0.017859889844038,0.827673,112
Harvard500.txt,500,2636,0.850000,82,moyenne,14,251,0.000646080989108,isoles,0.018558875658871,0.017912794669763,28.725308,93
Harvard500.txt,500,2636,0.850000,82,moyenne,14,251,0.000646080989108,complet,0.001924164433747,0.001278083444639,2.978209,101
Harvard500.txt,500,2636,0.850000,82,moyenne,14,251,0.000646080989108,anneau,0.002017282655563,0.001371201666456,3.122337,102
Harvard500.txt,500,2636,0.850000,82,faible,494,500,0.000300000000000,isoles,0.018221649484536,0.017921649484536,60.738832,93
Harvard500.txt,500,2636,0.850000,82,faible,494,500,0.000300000000000,complet,0.001623809339570,0.001323809339570,5.412698,101
Harvard500.txt,500,2636,0.850000,82,faible,494,500,0.000300000000000,anneau,0.001718211867677,0.001418211867677,5.727373,100
Harvard500.txt,500,2636,0.850000,83,forte,7,1,0.103639770584333,isoles,0.122094087244123,0.018454316659790,1.178062,93
Harvard500.txt,500,2636,0.850000,83,forte,7,1,0.103639770584333,complet,0.091381813263631,-0.012257957320701,0.881725,101
Harvard500.txt,500,2636,0.850000,83,forte,7,1,0.103639770584333,anneau,0.085632743509956,-0.018007027074376,0.826254,112
Harvard500.txt,500,2636,0.850000,83,moyenne,14,251,0.000646080989108,isoles,0.018746224471465,0.018100143482357,29.015286,93
Harvard500.txt,500,2636,0.850000,83,moyenne,14,251,0.000646080989108,complet,0.001921929218671,0.001275848229563,2.974750,101
Harvard500.txt,500,2636,0.850000,83,moyenne,14,251,0.000646080989108,anneau,0.002013822696856,0.001367741707748,3.116982,102
Harvard500.txt,500,2636,0.850000,83,faible,494,500,0.000300000000000,isoles,0.018409090909091,0.018109090909091,61.363636,93
Harvard500.txt,500,2636,0.850000,83,faible,494,500,0.000300000000000,complet,0.001622086952218,0.001322086952218,5.406957,101
Harvard500.txt,500,2636,0.850000,83,faible,494,500,0.000300000000000,anneau,0.001715264855814,0.001415264855814,5.717550,100
Harvard500.txt,500,2636,0.850000,84,forte,7,1,0.103639770584333,isoles,0.122284447830242,0.018644677245910,1.179899,93
Harvard500.txt,500,2636,0.850000,84,forte,7,1,0.103639770584333,complet,0.091227235489744,-0.012412535094588,0.880234,101
Harvard500.txt,500,2636,0.850000,84,forte,7,1,0.103639770584333,anneau,0.085486110463018,-0.018153660121315,0.824839,112
Harvard500.txt,500,2636,0.850000,84,moyenne,14,251,0.000646080989108,isoles,0.018932931678537,0.018286850689429,29.304270,93
Harvard500.txt,500,2636,0.850000,84,moyenne,14,251,0.000646080989108,complet,0.001919677939159,0.001273596950052,2.971265,101
Harvard500.txt,500,2636,0.850000,84,moyenne,14,251,0.000646080989108,anneau,0.002010374554775,0.001364293565667,3.111645,102
Harvard500.txt,500,2636,0.850000,84,faible,494,500,0.000300000000000,isoles,0.018595890410959,0.018295890410959,61.986301,93
Harvard500.txt,500,2636,0.850000,84,faible,494,500,0.000300000000000,complet,0.001620346796746,0.001320346796746,5.401156,101
Harvard500.txt,500,2636,0.850000,84,faible,494,500,0.000300000000000,anneau,0.001712327909758,0.001412327909758,5.707760,100
Harvard500.txt,500,2636,0.850000,85,forte,7,1,0.103639770584333,isoles,0.122474157610939,0.018834387026606,1.181729,93
Harvard500.txt,500,2636,0.850000,85,forte,7,1,0.103639770584333,complet,0.091073144392255,-0.012566626192078,0.878747,101
Harvard500.txt,500,2636,0.850000,85,forte,7,1,0.103639770584333,anneau,0.085339978970674,-0.018299791613659,0.823429,112
Harvard500.txt,500,2636,0.850000,85,moyenne,14,251,0.000646080989108,isoles,0.019119000570370,0.018472919581263,29.592266,93
Harvard500.txt,500,2636,0.850000,85,moyenne,14,251,0.000646080989108,complet,0.001917411460695,0.001271330471587,2.967757,102
Harvard500.txt,500,2636,0.850000,85,moyenne,14,251,0.000646080989108,anneau,0.002006938173591,0.001360857184483,3.106326,102
Harvard500.txt,500,2636,0.850000,85,faible,494,500,0.000300000000000,isoles,0.018782051282051,0.018482051282051,62.606838,93
Harvard500.txt,500,2636,0.850000,85,faible,494,500,0.000300000000000,complet,0.001618589746022,0.001318589746022,5.395299,101
Harvard500.txt,500,2636,0.850000,85,faible,494,500,0.000300000000000,anneau,0.001709400981887,0.001409400981887,5.698003,100
Harvard500.txt,500,2636,0.850000,86,forte,7,1,0.103639770584333,isoles,0.122663219917981,0.019023449333648,1.183554,93
Harvard500.txt,500,2636,0.850000,86,forte,7,1,0.103639770584333,complet,0.090919538845135,-0.012720231739198,0.877265,101
Harvard500.txt,500,2636,0.850000,86,forte,7,1,0.103639770584333,anneau,0.085194346428681,-0.018445424155651,0.822024,113
Harvard500.txt,500,2636,0.850000,86,moyenne,14,251,0.000646080989108,isoles,0.019304434414792,0.018658353425684,29.879279,93
Harvard500.txt,500,2636,0.850000,86,moyenne,14,251,0.000646080989108,complet,0.001915130609879,0.001269049620771,2.964227,102
Harvard500.txt,500,2636,0.850000,86,moyenne,14,251,0.000646080989108,anneau,0.002003513497240,0.001357432508132,3.101025,102
Harvard500.txt,500,2636,0.850000,86,faible,494,500,0.000300000000000,isoles,0.018967576791809,0.018667576791809,63.225256,93
Harvard500.txt,500,2636,0.850000,86,faible,494,500,0.000300000000000,complet,0.001616816632904,0.001316816632904,5.389389,101
Harvard500.txt,500,2636,0.850000,86,faible,494,500,0.000300000000000,anneau,0.001706484024306,0.001406484024306,5.688280,100
Harvard500.txt,500,2636,0.850000,87,forte,7,1,0.103639770584333,isoles,0.122851638060434,0.019211867476101,1.185372,93
Harvard500.txt,500,2636,0.850000,87,forte,7,1,0.103639770584333,complet,0.090766417671190,-0.012873352913143,0.875788,101
Harvard500.txt,500,2636,0.850000,87,forte,7,1,0.103639770584333,anneau,0.085049210255705,-0.018590560328628,0.820623,113
Harvard500.txt,500,2636,0.850000,87,moyenne,14,251,0.000646080989108,isoles,0.019489236457358,0.018843155468251,30.165315,93
Harvard500.txt,500,2636,0.850000,87,moyenne,14,251,0.000646080989108,complet,0.001912836174293,0.001266755185185,2.960676,102
Harvard500.txt,500,2636,0.850000,87,moyenne,14,251,0.000646080989108,anneau,0.002000100469398,0.001354019480290,3.095743,102
Harvard500.txt,500,2636,0.850000,87,faible,494,500,0.000300000000000,isoles,0.019152470187394,0.018852470187394,63.841567,93
Harvard500.txt,500,2636,0.850000,87,faible,494,500,0.000300000000000,complet,0.001615028252021,0.001315028252021,5.383428,102
Harvard500.txt,500,2636,0.850000,87,faible,494,500,0.000300000000000,anneau,0.001703576988938,0.001403576988938,5.678590,100
Harvard500.txt,500,2636,0.850000,88,forte,7,1,0.103639770584333,isoles,0.123039415324851,0.019399644740518,1.187183,93
Harvard500.txt,500,2636,0.850000,88,forte,7,1,0.103639770584333,complet,0.090613779648471,-0.013025990935862,0.874315,102
Harvard500.txt,500,2636,0.850000,88,forte,7,1,0.103639770584333,anneau,0.084904567892883,-0.018735202691450,0.819228,113
Harvard500.txt,500,2636,0.850000,88,moyenne,14,251,0.000646080989108,isoles,0.019673409921549,0.019027328932441,30.450377,93
Harvard500.txt,500,2636,0.850000,88,moyenne,14,251,0.000646080989108,complet,0.001910528906083,0.001264447916975,2.957104,102
Harvard500.txt,500,2636,0.850000,88,moyenne,14,251,0.000646080989108,anneau,0.001996699033629,0.001350618044522,3.090478,102
Harvard500.txt,500,2636,0.850000,88,faible,494,500,0.000300000000000,isoles,0.019336734693878,0.019036734693878,64.455782,93
Harvard500.txt,500,2636,0.850000,88,faible,494,500,0.000300000000000,complet,0.001613225363369,0.001313225363369,5.377418,102
Harvard500.txt,500,2636,0.850000,88,faible,494,500,0.000300000000000,anneau,0.001700679827603,0.001400679827603,5.668933,100
Harvard500.txt,500,2636,0.850000,89,forte,7,1,0.103639770584333,isoles,0.123226554975467,0.019586784391134,1.188989,93
Harvard500.txt,500,2636,0.850000,89,forte,7,1,0.103639770584333,complet,0.090461623502270,-0.013178147082063,0.872847,102
Harvard500.txt,500,2636,0.850000,89,forte,7,1,0.103639770584333,anneau,0.084760416802642,-0.018879353781691,0.817837,113
Harvard500.txt,500,2636,0.850000,89,moyenne,14,251,0.000646080989108,isoles,0.019856958008951,0.019210877019843,30.734472,93
Harvard500.txt,500,2636,0.850000,89,moyenne,14,251,0.000646080989108,complet,0.001908209523485,0.001262128534377,2.953514,102
Harvard500.txt,500,2636,0.850000,89,moyenne,14,251,0.000646080989108,anneau,0.001993309133398,0.001347228144290,3.085231,102
Harvard500.txt,500,2636,0.850000,89,faible,494,500,0.000300000000000,isoles,0.019520373514431,0.019220373514431,65.067912,93
Harvard500.txt,500,2636,0.850000,89,faible,494,500,0.000300000000000,complet,0.001611408691882,0.001311408691882,5.371362,102
Harvard500.txt,500,2636,0.850000,89,faible,494,500,0.000300000000000,anneau,0.001697792492082,0.001397792492082,5.659308,100
Harvard500.txt,500,2636,0.850000,90,forte,7,1,0.103639770584333,isoles,0.123413060254386,0.019773289670053,1.190789,93
Harvard500.txt,500,2636,0.850000,90,forte,7,1,0.103639770584333,complet,0.090309947925195,-0.013329822659137,0.871383,102
Harvard500.txt,500,2636,0.850000,90,forte,7,1,0.103639770584333,anneau,0.084616754467940,-0.019023016116392,0.816451,113
Harvard500.txt,500,2636,0.850000,90,moyenne,14,251,0.000646080989108,isoles,0.020039883899446,0.019393802910339,31.017603,93
Harvard500.txt,500,2636,0.850000,90,moyenne,14,251,0.000646080989108,complet,0.001905878712611,0.001259797723503,2.949907,102
Harvard500.txt,500,2636,0.850000,90,moyenne,14,251,0.000646080989108,anneau,0.001989930712220,0.001343849723112,3.080002,102
Harvard500.txt,500,2636,0.850000,90,faible,494,500,0.000300000000000,isoles,0.019703389830508,0.019403389830508,65.677966,93
Harvard500.txt,500,2636,0.850000,90,faible,494,500,0.000300000000000,complet,0.001609578930772,0.001309578930772,5.365263,102
Harvard500.txt,500,2636,0.850000,90,faible,494,500,0.000300000000000,anneau,0.001694914934171,0.001394914934171,5.649716,100
Harvard500.txt,500,2636,0.850000,91,forte,7,1,0.103639770584333,isoles,0.123598934381769,0.019959163797436,1.192582,93
Harvard500.txt,500,2636,0.850000,91,forte,7,1,0.103639770584333,complet,0.090158751568822,-0.013481019015511,0.869924,102
Harvard500.txt,500,2636,0.850000,91,forte,7,1,0.103639770584333,anneau,0.084473578391667,-0.019166192192666,0.815069,113
Harvard500.txt,500,2636,0.850000,91,moyenne,14,251,0.000646080989108,isoles,0.020222190751396,0.019576109762288,31.299777,93
Harvard500.txt,500,2636,0.850000,91,moyenne,14,251,0.000646080989108,complet,0.001903537129135,0.001257456140027,2.946283,102
Harvard500.txt,500,2636,0.850000,91,moyenne,14,251,0.000646080989108,anneau,0.001986563713617,0.001340482724509,3.074791,102
Harvard500.txt,500,2636,0.850000,91,faible,494,500,0.000300000000000,isoles,0.019885786802030,0.019585786802030,66.285956,93
Harvard500.txt,500,2636,0.850000,91,faible,494,500,0.000300000000000,complet,0.001607736742820,0.001307736742820,5.359122,102
Harvard500.txt,500,2636,0.850000,91,faible,494,500,0.000300000000000,anneau,0.001692047105730,0.001392047105730,5.640157,100
Harvard500.txt,500,2636,0.850000,92,forte,7,1,0.103639770584333,isoles,0.123784180556019,0.020144409971686,1.194369,93
Harvard500.txt,500,2636,0.850000,92,forte,7,1,0.103639770584333,complet,0.090008033049227,-0.013631737535105,0.868470,102
Harvard500.txt,500,2636,0.850000,92,forte,7,1,0.103639770584333,anneau,0.084330886095929,-0.019308884488404,0.813692,113
Harvard500.txt,500,2636,0.850000,92,moyenne,14,251,0.000646080989108,isoles,0.020403881701818,0.019757800712710,31.580997,93
Harvard500.txt,500,2636,0.850000,92,moyenne,14,251,0.000646080989108,complet,0.001901185399862,0.001255104410754,2.942643,102
Harvard500.txt,500,2636,0.850000,92,moyenne,14,251,0.000646080989108,anneau,0.001983208081237,0.001337127092129,3.069597,103
Harvard500.txt,500,2636,0.850000,92,faible,494,500,0.000300000000000,isoles,0.020067567567568,0.019767567567568,66.891892,93
Harvard500.txt,500,2636,0.850000,92,faible,494,500,0.000300000000000,complet,0.001605882761947,0.001305882761947,5.352943,102
Harvard500.txt,500,2636,0.850000,92,faible,494,500,0.000300000000000,anneau,0.001689188958722,0.001389188958722,5.630630,100
Harvard500.txt,500,2636,0.850000,93,forte,7,1,0.103639770584333,isoles,0.123968801953964,0.020329031369631,1.196151,93
Harvard500.txt,500,2636,0.850000,93,forte,7,1,0.103639770584333,complet,0.089857790949550,-0.013781979634782,0.867020,102
Harvard500.txt,500,2636,0.850000,93,forte,7,1,0.103639770584333,anneau,0.084188675121705,-0.019451095462627,0.812320,113
Harvard500.txt,500,2636,0.850000,93,moyenne,14,251,0.000646080989108,isoles,0.020584959866572,0.019938878877465,31.861268,93
Harvard500.txt,500,2636,0.850000,93,moyenne,14,251,0.000646080989108,complet,0.001898824124210,0.001252743135102,2.938988,102
Harvard500.txt,500,2636,0.850000,93,moyenne,14,251,0.000646080989108,anneau,0.001979863758950,0.001333782769842,3.064420,103
Harvard500.txt,500,2636,0.850000,93,faible,494,500,0.000300000000000,isoles,0.020248735244519,0.019948735244519,67.495784,93
Harvard500.txt,500,2636,0.850000,93,faible,494,500,0.000300000000000,complet,0.001604017594689,0.001304017594689,5.346725,102
Harvard500.txt,500,2636,0.850000,93,faible,494,500,0.000300000000000,anneau,0.001686340445243,0.001386340445243,5.621135,100
Harvard500.txt,500,2636,0.850000,94,forte,7,1,0.103639770584333,isoles,0.124152801731041,0.020513031146708,1.197926,93
Harvard500.txt,500,2636,0.850000,94,forte,7,1,0.103639770584333,complet,0.089708023822382,-0.013931746761950,0.865575,102
Harvard500.txt,500,2636,0.850000,94,forte,7,1,0.103639770584333,anneau,0.084046943028119,-0.019592827556214,0.810953,113
Harvard500.txt,500,2636,0.850000,94,moyenne,14,251,0.000646080989108,isoles,0.020765428340537,0.020119347351429,32.140596,93
Harvard500.txt,500,2636,0.850000,94,moyenne,14,251,0.000646080989108,complet,0.001896453875602,0.001250372886495,2.935319,102
Harvard500.txt,500,2636,0.850000,94,moyenne,14,251,0.000646080989108,anneau,0.001976530690711,0.001330449701603,3.059261,103
Harvard500.txt,500,2636,0.850000,94,faible,494,500,0.000300000000000,isoles,0.020429292929293,0.020129292929293,68.097643,93
Harvard500.txt,500,2636,0.850000,94,faible,494,500,0.000300000000000,complet,0.001602141821587,0.001302141821587,5.340473,102
Harvard500.txt,500,2636,0.850000,94,faible,494,500,0.000300000000000,anneau,0.001683501517550,0.001383501517550,5.611672,101
Harvard500.txt,500,2636,0.850000,95,forte,7,1,0.103639770584333,isoles,0.124336183021473,0.020696412437140,1.199696,93
Harvard500.txt,500,2636,0.850000,95,forte,7,1,0.103639770584333,complet,0.089558730192013,-0.014081040392319,0.864135,102
Harvard500.txt,500,2636,0.850000,95,forte,7,1,0.103639770584333,anneau,0.083905687392404,-0.019734083191928,0.809590,113
Harvard500.txt,500,2636,0.850000,95,moyenne,14,251,0.000646080989108,isoles,0.020945290197782,0.020299209208674,32.418985,93
Harvard500.txt,500,2636,0.850000,95,moyenne,14,251,0.000646080989108,complet,0.001894075202772,0.001247994213664,2.931637,102
Harvard500.txt,500,2636,0.850000,95,moyenne,14,251,0.000646080989108,anneau,0.001973208820689,0.001327127831581,3.054120,103
Harvard500.txt,500,2636,0.850000,95,faible,494,500,0.000300000000000,isoles,0.020609243697479,0.020309243697479,68.697479,93
Harvard500.txt,500,2636,0.850000,95,faible,494,500,0.000300000000000,complet,0.001600255998492,0.001300255998492,5.334187,102
Harvard500.txt,500,2636,0.850000,95,faible,494,500,0.000300000000000,anneau,0.001680672128086,0.001380672128086,5.602240,101
Harvard500.txt,500,2636,0.850000,96,forte,7,1,0.103639770584333,isoles,0.124518948938446,0.020879178354113,1.201459,93
Harvard500.txt,500,2636,0.850000,96,forte,7,1,0.103639770584333,complet,0.089409908556536,-0.014229862027797,0.862699,102
Harvard500.txt,500,2636,0.850000,96,forte,7,1,0.103639770584333,anneau,0.083764905808989,-0.019874864775344,0.808231,113
Harvard500.txt,500,2636,0.850000,96,moyenne,14,251,0.000646080989108,isoles,0.021124548491747,0.020478467502640,32.696440,93
Harvard500.txt,500,2636,0.850000,96,moyenne,14,251,0.000646080989108,complet,0.001891688630993,0.001245607641885,2.927943,102
Harvard500.txt,500,2636,0.850000,96,moyenne,14,251,0.000646080989108,anneau,0.001969898093322,0.001323817104215,3.048996,104
Harvard500.txt,500,2636,0.850000,96,faible,494,500,0.000300000000000,isoles,0.020788590604027,0.020488590604027,69.295302,93
Harvard500.txt,500,2636,0.850000,96,faible,494,500,0.000300000000000,complet,0.001598360657790,0.001298360657790,5.327869,102
Harvard500.txt,500,2636,0.850000,96,faible,494,500,0.000300000000000,anneau,0.001677852229496,0.001377852229496,5.592841,102
Harvard500.txt,500,2636,0.850000,97,forte,7,1,0.103639770584333,isoles,0.124701102574291,0.021061331989958,1.203217,93
Harvard500.txt,500,2636,0.850000,97,forte,7,1,0.103639770584333,complet,0.089261557389822,-0.014378213194511,0.861267,102
Harvard500.txt,500,2636,0.850000,97,forte,7,1,0.103639770584333,anneau,0.083624595890923,-0.020015174693410,0.806877,114
Harvard500.txt,500,2636,0.850000,97,moyenne,14,251,0.000646080989108,isoles,0.021303206255415,0.020657125266307,32.972966,93
Harvard500.txt,500,2636,0.850000,97,moyenne,14,251,0.000646080989108,complet,0.001889294663238,0.001243213674131,2.924238,102
Harvard500.txt,500,2636,0.850000,97,moyenne,14,251,0.000646080989108,anneau,0.001966598453556,0.001320517464449,3.043888,104
Harvard500.txt,500,2636,0.850000,97,faible,494,500,0.000300000000000,isoles,0.020967336683417,0.020667336683417,69.891122,93
Harvard500.txt,500,2636,0.850000,97,faible,494,500,0.000300000000000,complet,0.001596456309563,0.001296456309563,5.321521,102
Harvard500.txt,500,2636,0.850000,97,faible,494,500,0.000300000000000,anneau,0.001675041774644,0.001375041774644,5.583473,102
Harvard500.txt,500,2636,0.850000,98,forte,7,1,0.103639770584333,isoles,0.124882647000651,0.021242876416318,1.204968,93
Harvard500.txt,500,2636,0.850000,98,forte,7,1,0.103639770584333,complet,0.089113675143373,-0.014526095440960,0.859841,102
Harvard500.txt,500,2636,0.850000,98,forte,7,1,0.103639770584333,anneau,0.083484755264866,-0.020155015319467,0.805528,114
Harvard500.txt,500,2636,0.850000,98,moyenne,14,251,0.000646080989108,isoles,0.021481266501479,0.020835185512371,33.248566,93
Harvard500.txt,500,2636,0.850000,98,moyenne,14,251,0.000646080989108,complet,0.001886893781272,0.001240812792164,2.920522,102
Harvard500.txt,500,2636,0.850000,98,moyenne,14,251,0.000646080989108,anneau,0.001963309845450,0.001317228856342,3.038798,104
Harvard500.txt,500,2636,0.850000,98,faible,494,500,0.000300000000000,isoles,0.021145484949833,0.020845484949833,70.484950,93
Harvard500.txt,500,2636,0.850000,98,faible,494,500,0.000300000000000,complet,0.001594543442672,0.001294543442672,5.315145,102
Harvard500.txt,500,2636,0.850000,98,faible,494,500,0.000300000000000,anneau,0.001672240716627,0.001372240716627,5.574136,103
Harvard500.txt,500,2636,0.850000,99,forte,7,1,0.103639770584333,isoles,0.125063585268659,0.021423814684327,1.206714,93
Harvard500.txt,500,2636,0.850000,99,forte,7,1,0.103639770584333,complet,0.088966260248062,-0.014673510336271,0.858418,102
Harvard500.txt,500,2636,0.850000,99,forte,7,1,0.103639770584333,anneau,0.083345381576830,-0.020294389007503,0.804183,114
Harvard500.txt,500,2636,0.850000,99,moyenne,14,251,0.000646080989108,isoles,0.021658732222513,0.021012651233406,33.523246,93
Harvard500.txt,500,2636,0.850000,99,moyenne,14,251,0.000646080989108,complet,0.001884486446673,0.001238405457566,2.916796,102
Harvard500.txt,500,2636,0.850000,99,moyenne,14,251,0.000646080989108,anneau,0.001960032215357,0.001313951226250,3.033725,105
Harvard500.txt,500,2636,0.850000,99,faible,494,500,0.000300000000000,isoles,0.021323038397329,0.021023038397329,71.076795,93
Harvard500.txt,500,2636,0.850000,99,faible,494,500,0.000300000000000,complet,0.001592622525788,0.001292622525788,5.308742,102
Harvard500.txt,500,2636,0.850000,99,faible,494,500,0.000300000000000,anneau,0.001669449008784,0.001369449008784,5.564830,103
Harvard500.txt,500,2636,0.850000,100,forte,7,1,0.103639770584333,isoles,0.125243920409108,0.021604149824775,1.208454,93
Harvard500.txt,500,2636,0.850000,100,forte,7,1,0.103639770584333,complet,0.088819311115769,-0.014820459468564,0.857000,102
Harvard500.txt,500,2636,0.850000,100,forte,7,1,0.103639770584333,anneau,0.083206472488745,-0.020433298095588,0.802843,114
Harvard500.txt,500,2636,0.850000,100,moyenne,14,251,0.000646080989108,isoles,0.021835606391145,0.021189525402037,33.797011,93
Harvard500.txt,500,2636,0.850000,100,moyenne,14,251,0.000646080989108,complet,0.001882073101812,0.001235992112704,2.913061,102
Harvard500.txt,500,2636,0.850000,100,moyenne,14,251,0.000646080989108,anneau,0.001956765509271,0.001310684520163,3.028669,105
Harvard500.txt,500,2636,0.850000,100,faible,494,500,0.000300000000000,isoles,0.021500000000000,0.021200000000000,71.666667,93
Harvard500.txt,500,2636,0.850000,100,faible,494,500,0.000300000000000,complet,0.001590694008356,0.001290694008356,5.302313,102
Harvard500.txt,500,2636,0.850000,100,faible,494,500,0.000300000000000,anneau,0.001666666604704,0.001366666604704,5.555555,103
Harvard500.txt,500,2636,0.850000,101,forte,7,1,0.103639770584333,isoles,0.125423655432616,0.021783884848283,1.210188,93
Harvard500.txt,500,2636,0.850000,101,forte,7,1,0.103639770584333,complet,0.088672826140916,-0.014966944443417,0.855587,102
Harvard500.txt,500,2636,0.850000,101,forte,7,1,0.103639770584333,anneau,0.083068025678132,-0.020571744906200,0.801507,114
Harvard500.txt,500,2636,0.850000,101,moyenne,14,251,0.000646080989108,isoles,0.022011891960213,0.021365810971106,34.069865,93
Harvard500.txt,500,2636,0.850000,101,moyenne,14,251,0.000646080989108,complet,0.001879654170758,0.001233573181650,2.909317,102
Harvard500.txt,500,2636,0.850000,101,moyenne,14,251,0.000646080989108,anneau,0.001953509671023,0.001307428681915,3.023630,106
Harvard500.txt,500,2636,0.850000,101,faible,494,500,0.000300000000000,isoles,0.021676372712146,0.021376372712146,72.254576,93
Harvard500.txt,500,2636,0.850000,101,faible,494,500,0.000300000000000,complet,0.001588758321513,0.001288758321513,5.295861,102
Harvard500.txt,500,2636,0.850000,101,faible,494,500,0.000300000000000,anneau,0.001663893458235,0.001363893458235,5.546312,103
Harvard500.txt,500,2636,0.850000,102,forte,7,1,0.103639770584333,isoles,0.125602793329801,0.021963022745468,1.211917,93
Harvard500.txt,500,2636,0.850000,102,forte,7,1,0.103639770584333,complet,0.088526803701914,-0.015112966882419,0.854178,102
Harvard500.txt,500,2636,0.850000,102,forte,7,1,0.103639770584333,anneau,0.082930038838588,-0.020709731745745,0.800176,114
Harvard500.txt,500,2636,0.850000,102,moyenne,14,251,0.000646080989108,isoles,0.022187591862940,0.021541510873832,34.341812,93
Harvard500.txt,500,2636,0.850000,102,moyenne,14,251,0.000646080989108,complet,0.001877230060149,0.001231149071041,2.905565,102
Harvard500.txt,500,2636,0.850000,102,moyenne,14,251,0.000646080989108,anneau,0.001950264647545,0.001304183658437,3.018607,106
Harvard500.txt,500,2636,0.850000,102,faible,494,500,0.000300000000000,isoles,0.021852159468439,0.021552159468439,72.840532,93
Harvard500.txt,500,2636,0.850000,102,faible,494,500,0.000300000000000,complet,0.001586815878944,0.001286815878944,5.289386,102
Harvard500.txt,500,2636,0.850000,102,faible,494,500,0.000300000000000,anneau,0.001661129523487,0.001361129523487,5.537098,104
Harvard500.txt,500,2636,0.850000,103,forte,7,1,0.103639770584333,isoles,0.125781337071439,0.022141566487106,1.213640,93
Harvard500.txt,500,2636,0.850000,103,forte,7,1,0.103639770584333,complet,0.088381242162517,-0.015258528421816,0.852773,102
Harvard500.txt,500,2636,0.850000,103,forte,7,1,0.103639770584333,anneau,0.082792509681192,-0.020847260903140,0.798849,115
Harvard500.txt,500,2636,0.850000,103,moyenne,14,251,0.000646080989108,isoles,0.022362709013086,0.021716628023978,34.612857,93
Harvard500.txt,500,2636,0.850000,103,moyenne,14,251,0.000646080989108,complet,0.001874801160004,0.001228720170896,2.901805,102
Harvard500.txt,500,2636,0.850000,103,moyenne,14,251,0.000646080989108,anneau,0.001947030385913,0.001300949396805,3.013601,107
Harvard500.txt,500,2636,0.850000,103,faible,494,500,0.000300000000000,isoles,0.022027363184080,0.021727363184080,73.424544,93
Harvard500.txt,500,2636,0.850000,103,faible,494,500,0.000300000000000,complet,0.001584867077705,0.001284867077705,5.282890,102
Harvard500.txt,500,2636,0.850000,103,faible,494,500,0.000300000000000,anneau,0.001658374754840,0.001358374754840,5.527916,104
Harvard500.txt,500,2636,0.850000,104,forte,7,1,0.103639770584333,isoles,0.125959289608635,0.022319519024302,1.215357,93
Harvard500.txt,500,2636,0.850000,104,forte,7,1,0.103639770584333,complet,0.088236139873103,-0.015403630711229,0.851373,102
Harvard500.txt,500,2636,0.850000,104,forte,7,1,0.103639770584333,anneau,0.082655435928395,-0.020984334655938,0.797526,115
Harvard500.txt,500,2636,0.850000,104,moyenne,14,251,0.000646080989108,isoles,0.022537246305120,0.021891165316012,34.883005,93
Harvard500.txt,500,2636,0.850000,104,moyenne,14,251,0.000646080989108,complet,0.001872367844496,0.001226286855388,2.898039,102
Harvard500.txt,500,2636,0.850000,104,moyenne,14,251,0.000646080989108,anneau,0.001943806831878,0.001297725842771,3.008612,107
Harvard500.txt,500,2636,0.850000,104,faible,494,500,0.000300000000000,isoles,0.022201986754967,0.021901986754967,74.006623,93
Harvard500.txt,500,2636,0.850000,104,faible,494,500,0.000300000000000,complet,0.001582912298984,0.001282912298984,5.276374,102
Harvard500.txt,500,2636,0.850000,104,faible,494,500,0.000300000000000,anneau,0.001655629139073,0.001355629139073,5.518764,104
Harvard500.txt,500,2636,0.850000,105,forte,7,1,0.103639770584333,isoles,0.126136653872980,0.022496883288647,1.217068,93
Harvard500.txt,500,2636,0.850000,105,forte,7,1,0.103639770584333,complet,0.088091495171879,-0.015548275412454,0.849978,102
Harvard500.txt,500,2636,0.850000,105,forte,7,1,0.103639770584333,anneau,0.082518815319387,-0.021120955264946,0.796208,115
Harvard500.txt,500,2636,0.850000,105,moyenne,14,251,0.000646080989108,isoles,0.022711206614370,0.022065125625262,35.152260,93
Harvard500.txt,500,2636,0.850000,105,moyenne,14,251,0.000646080989108,complet,0.001869930472679,0.001223849483571,2.894266,102
Harvard500.txt,500,2636,0.850000,105,moyenne,14,251,0.000646080989108,anneau,0.001940593946726,0.001294512957618,3.003639,107
Harvard500.txt,500,2636,0.850000,105,faible,494,500,0.000300000000000,isoles,0.022376033057851,0.022076033057851,74.586777,93
Harvard500.txt,500,2636,0.850000,105,faible,494,500,0.000300000000000,complet,0.001580951908836,0.001280951908836,5.269840,102
Harvard500.txt,500,2636,0.850000,105,faible,494,500,0.000300000000000,anneau,0.001652892561983,0.001352892561983,5.509642,104
Harvard500.txt,500,2636,0.850000,106,forte,7,1,0.103639770584333,isoles,0.126313432776717,0.022673662192385,1.218774,93
Harvard500.txt,500,2636,0.850000,106,forte,7,1,0.103639770584333,complet,0.087947306386006,-0.015692464198327,0.848586,102
Harvard500.txt,500,2636,0.850000,106,forte,7,1,0.103639770584333,anneau,0.082382645613949,-0.021257124970383,0.794894,116
Harvard500.txt,500,2636,0.850000,106,moyenne,14,251,0.000646080989108,isoles,0.022884592797186,0.022238511808079,35.420626,93
Harvard500.txt,500,2636,0.850000,106,moyenne,14,251,0.000646080989108,complet,0.001867489389181,0.001221408400073,2.890488,102
Harvard500.txt,500,2636,0.850000,106,moyenne,14,251,0.000646080989108,anneau,0.001937391636424,0.001291310647316,2.998682,107
Harvard500.txt,500,2636,0.850000,106,faible,494,500,0.000300000000000,isoles,0.022549504950495,0.022249504950495,75.165017,93
Harvard500.txt,500,2636,0.850000,106,faible,494,500,0.000300000000000,complet,0.001578986258866,0.001278986258866,5.263288,102
Harvard500.txt,500,2636,0.850000,106,faible,494,500,0.000300000000000,anneau,0.001650165016502,0.001350165016502,5.500550,104
Harvard500.txt,500,2636,0.850000,107,forte,7,1,0.103639770584333,isoles,0.126489629212897,0.022849858628564,1.220474,93
Harvard500.txt,500,2636,0.850000,107,forte,7,1,0.103639770584333,complet,0.087803571832673,-0.015836198751660,0.847200,102
Harvard500.txt,500,2636,0.850000,107,forte,7,1,0.103639770584333,anneau,0.082246924581103,-0.021392846003229,0.793585,116
Harvard500.txt,500,2636,0.850000,107,moyenne,14,251,0.000646080989108,isoles,0.023057407691098,0.022411326701990,35.688107,93
Harvard500.txt,500,2636,0.850000,107,moyenne,14,251,0.000646080989108,complet,0.001865044924856,0.001218963935748,2.886705,102
Harvard500.txt,500,2636,0.850000,107,moyenne,14,251,0.000646080989108,anneau,0.001934199918234,0.001288118929127,2.993742,107
Harvard500.txt,500,2636,0.850000,107,faible,494,500,0.000300000000000,isoles,0.022722405271829,0.022422405271829,75.741351,93
Harvard500.txt,500,2636,0.850000,107,faible,494,500,0.000300000000000,complet,0.001577015686889,0.001277015686889,5.256719,102
Harvard500.txt,500,2636,0.850000,107,faible,494,500,0.000300000000000,anneau,0.001647446457990,0.001347446457990,5.491488,104
Harvard500.txt,500,2636,0.850000,108,forte,7,1,0.103639770584333,isoles,0.126665246055537,0.023025475471204,1.222168,93
Harvard500.txt,500,2636,0.850000,108,forte,7,1,0.103639770584333,complet,0.087660289820096,-0.015979480764237,0.845817,102
Harvard500.txt,500,2636,0.850000,108,forte,7,1,0.103639770584333,anneau,0.082111650002769,-0.021528120581564,0.792279,117
Harvard500.txt,500,2636,0.850000,108,moyenne,14,251,0.000646080989108,isoles,0.023229654114963,0.022583573125855,35.954709,93
Harvard500.txt,500,2636,0.850000,108,moyenne,14,251,0.000646080989108,complet,0.001862597397401,0.001216516408293,2.882916,102
Harvard500.txt,500,2636,0.850000,108,moyenne,14,251,0.000646080989108,anneau,0.001931018668369,0.001284937679261,2.988818,107
Harvard500.txt,500,2636,0.850000,108,faible,494,500,0.000300000000000,isoles,0.022894736842105,0.022594736842105,76.315789,93
Harvard500.txt,500,2636,0.850000,108,faible,494,500,0.000300000000000,complet,0.001575040517537,0.001275040517537,5.250135,102
Harvard500.txt,500,2636,0.850000,108,faible,494,500,0.000300000000000,anneau,0.001644736842105,0.001344736842105,5.482456,104
Harvard500.txt,500,2636,0.850000,109,forte,7,1,0.103639770584333,isoles,0.126840286159776,0.023200515575444,1.223857,93
Harvard500.txt,500,2636,0.850000,109,forte,7,1,0.103639770584333,complet,0.087517458648467,-0.016122311935866,0.844439,102
Harvard500.txt,500,2636,0.850000,109,forte,7,1,0.103639770584333,anneau,0.081976819680620,-0.021662950903713,0.790978,118
Harvard500.txt,500,2636,0.850000,109,moyenne,14,251,0.000646080989108,isoles,0.023401334869128,0.022755253880020,36.220436,93
Harvard500.txt,500,2636,0.850000,109,moyenne,14,251,0.000646080989108,complet,0.001860147111943,0.001214066122835,2.879124,102
Harvard500.txt,500,2636,0.850000,109,moyenne,14,251,0.000646080989108,anneau,0.001927847865958,0.001281766876850,2.983911,107
Harvard500.txt,500,2636,0.850000,109,faible,494,500,0.000300000000000,isoles,0.023066502463054,0.022766502463054,76.888342,93
Harvard500.txt,500,2636,0.850000,109,faible,494,500,0.000300000000000,complet,0.001573061062853,0.001273061062853,5.243537,102
Harvard500.txt,500,2636,0.850000,109,faible,494,500,0.000300000000000,anneau,0.001642036124795,0.001342036124795,5.473454,104
Harvard500.txt,500,2636,0.850000,110,forte,7,1,0.103639770584333,isoles,0.127014752362035,0.023374981777702,1.225541,93
Harvard500.txt,500,2636,0.850000,110,forte,7,1,0.103639770584333,complet,0.087375076610842,-0.016264693973490,0.843065,102
Harvard500.txt,500,2636,0.850000,110,forte,7,1,0.103639770584333,anneau,0.081842431425064,-0.021797339159269,0.789682,118
Harvard500.txt,500,2636,0.850000,110,moyenne,14,251,0.000646080989108,isoles,0.023572452735574,0.022926371746466,36.485291,93
Harvard500.txt,500,2636,0.850000,110,moyenne,14,251,0.000646080989108,complet,0.001857694361280,0.001211613372172,2.875327,103
Harvard500.txt,500,2636,0.850000,110,moyenne,14,251,0.000646080989108,anneau,0.001924687459620,0.001278606470512,2.979019,107
Harvard500.txt,500,2636,0.850000,110,faible,494,500,0.000300000000000,isoles,0.023237704918033,0.022937704918033,77.459016,93
Harvard500.txt,500,2636,0.850000,110,faible,494,500,0.000300000000000,complet,0.001571077622843,0.001271077622843,5.236925,102
Harvard500.txt,500,2636,0.850000,110,faible,494,500,0.000300000000000,anneau,0.001639344262295,0.001339344262295,5.464481,104
Harvard500.txt,500,2636,0.850000,111,forte,7,1,0.103639770584333,isoles,0.127188647480162,0.023548876895830,1.227219,93
Harvard500.txt,500,2636,0.850000,111,forte,7,1,0.103639770584333,complet,0.087233141993989,-0.016406628590344,0.841696,102
Harvard500.txt,500,2636,0.850000,111,forte,7,1,0.103639770584333,anneau,0.081708483073593,-0.021931287510740,0.788389,119
Harvard500.txt,500,2636,0.850000,111,moyenne,14,251,0.000646080989108,isoles,0.023743010478071,0.023096929488964,36.749279,93
Harvard500.txt,500,2636,0.850000,111,moyenne,14,251,0.000646080989108,complet,0.001855239427668,0.001209158438560,2.871528,103
Harvard500.txt,500,2636,0.850000,111,moyenne,14,251,0.000646080989108,anneau,0.001921537398311,0.001275456409204,2.974143,107
Harvard500.txt,500,2636,0.850000,111,faible,494,500,0.000300000000000,isoles,0.023408346972177,0.023108346972177,78.027823,93
Harvard500.txt,500,2636,0.850000,111,faible,494,500,0.000300000000000,complet,0.001569090485998,0.001269090485998,5.230302,102
Harvard500.txt,500,2636,0.850000,111,faible,494,500,0.000300000000000,anneau,0.001636661211129,0.001336661211129,5.455537,104
Harvard500.txt,500,2636,0.850000,112,forte,7,1,0.103639770584333,isoles,0.127361974313590,0.023722203729257,1.228891,93
Harvard500.txt,500,2636,0.850000,112,forte,7,1,0.103639770584333,complet,0.087091653079170,-0.016548117505163,0.840330,102
Harvard500.txt,500,2636,0.850000,112,forte,7,1,0.103639770584333,anneau,0.081574972464613,-0.022064798119720,0.787101,120
Harvard500.txt,500,2636,0.850000,112,moyenne,14,251,0.000646080989108,isoles,0.023913010842325,0.023266929853217,37.012404,93
Harvard500.txt,500,2636,0.850000,112,moyenne,14,251,0.000646080989108,complet,0.001852782581428,0.001206701592321,2.867725,103
Harvard500.txt,500,2636,0.850000,112,moyenne,14,251,0.000646080989108,anneau,0.001918397631321,0.001272316642213,2.969284,107
Harvard500.txt,500,2636,0.850000,112,faible,494,500,0.000300000000000,isoles,0.023578431372549,0.023278431372549,78.594771,93
Harvard500.txt,500,2636,0.850000,112,faible,494,500,0.000300000000000,complet,0.001567099929800,0.001267099929800,5.223666,102
Harvard500.txt,500,2636,0.850000,112,faible,494,500,0.000300000000000,anneau,0.001633986928105,0.001333986928105,5.446623,104
Harvard500.txt,500,2636,0.850000,113,forte,7,1,0.103639770584333,isoles,0.127534735643482,0.023894965059149,1.230558,93
Harvard500.txt,500,2636,0.850000,113,forte,7,1,0.103639770584333,complet,0.086950608142897,-0.016689162441435,0.838970,102
Harvard500.txt,500,2636,0.850000,113,forte,7,1,0.103639770584333,anneau,0.081441897459861,-0.022197873124472,0.785817,120
Harvard500.txt,500,2636,0.850000,113,moyenne,14,251,0.000646080989108,isoles,0.024082456556124,0.023436375567017,37.274671,93
Harvard500.txt,500,2636,0.850000,113,moyenne,14,251,0.000646080989108,complet,0.001850324082685,0.001204243093577,2.863920,103
Harvard500.txt,500,2636,0.850000,113,moyenne,14,251,0.000646080989108,anneau,0.001915268108268,0.001269187119160,2.964440,107
Harvard500.txt,500,2636,0.850000,113,faible,494,500,0.000300000000000,isoles,0.023747960848287,0.023447960848287,79.159869,93
Harvard500.txt,500,2636,0.850000,113,faible,494,500,0.000300000000000,complet,0.001565106220874,0.001265106220874,5.217021,103
Harvard500.txt,500,2636,0.850000,113,faible,494,500,0.000300000000000,anneau,0.001631321370310,0.001331321370310,5.437738,104
Harvard500.txt,500,2636,0.850000,114,forte,7,1,0.103639770584333,isoles,0.127706934232886,0.024067163648554,1.232219,93
Harvard500.txt,500,2636,0.850000,114,forte,7,1,0.103639770584333,complet,0.086810005457634,-0.016829765126698,0.837613,102
Harvard500.txt,500,2636,0.850000,114,forte,7,1,0.103639770584333,anneau,0.081309255921067,-0.022330514663265,0.784537,121
Harvard500.txt,500,2636,0.850000,114,moyenne,14,251,0.000646080989108,isoles,0.024251350329488,0.023605269340380,37.536084,93
Harvard500.txt,500,2636,0.850000,114,moyenne,14,251,0.000646080989108,complet,0.001847864181497,0.001201783192389,2.860112,103
Harvard500.txt,500,2636,0.850000,114,moyenne,14,251,0.000646080989108,anneau,0.001912148779101,0.001266067789994,2.959612,107
Harvard500.txt,500,2636,0.850000,114,faible,494,500,0.000300000000000,isoles,0.023916938110749,0.023616938110749,79.723127,93
Harvard500.txt,500,2636,0.850000,114,faible,494,500,0.000300000000000,complet,0.001563109616705,0.001263109616705,5.210365,103
Harvard500.txt,500,2636,0.850000,114,faible,494,500,0.000300000000000,anneau,0.001628664495114,0.001328664495114,5.428882,104
Harvard500.txt,500,2636,0.850000,115,forte,7,1,0.103639770584333,isoles,0.127878572826878,0.024238802242545,1.233875,93
Harvard500.txt,500,2636,0.850000,115,forte,7,1,0.103639770584333,complet,0.086669843295620,-0.016969927288713,0.836260,103
Harvard500.txt,500,2636,0.850000,115,forte,7,1,0.103639770584333,anneau,0.081177045738670,-0.022462724845663,0.783262,122
Harvard500.txt,500,2636,0.850000,115,moyenne,14,251,0.000646080989108,isoles,0.024419694854808,0.023773613865700,37.796647,93
Harvard500.txt,500,2636,0.850000,115,moyenne,14,251,0.000646080989108,complet,0.001845403118292,0.001199322129184,2.856303,103
Harvard500.txt,500,2636,0.850000,115,moyenne,14,251,0.000646080989108,anneau,0.001909039594095,0.001262958604987,2.954799,107
Harvard500.txt,500,2636,0.850000,115,faible,494,500,0.000300000000000,isoles,0.024085365853659,0.023785365853659,80.284553,93
Harvard500.txt,500,2636,0.850000,115,faible,494,500,0.000300000000000,complet,0.001561110364168,0.001261110364168,5.203701,103
Harvard500.txt,500,2636,0.850000,115,faible,494,500,0.000300000000000,anneau,0.001626016260163,0.001326016260163,5.420054,104
Harvard500.txt,500,2636,0.850000,116,forte,7,1,0.103639770584333,isoles,0.128049654152707,0.024409883568375,1.235526,93
Harvard500.txt,500,2636,0.850000,116,forte,7,1,0.103639770584333,complet,0.086530119916882,-0.017109650667451,0.834912,103
Harvard500.txt,500,2636,0.850000,116,forte,7,1,0.103639770584333,anneau,0.081045264804679,-0.022594505779654,0.781990,122
Harvard500.txt,500,2636,0.850000,116,moyenne,14,251,0.000646080989108,isoles,0.024587492806994,0.023941411817886,38.056363,93
Harvard500.txt,500,2636,0.850000,116,moyenne,14,251,0.000646080989108,complet,0.001842941124265,0.001196860135157,2.852492,103
Harvard500.txt,500,2636,0.850000,116,moyenne,14,251,0.000646080989108,anneau,0.001905940503845,0.001259859514737,2.950002,107
Harvard500.txt,500,2636,0.850000,116,faible,494,500,0.000300000000000,isoles,0.024253246753247,0.023953246753247,80.844156,93
Harvard500.txt,500,2636,0.850000,116,faible,494,500,0.000300000000000,complet,0.001559108701199,0.001259108701199,5.197029,103
Harvard500.txt,500,2636,0.850000,116,faible,494,500,0.000300000000000,anneau,0.001623376623377,0.001323376623377,5.411255,103
Harvard500.txt,500,2636,0.850000,117,forte,7,1,0.103639770584333,isoles,0.128220180919944,0.024580410335611,1.237172,93
Harvard500.txt,500,2636,0.850000,117,forte,7,1,0.103639770584333,complet,0.086390833588715,-0.017248936995618,0.833568,103
Harvard500.txt,500,2636,0.850000,117,forte,7,1,0.103639770584333,anneau,0.080913911046691,-0.022725859537642,0.780723,123
Harvard500.txt,500,2636,0.850000,117,moyenne,14,251,0.000646080989108,isoles,0.024754746843614,0.024108665854506,38.315238,93
Harvard500.txt,500,2636,0.850000,117,moyenne,14,251,0.000646080989108,complet,0.001840478421774,0.001194397432666,2.848681,103
Harvard500.txt,500,2636,0.850000,117,moyenne,14,251,0.000646080989108,anneau,0.001902851459268,0.001256770470160,2.945221,107
Harvard500.txt,500,2636,0.850000,117,faible,494,500,0.000300000000000,isoles,0.024420583468396,0.024120583468396,81.401945,93
Harvard500.txt,500,2636,0.850000,117,faible,494,500,0.000300000000000,complet,0.001557104856866,0.001257104856866,5.190350,103
Harvard500.txt,500,2636,0.850000,117,faible,494,500,0.000300000000000,anneau,0.001620745542950,0.001320745542950,5.402485,103
Harvard500.txt,500,2636,0.850000,118,forte,7,1,0.103639770584333,isoles,0.128390155820620,0.024750385236287,1.238812,93
Harvard500.txt,500,2636,0.850000,118,forte,7,1,0.103639770584333,complet,0.086251982573673,-0.017387788010660,0.832229,103
Harvard500.txt,500,2636,0.850000,118,forte,7,1,0.103639770584333,anneau,0.080782982393521,-0.022856788190812,0.779459,123
Harvard500.txt,500,2636,0.850000,118,moyenne,14,251,0.000646080989108,isoles,0.024921459605034,0.024275378615926,38.573275,93
Harvard500.txt,500,2636,0.850000,118,moyenne,14,251,0.000646080989108,complet,0.001838015224700,0.001191934235592,2.844868,103
Harvard500.txt,500,2636,0.850000,118,moyenne,14,251,0.000646080989108,anneau,0.001899772411599,0.001253691422491,2.940456,107
Harvard500.txt,500,2636,0.850000,118,faible,494,500,0.000300000000000,isoles,0.024587378640777,0.024287378640777,81.957929,93
Harvard500.txt,500,2636,0.850000,118,faible,494,500,0.000300000000000,complet,0.001555099051733,0.001255099051733,5.183664,103
Harvard500.txt,500,2636,0.850000,118,faible,494,500,0.000300000000000,anneau,0.001618122977346,0.001318122977346,5.393743,103
Harvard500.txt,500,2636,0.850000,119,forte,7,1,0.103639770584333,isoles,0.128559581529371,0.024919810945039,1.240446,93
Harvard500.txt,500,2636,0.850000,119,forte,7,1,0.103639770584333,complet,0.086113565133230,-0.017526205451103,0.830893,103
Harvard500.txt,500,2636,0.850000,119,forte,7,1,0.103639770584333,anneau,0.080652476761545,-0.022987293822788,0.778200,124
Harvard500.txt,500,2636,0.850000,119,moyenne,14,251,0.000646080989108,isoles,0.025087633714560,0.024441552725452,38.830478,93
Harvard500.txt,500,2636,0.850000,119,moyenne,14,251,0.000646080989108,complet,0.001835551738803,0.001189470749695,2.841055,103
Harvard500.txt,500,2636,0.850000,119,moyenne,14,251,0.000646080989108,anneau,0.001896703312388,0.001250622323280,2.935705,107
Harvard500.txt,500,2636,0.850000,119,faible,494,500,0.000300000000000,isoles,0.024753634894992,0.024453634894992,82.512116,93
Harvard500.txt,500,2636,0.850000,119,faible,494,500,0.000300000000000,complet,0.001553091498217,0.001253091498217,5.176972,103
Harvard500.txt,500,2636,0.850000,119,faible,494,500,0.000300000000000,anneau,0.001615508885299,0.001315508885299,5.385030,103
Harvard500.txt,500,2636,0.850000,120,forte,7,1,0.103639770584333,isoles,0.128728460703578,0.025088690119245,1.242076,93
Harvard500.txt,500,2636,0.850000,120,forte,7,1,0.103639770584333,complet,0.085975579528280,-0.017664191056053,0.829562,103
Harvard500.txt,500,2636,0.850000,120,forte,7,1,0.103639770584333,anneau,0.080522392098810,-0.023117378485522,0.776945,124
Harvard500.txt,500,2636,0.850000,120,moyenne,14,251,0.000646080989108,isoles,0.025253271778571,0.024607190789463,39.086852,93
Harvard500.txt,500,2636,0.850000,120,moyenne,14,251,0.000646080989108,complet,0.001833088162051,0.001187007172943,2.837242,103
Harvard500.txt,500,2636,0.850000,120,moyenne,14,251,0.000646080989108,anneau,0.001893644113497,0.001247563124389,2.930970,107
Harvard500.txt,500,2636,0.850000,120,faible,494,500,0.000300000000000,isoles,0.024919354838710,0.024619354838710,83.064516,93
Harvard500.txt,500,2636,0.850000,120,faible,494,500,0.000300000000000,complet,0.001551082400911,0.001251082400911,5.170275,103
Harvard500.txt,500,2636,0.850000,120,faible,494,500,0.000300000000000,anneau,0.001612903225806,0.001312903225806,5.376344,103
Harvard500.txt,500,2636,0.850000,121,forte,7,1,0.103639770584333,isoles,0.128896795983504,0.025257025399172,1.243700,93
Harvard500.txt,500,2636,0.850000,121,forte,7,1,0.103639770584333,complet,0.085838024019605,-0.017801746564727,0.828234,103
Harvard500.txt,500,2636,0.850000,121,forte,7,1,0.103639770584333,anneau,0.080392726431319,-0.023247044153013,0.775694,124
Harvard500.txt,500,2636,0.850000,121,moyenne,14,251,0.000646080989108,isoles,0.025418376386659,0.024772295397551,39.342400,93
Harvard500.txt,500,2636,0.850000,121,moyenne,14,251,0.000646080989108,complet,0.001830624684940,0.001184543695832,2.833429,103
Harvard500.txt,500,2636,0.850000,121,moyenne,14,251,0.000646080989108,anneau,0.001890594767099,0.001244513777991,2.926250,107
Harvard500.txt,500,2636,0.850000,121,faible,494,500,0.000300000000000,isoles,0.025084541062802,0.024784541062802,83.615137,93
Harvard500.txt,500,2636,0.850000,121,faible,494,500,0.000300000000000,complet,0.001549071956910,0.001249071956910,5.163573,103
Harvard500.txt,500,2636,0.850000,121,faible,494,500,0.000300000000000,anneau,0.001610305958132,0.001310305958132,5.367687,103
Harvard500.txt,500,2636,0.850000,122,forte,7,1,0.103639770584333,isoles,0.129064589992434,0.025424819408101,1.245319,93
Harvard500.txt,500,2636,0.850000,122,forte,7,1,0.103639770584333,complet,0.085700896868321,-0.017938873716012,0.826911,103
Harvard500.txt,500,2636,0.850000,122,forte,7,1,0.103639770584333,anneau,0.080263477644163,-0.023376292940170,0.774447,124
Harvard500.txt,500,2636,0.850000,122,moyenne,14,251,0.000646080989108,isoles,0.025582950111763,0.024936869122655,39.597126,93
Harvard500.txt,500,2636,0.850000,122,moyenne,14,251,0.000646080989108,complet,0.001828161490797,0.001182080501689,2.829617,103
Harvard500.txt,500,2636,0.850000,122,moyenne,14,251,0.000646080989108,anneau,0.001887555225672,0.001241474236565,2.921546,107
Harvard500.txt,500,2636,0.850000,122,faible,494,500,0.000300000000000,isoles,0.025249196141479,0.024949196141479,84.163987,93
Harvard500.txt,500,2636,0.850000,122,faible,494,500,0.000300000000000,complet,0.001547060356109,0.001247060356109,5.156868,103
Harvard500.txt,500,2636,0.850000,122,faible,494,500,0.000300000000000,anneau,0.001607717041801,0.001307717041801,5.359057,103
Harvard500.txt,500,2636,0.850000,123,forte,7,1,0.103639770584333,isoles,0.129231845336808,0.025592074752476,1.246933,93
Harvard500.txt,500,2636,0.850000,123,forte,7,1,0.103639770584333,complet,0.085564196336290,-0.018075574248043,0.825592,103
Harvard500.txt,500,2636,0.850000,123,forte,7,1,0.103639770584333,anneau,0.080134643809382,-0.023505126774951,0.773204,124
Harvard500.txt,500,2636,0.850000,123,moyenne,14,251,0.000646080989108,isoles,0.025746995510302,0.025100914521194,39.851034,93
Harvard500.txt,500,2636,0.850000,123,moyenne,14,251,0.000646080989108,complet,0.001825698756064,0.001179617766957,2.825805,103
Harvard500.txt,500,2636,0.850000,123,moyenne,14,251,0.000646080989108,anneau,0.001884525442004,0.001238444452896,2.916856,107
Harvard500.txt,500,2636,0.850000,123,faible,494,500,0.000300000000000,isoles,0.025413322632424,0.025113322632424,84.711075,93
Harvard500.txt,500,2636,0.850000,123,faible,494,500,0.000300000000000,complet,0.001545047781490,0.001245047781490,5.150159,103
Harvard500.txt,500,2636,0.850000,123,faible,494,500,0.000300000000000,anneau,0.001605136436597,0.001305136436597,5.350455,103
Harvard500.txt,500,2636,0.850000,124,forte,7,1,0.103639770584333,isoles,0.129398564606361,0.025758794022028,1.248542,93
Harvard500.txt,500,2636,0.850000,124,forte,7,1,0.103639770584333,complet,0.085427920686523,-0.018211849897810,0.824277,103
Harvard500.txt,500,2636,0.850000,124,forte,7,1,0.103639770584333,anneau,0.080006222908441,-0.023633547675891,0.771964,124
Harvard500.txt,500,2636,0.850000,124,moyenne,14,251,0.000646080989108,isoles,0.025910515122306,0.025264434133198,40.104129,93
Harvard500.txt,500,2636,0.850000,124,moyenne,14,251,0.000646080989108,complet,0.001823236650580,0.001177155661472,2.821994,103
Harvard500.txt,500,2636,0.850000,124,moyenne,14,251,0.000646080989108,anneau,0.001881505369180,0.001235424380072,2.912182,107
Harvard500.txt,500,2636,0.850000,124,faible,494,500,0.000300000000000,isoles,0.025576923076923,0.025276923076923,85.256410,93
Harvard500.txt,500,2636,0.850000,124,faible,494,500,0.000300000000000,complet,0.001543034409399,0.001243034409399,5.143448,103
Harvard500.txt,500,2636,0.850000,124,faible,494,500,0.000300000000000,anneau,0.001602564102564,0.001302564102564,5.341880,103
Harvard500.txt,500,2636,0.850000,125,forte,7,1,0.103639770584333,isoles,0.129564750374251,0.025924979789918,1.250145,93
Harvard500.txt,500,2636,0.850000,125,forte,7,1,0.103639770584333,complet,0.085292068183547,-0.018347702400785,0.822967,103
Harvard500.txt,500,2636,0.850000,125,forte,7,1,0.103639770584333,anneau,0.079878212951788,-0.023761557632545,0.770729,124
Harvard500.txt,500,2636,0.850000,125,moyenne,14,251,0.000646080989108,isoles,0.026073511471553,0.025427430482445,40.356413,93
Harvard500.txt,500,2636,0.850000,125,moyenne,14,251,0.000646080989108,complet,0.001820775337835,0.001174694348727,2.818184,103
Harvard500.txt,500,2636,0.850000,125,moyenne,14,251,0.000646080989108,anneau,0.001878494960589,0.001232413971481,2.907522,107
Harvard500.txt,500,2636,0.850000,125,faible,494,500,0.000300000000000,isoles,0.025740000000000,0.025440000000000,85.800000,93
Harvard500.txt,500,2636,0.850000,125,faible,494,500,0.000300000000000,complet,0.001541020409806,0.001241020409806,5.136735,103
Harvard500.txt,500,2636,0.850000,125,faible,494,500,0.000300000000000,anneau,0.001600000000000,0.001300000000000,5.333333,103
Harvard500.txt,500,2636,0.850000,126,forte,7,1,0.103639770584333,isoles,0.129730405197196,0.026090634612863,1.251743,93
Harvard500.txt,500,2636,0.850000,126,forte,7,1,0.103639770584333,complet,0.085156637093760,-0.018483133490573,0.821660,103
Harvard500.txt,500,2636,0.850000,126,forte,7,1,0.103639770584333,anneau,0.079750611972632,-0.023889158611701,0.769498,124
Harvard500.txt,500,2636,0.850000,126,moyenne,14,251,0.000646080989108,isoles,0.026235987065690,0.025589906076582,40.607892,93
Harvard500.txt,500,2636,0.850000,126,moyenne,14,251,0.000646080989108,complet,0.001818314975225,0.001172233986117,2.814376,103
Harvard500.txt,500,2636,0.850000,126,moyenne,14,251,0.000646080989108,anneau,0.001875494169917,0.001229413180810,2.902878,107
Harvard500.txt,500,2636,0.850000,126,faible,494,500,0.000300000000000,isoles,0.025902555910543,0.025602555910543,86.341853,93
Harvard500.txt,500,2636,0.850000,126,faible,494,500,0.000300000000000,complet,0.001539005946557,0.001239005946557,5.130020,103
Harvard500.txt,500,2636,0.850000,126,faible,494,500,0.000300000000000,anneau,0.001597444089457,0.001297444089457,5.324814,103
Harvard500.txt,500,2636,0.850000,127,forte,7,1,0.103639770584333,isoles,0.129895531615602,0.026255761031269,1.253337,93
Harvard500.txt,500,2636,0.850000,127,forte,7,1,0.103639770584333,complet,0.085021625685761,-0.018618144898572,0.820357,103
Harvard500.txt,500,2636,0.850000,127,forte,7,1,0.103639770584333,anneau,0.079623418014143,-0.024016352570190,0.768271,124
Harvard500.txt,500,2636,0.850000,127,moyenne,14,251,0.000646080989108,isoles,0.026397944396369,0.025751863407261,40.858569,93
Harvard500.txt,500,2636,0.850000,127,moyenne,14,251,0.000646080989108,complet,0.001815855714289,0.001169774725181,2.810570,103
Harvard500.txt,500,2636,0.850000,127,moyenne,14,251,0.000646080989108,anneau,0.001872502951146,0.001226421962038,2.898248,107
Harvard500.txt,500,2636,0.850000,127,faible,494,500,0.000300000000000,isoles,0.026064593301435,0.025764593301435,86.881978,93
Harvard500.txt,500,2636,0.850000,127,faible,494,500,0.000300000000000,complet,0.001536991177610,0.001236991177610,5.123304,103
Harvard500.txt,500,2636,0.850000,127,faible,494,500,0.000300000000000,anneau,0.001594896331738,0.001294896331738,5.316321,103
Harvard500.txt,500,2636,0.850000,128,forte,7,1,0.103639770584333,isoles,0.130060132153694,0.026420361569362,1.254925,93
Harvard500.txt,500,2636,0.850000,128,forte,7,1,0.103639770584333,complet,0.084887032230663,-0.018752738353670,0.819058,103
Harvard500.txt,500,2636,0.850000,128,forte,7,1,0.103639770584333,anneau,0.079496629131955,-0.024143141452378,0.767048,124
Harvard500.txt,500,2636,0.850000,128,moyenne,14,251,0.000646080989108,isoles,0.026559385939370,0.025913304950262,41.108447,93
Harvard500.txt,500,2636,0.850000,128,moyenne,14,251,0.000646080989108,complet,0.001813397700940,0.001167316711832,2.806765,103
Harvard500.txt,500,2636,0.850000,128,moyenne,14,251,0.000646080989108,anneau,0.001869521258548,0.001223440269440,2.893633,107
Harvard500.txt,500,2636,0.850000,128,faible,494,500,0.000300000000000,isoles,0.026226114649682,0.025926114649682,87.420382,93
Harvard500.txt,500,2636,0.850000,128,faible,494,500,0.000300000000000,complet,0.001534976255263,0.001234976255263,5.116588,103
Harvard500.txt,500,2636,0.850000,128,faible,494,500,0.000300000000000,anneau,0.001592356687898,0.001292356687898,5.307856,103
Harvard500.txt,500,2636,0.850000,129,forte,7,1,0.103639770584333,isoles,0.130224209319646,0.026584438735314,1.256508,93
Harvard500.txt,500,2636,0.850000,129,forte,7,1,0.103639770584333,complet,0.084752855002391,-0.018886915581942,0.817764,103
Harvard500.txt,500,2636,0.850000,129,forte,7,1,0.103639770584333,anneau,0.079370243394066,-0.024269527190267,0.765828,124
Harvard500.txt,500,2636,0.850000,129,moyenne,14,251,0.000646080989108,isoles,0.026720314154731,0.026074233165623,41.357530,93
Harvard500.txt,500,2636,0.850000,129,moyenne,14,251,0.000646080989108,complet,0.001810941075676,0.001164860086568,2.802963,103
Harvard500.txt,500,2636,0.850000,129,moyenne,14,251,0.000646080989108,anneau,0.001866549046690,0.001220468057583,2.889033,107
Harvard500.txt,500,2636,0.850000,129,faible,494,500,0.000300000000000,isoles,0.026387122416534,0.026087122416534,87.957075,93
Harvard500.txt,500,2636,0.850000,129,faible,494,500,0.000300000000000,complet,0.001532961326374,0.001232961326374,5.109871,103
Harvard500.txt,500,2636,0.850000,129,faible,494,500,0.000300000000000,anneau,0.001589825119237,0.001289825119237,5.299417,103
Harvard500.txt,500,2636,0.850000,130,forte,7,1,0.103639770584333,isoles,0.130387765605707,0.026747995021374,1.258086,93
Harvard500.txt,500,2636,0.850000,130,forte,7,1,0.103639770584333,complet,0.084619092277959,-0.019020678306374,0.816473,103
Harvard500.txt,500,2636,0.850000,130,forte,7,1,0.103639770584333,anneau,0.079244258880742,-0.024395511703591,0.764612,124
Harvard500.txt,500,2636,0.850000,130,moyenne,14,251,0.000646080989108,isoles,0.026880731486869,0.026234650497761,41.605823,93
Harvard500.txt,500,2636,0.850000,130,moyenne,14,251,0.000646080989108,complet,0.001808485973794,0.001162404984687,2.799163,103
Harvard500.txt,500,2636,0.850000,130,moyenne,14,251,0.000646080989108,anneau,0.001863586270426,0.001217505281318,2.884447,107
Harvard500.txt,500,2636,0.850000,130,faible,494,500,0.000300000000000,isoles,0.026547619047619,0.026247619047619,88.492063,93
Harvard500.txt,500,2636,0.850000,130,faible,494,500,0.000300000000000,complet,0.001530946532567,0.001230946532567,5.103155,103
Harvard500.txt,500,2636,0.850000,130,faible,494,500,0.000300000000000,anneau,0.001587301587302,0.001287301587302,5.291005,103
Harvard500.txt,500,2636,0.850000,131,forte,7,1,0.103639770584333,isoles,0.130550803488325,0.026911032903992,1.259659,93
Harvard500.txt,500,2636,0.850000,131,forte,7,1,0.103639770584333,complet,0.084485742337734,-0.019154028246598,0.815187,103
Harvard500.txt,500,2636,0.850000,131,forte,7,1,0.103639770584333,anneau,0.079118673684418,-0.024521096899915,0.763401,124
Harvard500.txt,500,2636,0.850000,131,moyenne,14,251,0.000646080989108,isoles,0.027040640364705,0.026394559375597,41.853329,93
Harvard500.txt,500,2636,0.850000,131,moyenne,14,251,0.000646080989108,complet,0.001806032525588,0.001159951536480,2.795366,103
Harvard500.txt,500,2636,0.850000,131,moyenne,14,251,0.000646080989108,anneau,0.001860632884894,0.001214551895786,2.879876,107
Harvard500.txt,500,2636,0.850000,131,faible,494,500,0.000300000000000,isoles,0.026707606973059,0.026407606973059,89.025357,93
Harvard500.txt,500,2636,0.850000,131,faible,494,500,0.000300000000000,complet,0.001528932010429,0.001228932010429,5.096440,103
Harvard500.txt,500,2636,0.850000,131,faible,494,500,0.000300000000000,anneau,0.001584786053883,0.001284786053883,5.282620,103
Harvard500.txt,500,2636,0.850000,132,forte,7,1,0.103639770584333,isoles,0.130713325428277,0.027073554843944,1.261227,93
Harvard500.txt,500,2636,0.850000,132,forte,7,1,0.103639770584333,complet,0.084352803465683,-0.019286967118650,0.813904,103
Harvard500.txt,500,2636,0.850000,132,forte,7,1,0.103639770584333,anneau,0.078993485909600,-0.024646284674732,0.762193,124
Harvard500.txt,500,2636,0.850000,132,moyenne,14,251,0.000646080989108,isoles,0.027200043201788,0.026553962212680,42.100052,93
Harvard500.txt,500,2636,0.850000,132,moyenne,14,251,0.000646080989108,complet,0.001803580856533,0.001157499867426,2.791571,103
Harvard500.txt,500,2636,0.850000,132,moyenne,14,251,0.000646080989108,anneau,0.001857688845519,0.001211607856412,2.875319,107
Harvard500.txt,500,2636,0.850000,132,faible,494,500,0.000300000000000,isoles,0.026867088607595,0.026567088607595,89.556962,93
Harvard500.txt,500,2636,0.850000,132,faible,494,500,0.000300000000000,complet,0.001526917891702,0.001226917891702,5.089726,103
Harvard500.txt,500,2636,0.850000,132,faible,494,500,0.000300000000000,anneau,0.001582278481013,0.001282278481013,5.274262,103
Harvard500.txt,500,2636,0.850000,133,forte,7,1,0.103639770584333,isoles,0.130875333870788,0.027235563286455,1.262791,93
Harvard500.txt,500,2636,0.850000,133,forte,7,1,0.103639770584333,complet,0.084220273949607,-0.019419496634726,0.812625,103
Harvard500.txt,500,2636,0.850000,133,forte,7,1,0.103639770584333,anneau,0.078868693672776,-0.024771076911556,0.760989,124
Harvard500.txt,500,2636,0.850000,133,moyenne,14,251,0.000646080989108,isoles,0.027358942396416,0.026712861407308,42.345995,93
Harvard500.txt,500,2636,0.850000,133,moyenne,14,251,0.000646080989108,complet,0.001801131087477,0.001155050098369,2.787779,103
Harvard500.txt,500,2636,0.850000,133,moyenne,14,251,0.000646080989108,anneau,0.001854754108007,0.001208673118899,2.870776,107
Harvard500.txt,500,2636,0.850000,133,faible,494,500,0.000300000000000,isoles,0.027026066350711,0.026726066350711,90.086888,93
Harvard500.txt,500,2636,0.850000,133,faible,494,500,0.000300000000000,complet,0.001524904303465,0.001224904303465,5.083014,103
Harvard500.txt,500,2636,0.850000,133,faible,494,500,0.000300000000000,anneau,0.001579778830964,0.001279778830964,5.265929,103
Harvard500.txt,500,2636,0.850000,134,forte,7,1,0.103639770584333,isoles,0.131036831245657,0.027397060661324,1.264349,93
Harvard500.txt,500,2636,0.850000,134,forte,7,1,0.103639770584333,complet,0.084088152081360,-0.019551618502973,0.811350,103
Harvard500.txt,500,2636,0.850000,134,forte,7,1,0.103639770584333,anneau,0.078744295102315,-0.024895475482018,0.759788,124
Harvard500.txt,500,2636,0.850000,134,moyenne,14,251,0.000646080989108,isoles,0.027517340331755,0.026871259342647,42.591162,93
Harvard500.txt,500,2636,0.850000,134,moyenne,14,251,0.000646080989108,complet,0.001798683334803,0.001152602345695,2.783990,103
Harvard500.txt,500,2636,0.850000,134,moyenne,14,251,0.000646080989108,anneau,0.001851828628341,0.001205747639233,2.866248,107
Harvard500.txt,500,2636,0.850000,134,faible,494,500,0.000300000000000,isoles,0.027184542586751,0.026884542586751,90.615142,93
Harvard500.txt,500,2636,0.850000,134,faible,494,500,0.000300000000000,complet,0.001522891368307,0.001222891368307,5.076305,103
Harvard500.txt,500,2636,0.850000,134,faible,494,500,0.000300000000000,anneau,0.001577287066246,0.001277287066246,5.257624,103
Harvard500.txt,500,2636,0.850000,135,forte,7,1,0.103639770584333,isoles,0.131197819967376,0.027558049383044,1.265902,93
Harvard500.txt,500,2636,0.850000,135,forte,7,1,0.103639770584333,complet,0.083956436157062,-0.019683334427271,0.810079,103
Harvard500.txt,500,2636,0.850000,135,forte,7,1,0.103639770584333,anneau,0.078620288338374,-0.025019482245959,0.758592,124
Harvard500.txt,500,2636,0.850000,135,moyenne,14,251,0.000646080989108,isoles,0.027675239375959,0.027029158386851,42.835558,93
Harvard500.txt,500,2636,0.850000,135,moyenne,14,251,0.000646080989108,complet,0.001796237710606,0.001150156721499,2.780205,103
Harvard500.txt,500,2636,0.850000,135,moyenne,14,251,0.000646080989108,anneau,0.001848912362785,0.001202831373677,2.861735,107
Harvard500.txt,500,2636,0.850000,135,faible,494,500,0.000300000000000,isoles,0.027342519685039,0.027042519685039,91.141732,93
Harvard500.txt,500,2636,0.850000,135,faible,494,500,0.000300000000000,complet,0.001520879204492,0.001220879204492,5.069597,103
Harvard500.txt,500,2636,0.850000,135,faible,494,500,0.000300000000000,anneau,0.001574803149606,0.001274803149606,5.249344,103
Harvard500.txt,500,2636,0.850000,136,forte,7,1,0.103639770584333,isoles,0.131358302435137,0.027718531850805,1.267451,92
Harvard500.txt,500,2636,0.850000,136,forte,7,1,0.103639770584333,complet,0.083825124477286,-0.019814646107047,0.808812,103
Harvard500.txt,500,2636,0.850000,136,forte,7,1,0.103639770584333,anneau,0.078496671532810,-0.025143099051522,0.757399,124
Harvard500.txt,500,2636,0.850000,136,moyenne,14,251,0.000646080989108,isoles,0.027832641882288,0.027186560893180,43.079184,93
Harvard500.txt,500,2636,0.850000,136,moyenne,14,251,0.000646080989108,complet,0.001793794322846,0.001147713333738,2.776423,103
Harvard500.txt,500,2636,0.850000,136,moyenne,14,251,0.000646080989108,anneau,0.001846005267875,0.001199924278767,2.857235,107
Harvard500.txt,500,2636,0.850000,136,faible,494,500,0.000300000000000,isoles,0.027500000000000,0.027200000000000,91.666667,93
Harvard500.txt,500,2636,0.850000,136,faible,494,500,0.000300000000000,complet,0.001518867926120,0.001218867926120,5.062893,103
Harvard500.txt,500,2636,0.850000,136,faible,494,500,0.000300000000000,anneau,0.001572327044025,0.001272327044025,5.241090,103
Harvard500.txt,500,2636,0.850000,137,forte,7,1,0.103639770584333,isoles,0.131518281033420,0.027878510449087,1.268994,92
Harvard500.txt,500,2636,0.850000,137,forte,7,1,0.103639770584333,complet,0.083694215347249,-0.019945555237083,0.807549,103
Harvard500.txt,500,2636,0.850000,137,forte,7,1,0.103639770584333,anneau,0.078373442849085,-0.025266327735247,0.756210,124
Harvard500.txt,500,2636,0.850000,137,moyenne,14,251,0.000646080989108,isoles,0.027989550189225,0.027343469200118,43.322046,93
Harvard500.txt,500,2636,0.850000,137,moyenne,14,251,0.000646080989108,complet,0.001791353275500,0.001145272286392,2.772645,103
Harvard500.txt,500,2636,0.850000,137,moyenne,14,251,0.000646080989108,anneau,0.001843107300421,0.001197026311313,2.852750,107
Harvard500.txt,500,2636,0.850000,137,faible,494,500,0.000300000000000,isoles,0.027656985871272,0.027356985871272,92.189953,93
Harvard500.txt,500,2636,0.850000,137,faible,494,500,0.000300000000000,complet,0.001516857643277,0.001216857643277,5.056192,103
Harvard500.txt,500,2636,0.850000,137,faible,494,500,0.000300000000000,anneau,0.001569858712716,0.001269858712716,5.232862,103
Harvard500.txt,500,2636,0.850000,138,forte,7,1,0.103639770584333,isoles,0.131677758131394,0.028037987547062,1.270533,92
Harvard500.txt,500,2636,0.850000,138,forte,7,1,0.103639770584333,complet,0.083563707076984,-0.020076063507349,0.806290,103
Harvard500.txt,500,2636,0.850000,138,forte,7,1,0.103639770584333,anneau,0.078250600462175,-0.025389170122158,0.755025,124
Harvard500.txt,500,2636,0.850000,138,moyenne,14,251,0.000646080989108,isoles,0.028145966620592,0.027499885631485,43.564146,93
Harvard500.txt,500,2636,0.850000,138,moyenne,14,251,0.000646080989108,complet,0.001788914668713,0.001142833679605,2.768871,103
Harvard500.txt,500,2636,0.850000,138,moyenne,14,251,0.000646080989108,anneau,0.001840218417505,0.001194137428397,2.848278,107
Harvard500.txt,500,2636,0.850000,138,faible,494,500,0.000300000000000,isoles,0.027813479623824,0.027513479623824,92.711599,93
Harvard500.txt,500,2636,0.850000,138,faible,494,500,0.000300000000000,complet,0.001514848462186,0.001214848462186,5.049495,103
Harvard500.txt,500,2636,0.850000,138,faible,494,500,0.000300000000000,anneau,0.001567398119122,0.001267398119122,5.224660,103
Harvard500.txt,500,2636,0.850000,139,forte,7,1,0.103639770584333,isoles,0.131836736083522,0.028196965499190,1.272067,92
Harvard500.txt,500,2636,0.850000,139,forte,7,1,0.103639770584333,complet,0.083433597981498,-0.020206172602835,0.805035,103
Harvard500.txt,500,2636,0.850000,139,forte,7,1,0.103639770584333,anneau,0.078128142558478,-0.025511628025855,0.753843,124
Harvard500.txt,500,2636,0.850000,139,moyenne,14,251,0.000646080989108,isoles,0.028301893485664,0.027655812496556,43.805489,93
Harvard500.txt,500,2636,0.850000,139,moyenne,14,251,0.000646080989108,complet,0.001786478598931,0.001140397609823,2.765100,103
Harvard500.txt,500,2636,0.850000,139,moyenne,14,251,0.000646080989108,anneau,0.001837338576476,0.001191257587368,2.843821,107
Harvard500.txt,500,2636,0.850000,139,faible,494,500,0.000300000000000,isoles,0.027969483568075,0.027669483568075,93.231612,93
Harvard500.txt,500,2636,0.850000,139,faible,494,500,0.000300000000000,complet,0.001512840485340,0.001212840485340,5.042802,103
Harvard500.txt,500,2636,0.850000,139,faible,494,500,0.000300000000000,anneau,0.001564945226917,0.001264945226917,5.216484,103
Harvard500.txt,500,2636,0.850000,140,forte,7,1,0.103639770584333,isoles,0.131995217229550,0.028355446645217,1.273596,92
Harvard500.txt,500,2636,0.850000,140,forte,7,1,0.103639770584333,complet,0.083303886380930,-0.020335884203403,0.803783,103
Harvard500.txt,500,2636,0.850000,140,forte,7,1,0.103639770584333,anneau,0.078006067335730,-0.025633703248602,0.752665,124
Harvard500.txt,500,2636,0.850000,140,moyenne,14,251,0.000646080989108,isoles,0.028457333079282,0.027811252090174,44.046077,93
Harvard500.txt,500,2636,0.850000,140,moyenne,14,251,0.000646080989108,complet,0.001784045159043,0.001137964169935,2.761334,103
Harvard500.txt,500,2636,0.850000,140,moyenne,14,251,0.000646080989108,anneau,0.001834467734950,0.001188386745843,2.839377,107
Harvard500.txt,500,2636,0.850000,140,faible,494,500,0.000300000000000,isoles,0.028125000000000,0.027825000000000,93.750000,93
Harvard500.txt,500,2636,0.850000,140,faible,494,500,0.000300000000000,complet,0.001510833811640,0.001210833811640,5.036113,103
Harvard500.txt,500,2636,0.850000,140,faible,494,500,0.000300000000000,anneau,0.001562500000000,0.001262500000000,5.208333,103
Harvard500.txt,500,2636,0.850000,141,forte,7,1,0.103639770584333,isoles,0.132153203894623,0.028513433310290,1.275121,92
Harvard500.txt,500,2636,0.850000,141,forte,7,1,0.103639770584333,complet,0.083174570600695,-0.020465199983638,0.802535,103
Harvard500.txt,500,2636,0.850000,141,forte,7,1,0.103639770584333,anneau,0.077884373002913,-0.025755397581419,0.751491,124
Harvard500.txt,500,2636,0.850000,141,moyenne,14,251,0.000646080989108,isoles,0.028612287681969,0.027966206692861,44.285915,93
Harvard500.txt,500,2636,0.850000,141,moyenne,14,251,0.000646080989108,complet,0.001781614438502,0.001135533449394,2.757571,103
Harvard500.txt,500,2636,0.850000,141,moyenne,14,251,0.000646080989108,anneau,0.001831605850809,0.001185524861701,2.834948,107
Harvard500.txt,500,2636,0.850000,141,faible,494,500,0.000300000000000,isoles,0.028280031201248,0.027980031201248,94.266771,93
Harvard500.txt,500,2636,0.850000,141,faible,494,500,0.000300000000000,complet,0.001508828536526,0.001208828536526,5.029428,103
Harvard500.txt,500,2636,0.850000,141,faible,494,500,0.000300000000000,anneau,0.001560062402496,0.001260062402496,5.200208,103
Harvard500.txt,500,2636,0.850000,142,forte,7,1,0.103639770584333,isoles,0.132310698389399,0.028670927805067,1.276640,92
Harvard500.txt,500,2636,0.850000,142,forte,7,1,0.103639770584333,complet,0.083045648971616,-0.020594121612717,0.801291,103
Harvard500.txt,500,2636,0.850000,142,forte,7,1,0.103639770584333,anneau,0.077763057780167,-0.025876712804165,0.750321,124
Harvard500.txt,500,2636,0.850000,142,moyenne,14,251,0.000646080989108,isoles,0.028766759560036,0.028120678570929,44.525005,93
Harvard500.txt,500,2636,0.850000,142,moyenne,14,251,0.000646080989108,complet,0.001779186523452,0.001133105534345,2.753813,103
Harvard500.txt,500,2636,0.850000,142,moyenne,14,251,0.000646080989108,anneau,0.001828752882194,0.001182671893086,2.830532,107
Harvard500.txt,500,2636,0.850000,142,faible,494,500,0.000300000000000,isoles,0.028434579439252,0.028134579439252,94.781931,93
Harvard500.txt,500,2636,0.850000,142,faible,494,500,0.000300000000000,complet,0.001506824752094,0.001206824752094,5.022749,103
Harvard500.txt,500,2636,0.850000,142,faible,494,500,0.000300000000000,anneau,0.001557632398754,0.001257632398754,5.192108,103
Harvard500.txt,500,2636,0.850000,143,forte,7,1,0.103639770584333,isoles,0.132467703010164,0.028827932425831,1.278155,92
Harvard500.txt,500,2636,0.850000,143,forte,7,1,0.103639770584333,complet,0.082917119830051,-0.020722650754281,0.800051,103
Harvard500.txt,500,2636,0.850000,143,forte,7,1,0.103639770584333,anneau,0.077642119898705,-0.025997650685628,0.749154,124
Harvard500.txt,500,2636,0.850000,143,moyenne,14,251,0.000646080989108,isoles,0.028920750965699,0.028274669976592,44.763352,93
Harvard500.txt,500,2636,0.850000,143,moyenne,14,251,0.000646080989108,complet,0.001776761496847,0.001130680507740,2.750060,103
Harvard500.txt,500,2636,0.850000,143,moyenne,14,251,0.000646080989108,anneau,0.001825908787509,0.001179827798401,2.826130,107
Harvard500.txt,500,2636,0.850000,143,faible,494,500,0.000300000000000,isoles,0.028588646967341,0.028288646967341,95.295490,93
Harvard500.txt,500,2636,0.850000,143,faible,494,500,0.000300000000000,complet,0.001504822547219,0.001204822547219,5.016075,103
Harvard500.txt,500,2636,0.850000,143,faible,494,500,0.000300000000000,anneau,0.001555209953344,0.001255209953344,5.184033,103
Harvard500.txt,500,2636,0.850000,144,forte,7,1,0.103639770584333,isoles,0.132624220038939,0.028984449454606,1.279665,92
Harvard500.txt,500,2636,0.850000,144,forte,7,1,0.103639770584333,complet,0.082788981518016,-0.020850789066317,0.798815,103
Harvard500.txt,500,2636,0.850000,144,forte,7,1,0.103639770584333,anneau,0.077521557600726,-0.026118212983607,0.747990,124
Harvard500.txt,500,2636,0.850000,144,moyenne,14,251,0.000646080989108,isoles,0.029074264137183,0.028428183148075,45.000959,93
Harvard500.txt,500,2636,0.850000,144,moyenne,14,251,0.000646080989108,complet,0.001774339438562,0.001128258449454,2.746311,103
Harvard500.txt,500,2636,0.850000,144,moyenne,14,251,0.000646080989108,anneau,0.001823073525417,0.001176992536309,2.821741,107
Harvard500.txt,500,2636,0.850000,144,faible,494,500,0.000300000000000,isoles,0.028742236024845,0.028442236024845,95.807453,93
Harvard500.txt,500,2636,0.850000,144,faible,494,500,0.000300000000000,complet,0.001502822007666,0.001202822007666,5.009407,103
Harvard500.txt,500,2636,0.850000,144,faible,494,500,0.000300000000000,anneau,0.001552795031056,0.001252795031056,5.175983,103
Harvard500.txt,500,2636,0.850000,145,forte,7,1,0.103639770584333,isoles,0.132780251743594,0.029140481159261,1.281171,92
Harvard500.txt,500,2636,0.850000,145,forte,7,1,0.103639770584333,complet,0.082661232383289,-0.020978538201044,0.797582,103
Harvard500.txt,500,2636,0.850000,145,forte,7,1,0.103639770584333,anneau,0.077401369139329,-0.026238401445003,0.746831,124
Harvard500.txt,500,2636,0.850000,145,moyenne,14,251,0.000646080989108,isoles,0.029227301298833,0.028581220309725,45.237829,93
Harvard500.txt,500,2636,0.850000,145,moyenne,14,251,0.000646080989108,complet,0.001771920425501,0.001125839436393,2.742567,103
Harvard500.txt,500,2636,0.850000,145,moyenne,14,251,0.000646080989108,anneau,0.001820247054835,0.001174166065727,2.817367,107
Harvard500.txt,500,2636,0.850000,145,faible,494,500,0.000300000000000,isoles,0.028895348837209,0.028595348837209,96.317829,93
Harvard500.txt,500,2636,0.850000,145,faible,494,500,0.000300000000000,complet,0.001500823216200,0.001200823216200,5.002744,103
Harvard500.txt,500,2636,0.850000,145,faible,494,500,0.000300000000000,anneau,0.001550387596899,0.001250387596899,5.167959,103
Harvard500.txt,500,2636,0.850000,146,forte,7,1,0.103639770584333,isoles,0.132935800377955,0.029296029793622,1.282672,92
Harvard500.txt,500,2636,0.850000,146,forte,7,1,0.103639770584333,complet,0.082533870779521,-0.021105899804812,0.796353,103
Harvard500.txt,500,2636,0.850000,146,forte,7,1,0.103639770584333,anneau,0.077281552778433,-0.026358217805900,0.745675,124
Harvard500.txt,500,2636,0.850000,146,moyenne,14,251,0.000646080989108,isoles,0.029379864661221,0.028733783672113,45.473966,93
Harvard500.txt,500,2636,0.850000,146,moyenne,14,251,0.000646080989108,complet,0.001769504531706,0.001123423542599,2.738828,103
Harvard500.txt,500,2636,0.850000,146,moyenne,14,251,0.000646080989108,anneau,0.001817429334935,0.001171348345828,2.813005,107
Harvard500.txt,500,2636,0.850000,146,faible,494,500,0.000300000000000,isoles,0.029047987616099,0.028747987616099,96.826625,93
Harvard500.txt,500,2636,0.850000,146,faible,494,500,0.000300000000000,complet,0.001498826252690,0.001198826252690,4.996088,103
Harvard500.txt,500,2636,0.850000,146,faible,494,500,0.000300000000000,anneau,0.001547987616099,0.001247987616099,5.159959,103
Harvard500.txt,500,2636,0.850000,147,forte,7,1,0.103639770584333,isoles,0.133090868181917,0.029451097597584,1.284168,92
Harvard500.txt,500,2636,0.850000,147,forte,7,1,0.103639770584333,complet,0.082406895066329,-0.021232875518004,0.795128,103
Harvard500.txt,500,2636,0.850000,147,forte,7,1,0.103639770584333,anneau,0.077162106792685,-0.026477663791647,0.744522,124
Harvard500.txt,500,2636,0.850000,147,moyenne,14,251,0.000646080989108,isoles,0.029531956421252,0.028885875432144,45.709372,93
Harvard500.txt,500,2636,0.850000,147,moyenne,14,251,0.000646080989108,complet,0.001767091828453,0.001121010839346,2.735093,103
Harvard500.txt,500,2636,0.850000,147,moyenne,14,251,0.000646080989108,anneau,0.001814620325144,0.001168539336036,2.808658,107
Harvard500.txt,500,2636,0.850000,147,faible,494,500,0.000300000000000,isoles,0.029200154559505,0.028900154559505,97.333849,93
Harvard500.txt,500,2636,0.850000,147,faible,494,500,0.000300000000000,complet,0.001496831194209,0.001196831194209,4.989437,103
Harvard500.txt,500,2636,0.850000,147,faible,494,500,0.000300000000000,anneau,0.001545595054096,0.001245595054096,5.151984,103
Harvard500.txt,500,2636,0.850000,148,forte,7,1,0.103639770584333,isoles,0.133245457381545,0.029605686797212,1.285660,92
Harvard500.txt,500,2636,0.850000,148,forte,7,1,0.103639770584333,complet,0.082280303609387,-0.021359466974946,0.793907,103
Harvard500.txt,500,2636,0.850000,148,forte,7,1,0.103639770584333,anneau,0.077043029467388,-0.026596741116945,0.743373,124
Harvard500.txt,500,2636,0.850000,148,moyenne,14,251,0.000646080989108,isoles,0.029683578762271,0.029037497773163,45.944052,93
Harvard500.txt,500,2636,0.850000,148,moyenne,14,251,0.000646080989108,complet,0.001764682384350,0.001118601395242,2.731364,103
Harvard500.txt,500,2636,0.850000,148,moyenne,14,251,0.000646080989108,anneau,0.001811819985136,0.001165738996028,2.804323,107
Harvard500.txt,500,2636,0.850000,148,faible,494,500,0.000300000000000,isoles,0.029351851851852,0.029051851851852,97.839506,93
Harvard500.txt,500,2636,0.850000,148,faible,494,500,0.000300000000000,complet,0.001494838115133,0.001194838115133,4.982794,103
Harvard500.txt,500,2636,0.850000,148,faible,494,500,0.000300000000000,anneau,0.001543209876543,0.001243209876543,5.144033,103
Harvard500.txt,500,2636,0.850000,149,forte,7,1,0.103639770584333,isoles,0.133399570189187,0.029759799604854,1.287147,92
Harvard500.txt,500,2636,0.850000,149,forte,7,1,0.103639770584333,complet,0.082154094780514,-0.021485675803818,0.792689,103
Harvard500.txt,500,2636,0.850000,149,forte,7,1,0.103639770584333,anneau,0.076924319098409,-0.026715451485924,0.742228,124
Harvard500.txt,500,2636,0.850000,149,moyenne,14,251,0.000646080989108,isoles,0.029834733854164,0.029188652865057,46.178009,93
Harvard500.txt,500,2636,0.850000,149,moyenne,14,251,0.000646080989108,complet,0.001762276265428,0.001116195276320,2.727640,103
Harvard500.txt,500,2636,0.850000,149,moyenne,14,251,0.000646080989108,anneau,0.001809028274836,0.001162947285728,2.800002,107
Harvard500.txt,500,2636,0.850000,149,faible,494,500,0.000300000000000,isoles,0.029503081664099,0.029203081664099,98.343606,93
Harvard500.txt,500,2636,0.850000,149,faible,494,500,0.000300000000000,complet,0.001492847087228,0.001192847087228,4.976157,103
Harvard500.txt,500,2636,0.850000,149,faible,494,500,0.000300000000000,anneau,0.001540832049307,0.001240832049307,5.136107,103
Harvard500.txt,500,2636,0.850000,150,forte,7,1,0.103639770584333,isoles,0.133553208803575,0.029913438219242,1.288629,92
Harvard500.txt,500,2636,0.850000,150,forte,7,1,0.103639770584333,complet,0.082028266957749,-0.021611503626584,0.791475,103
Harvard500.txt,500,2636,0.850000,150,forte,7,1,0.103639770584333,anneau,0.076805973992104,-0.026833796592229,0.741086,124
Harvard500.txt,500,2636,0.850000,150,moyenne,14,251,0.000646080989108,isoles,0.029985423853468,0.029339342864360,46.411246,93
Harvard500.txt,500,2636,0.850000,150,moyenne,14,251,0.000646080989108,complet,0.001759873535232,0.001113792546124,2.723921,103
Harvard500.txt,500,2636,0.850000,150,moyenne,14,251,0.000646080989108,anneau,0.001806245154413,0.001160164165305,2.795695,107
Harvard500.txt,500,2636,0.850000,150,faible,494,500,0.000300000000000,isoles,0.029653846153846,0.029353846153846,98.846154,93
Harvard500.txt,500,2636,0.850000,150,faible,494,500,0.000300000000000,complet,0.001490858179745,0.001190858179745,4.969527,103
Harvard500.txt,500,2636,0.850000,150,faible,494,500,0.000300000000000,anneau,0.001538461538462,0.001238461538462,5.128205,103
Harvard500.txt,500,2636,0.850000,151,forte,7,1,0.103639770584333,isoles,0.133706375409930,0.030066604825598,1.290107,92
Harvard500.txt,500,2636,0.850000,151,forte,7,1,0.103639770584333,complet,0.081902818525425,-0.021736952058908,0.790264,103
Harvard500.txt,500,2636,0.850000,151,forte,7,1,0.103639770584333,anneau,0.076687992465234,-0.026951778119099,0.739948,124
Harvard500.txt,500,2636,0.850000,151,moyenne,14,251,0.000646080989108,isoles,0.030135650903465,0.029489569914357,46.643767,93
Harvard500.txt,500,2636,0.850000,151,moyenne,14,251,0.000646080989108,complet,0.001757474254905,0.001111393265797,2.720207,103
Harvard500.txt,500,2636,0.850000,151,moyenne,14,251,0.000646080989108,anneau,0.001803470584283,0.001157389595175,2.791400,107
Harvard500.txt,500,2636,0.850000,151,faible,494,500,0.000300000000000,isoles,0.029804147465438,0.029504147465438,99.347158,93
Harvard500.txt,500,2636,0.850000,151,faible,494,500,0.000300000000000,complet,0.001488871459502,0.001188871459502,4.962905,103
Harvard500.txt,500,2636,0.850000,151,faible,494,500,0.000300000000000,anneau,0.001536098310292,0.001236098310292,5.120328,103
Harvard500.txt,500,2636,0.850000,152,forte,7,1,0.103639770584333,isoles,0.133859072180070,0.030219301595738,1.291580,92
Harvard500.txt,500,2636,0.850000,152,forte,7,1,0.103639770584333,complet,0.081777747874239,-0.021862022710094,0.789058,103
Harvard500.txt,500,2636,0.850000,152,forte,7,1,0.103639770584333,anneau,0.076570372844889,-0.027069397739444,0.738813,124
Harvard500.txt,500,2636,0.850000,152,moyenne,14,251,0.000646080989108,isoles,0.030285417134289,0.029639336145182,46.875574,93
Harvard500.txt,500,2636,0.850000,152,moyenne,14,251,0.000646080989108,complet,0.001755078483272,0.001108997494164,2.716499,103
Harvard500.txt,500,2636,0.850000,152,moyenne,14,251,0.000646080989108,anneau,0.001800704525105,0.001154623535997,2.787119,107
Harvard500.txt,500,2636,0.850000,152,faible,494,500,0.000300000000000,isoles,0.029953987730061,0.029653987730061,99.846626,93
Harvard500.txt,500,2636,0.850000,152,faible,494,500,0.000300000000000,complet,0.001486886990966,0.001186886990966,4.956290,103
Harvard500.txt,500,2636,0.850000,152,faible,494,500,0.000300000000000,anneau,0.001533742331288,0.001233742331288,5.112474,103
Harvard500.txt,500,2636,0.850000,153,forte,7,1,0.103639770584333,isoles,0.134011301272507,0.030371530688174,1.293049,92
Harvard500.txt,500,2636,0.850000,153,forte,7,1,0.103639770584333,complet,0.081653053401312,-0.021986717183021,0.787854,103
Harvard500.txt,500,2636,0.850000,153,forte,7,1,0.103639770584333,anneau,0.076453113468403,-0.027186657115929,0.737681,124
Harvard500.txt,500,2636,0.850000,153,moyenne,14,251,0.000646080989108,isoles,0.030434724663029,0.029788643673921,47.106671,93
Harvard500.txt,500,2636,0.850000,153,moyenne,14,251,0.000646080989108,complet,0.001752686276914,0.001106605287807,2.712797,103
Harvard500.txt,500,2636,0.850000,153,moyenne,14,251,0.000646080989108,anneau,0.001797946937777,0.001151865948669,2.782851,107
Harvard500.txt,500,2636,0.850000,153,faible,494,500,0.000300000000000,isoles,0.030103369065850,0.029803369065850,100.344564,93
Harvard500.txt,500,2636,0.850000,153,faible,494,500,0.000300000000000,complet,0.001484904836333,0.001184904836333,4.949683,103
Harvard500.txt,500,2636,0.850000,153,faible,494,500,0.000300000000000,anneau,0.001531393568147,0.001231393568147,5.104645,103
Harvard500.txt,500,2636,0.850000,154,forte,7,1,0.103639770584333,isoles,0.134163064832551,0.030523294248218,1.294513,92
Harvard500.txt,500,2636,0.850000,154,forte,7,1,0.103639770584333,complet,0.081528733510250,-0.022111037074082,0.786655,103
Harvard500.txt,500,2636,0.850000,154,forte,7,1,0.103639770584333,anneau,0.076336212683284,-0.027303557901049,0.736553,124
Harvard500.txt,500,2636,0.850000,154,moyenne,14,251,0.000646080989108,isoles,0.030583575593819,0.029937494604711,47.337062,92
Harvard500.txt,500,2636,0.850000,154,moyenne,14,251,0.000646080989108,complet,0.001750297690252,0.001104216701144,2.709100,103
Harvard500.txt,500,2636,0.850000,154,moyenne,14,251,0.000646080989108,anneau,0.001795197783438,0.001149116794330,2.778596,107
Harvard500.txt,500,2636,0.850000,154,faible,494,500,0.000300000000000,isoles,0.030252293577982,0.029952293577982,100.840979,93
Harvard500.txt,500,2636,0.850000,154,faible,494,500,0.000300000000000,complet,0.001482925055607,0.001182925055607,4.943084,103
Harvard500.txt,500,2636,0.850000,154,faible,494,500,0.000300000000000,anneau,0.001529051987768,0.001229051987768,5.096840,103
Harvard500.txt,500,2636,0.850000,155,forte,7,1,0.103639770584333,isoles,0.134314364992411,0.030674594408079,1.295973,92
Harvard500.txt,500,2636,0.850000,155,forte,7,1,0.103639770584333,complet,0.081404786611197,-0.022234983973136,0.785459,103
Harvard500.txt,500,2636,0.850000,155,forte,7,1,0.103639770584333,anneau,0.076219668847126,-0.027420101737207,0.735429,124
Harvard500.txt,500,2636,0.850000,155,moyenne,14,251,0.000646080989108,isoles,0.030731972017953,0.030085891028845,47.566749,92
Harvard500.txt,500,2636,0.850000,155,moyenne,14,251,0.000646080989108,complet,0.001747912775611,0.001101831786503,2.705408,103
Harvard500.txt,500,2636,0.850000,155,moyenne,14,251,0.000646080989108,anneau,0.001792457023463,0.001146376034355,2.774353,107
Harvard500.txt,500,2636,0.850000,155,faible,494,500,0.000300000000000,isoles,0.030400763358779,0.030100763358779,101.335878,93
Harvard500.txt,500,2636,0.850000,155,faible,494,500,0.000300000000000,complet,0.001480947706667,0.001180947706667,4.936492,103
Harvard500.txt,500,2636,0.850000,155,faible,494,500,0.000300000000000,anneau,0.001526717557252,0.001226717557252,5.089059,103
Harvard500.txt,500,2636,0.850000,156,forte,7,1,0.103639770584333,isoles,0.134465203871297,0.030825433286964,1.297429,92
Harvard500.txt,500,2636,0.850000,156,forte,7,1,0.103639770584333,complet,0.081281211120882,-0.022358559463451,0.784267,103
Harvard500.txt,500,2636,0.850000,156,forte,7,1,0.103639770584333,anneau,0.076103480327542,-0.027536290256791,0.734308,124
Harvard500.txt,500,2636,0.850000,156,moyenne,14,251,0.000646080989108,isoles,0.030879916013964,0.030233835024856,47.795735,92
Harvard500.txt,500,2636,0.850000,156,moyenne,14,251,0.000646080989108,complet,0.001745531583297,0.001099450594189,2.701723,103
Harvard500.txt,500,2636,0.850000,156,moyenne,14,251,0.000646080989108,anneau,0.001789724619464,0.001143643630356,2.770124,107
Harvard500.txt,500,2636,0.850000,156,faible,494,500,0.000300000000000,isoles,0.030548780487805,0.030248780487805,101.829268,93
Harvard500.txt,500,2636,0.850000,156,faible,494,500,0.000300000000000,complet,0.001478972845342,0.001178972845342,4.929909,103
Harvard500.txt,500,2636,0.850000,156,faible,494,500,0.000300000000000,anneau,0.001524390243902,0.001224390243902,5.081301,103
Harvard500.txt,500,2636,0.850000,157,forte,7,1,0.103639770584333,isoles,0.134615583575513,0.030975812991180,1.298880,92
Harvard500.txt,500,2636,0.850000,157,forte,7,1,0.103639770584333,complet,0.081158005462667,-0.022481765121666,0.783078,103
Harvard500.txt,500,2636,0.850000,157,forte,7,1,0.103639770584333,anneau,0.075987645502081,-0.027652125082251,0.733190,124
Harvard500.txt,500,2636,0.850000,157,moyenne,14,251,0.000646080989108,isoles,0.031027409647735,0.030381328658627,48.024025,92
Harvard500.txt,500,2636,0.850000,157,moyenne,14,251,0.000646080989108,complet,0.001743154161662,0.001097073172554,2.698043,103
Harvard500.txt,500,2636,0.850000,157,moyenne,14,251,0.000646080989108,anneau,0.001787000533285,0.001140919544177,2.765908,107
Harvard500.txt,500,2636,0.850000,157,faible,494,500,0.000300000000000,isoles,0.030696347031964,0.030396347031964,102.321157,93
Harvard500.txt,500,2636,0.850000,157,faible,494,500,0.000300000000000,complet,0.001477000525476,0.001177000525476,4.923335,103
Harvard500.txt,500,2636,0.850000,157,faible,494,500,0.000300000000000,anneau,0.001522070015221,0.001222070015221,5.073567,103
Harvard500.txt,500,2636,0.850000,158,forte,7,1,0.103639770584333,isoles,0.134765506198560,0.031125735614228,1.300326,92
Harvard500.txt,500,2636,0.850000,158,forte,7,1,0.103639770584333,complet,0.081035168066587,-0.022604602517746,0.781893,103
Harvard500.txt,500,2636,0.850000,158,forte,7,1,0.103639770584333,anneau,0.075872162758157,-0.027767607826176,0.732076,124
Harvard500.txt,500,2636,0.850000,158,moyenne,14,251,0.000646080989108,isoles,0.031174454972588,0.030528373983480,48.251621,92
Harvard500.txt,500,2636,0.850000,158,moyenne,14,251,0.000646080989108,complet,0.001740780557169,0.001094699568061,2.694369,103
Harvard500.txt,500,2636,0.850000,158,moyenne,14,251,0.000646080989108,anneau,0.001784284727003,0.001138203737896,2.761704,107
Harvard500.txt,500,2636,0.850000,158,faible,494,500,0.000300000000000,isoles,0.030843465045593,0.030543465045593,102.811550,93
Harvard500.txt,500,2636,0.850000,158,faible,494,500,0.000300000000000,complet,0.001475030798996,0.001175030798996,4.916769,103
Harvard500.txt,500,2636,0.850000,158,faible,494,500,0.000300000000000,anneau,0.001519756838906,0.001219756838906,5.065856,103
Harvard500.txt,500,2636,0.850000,159,forte,7,1,0.103639770584333,isoles,0.134914973821235,0.031275203236902,1.301768,92
Harvard500.txt,500,2636,0.850000,159,forte,7,1,0.103639770584333,complet,0.080912697369389,-0.022727073214944,0.780711,103
Harvard500.txt,500,2636,0.850000,159,forte,7,1,0.103639770584333,anneau,0.075757030492970,-0.027882740091362,0.730965,124
Harvard500.txt,500,2636,0.850000,159,moyenne,14,251,0.000646080989108,isoles,0.031321054029385,0.030674973040277,48.478526,92
Harvard500.txt,500,2636,0.850000,159,moyenne,14,251,0.000646080989108,complet,0.001738410814455,0.001092329825347,2.690701,103
Harvard500.txt,500,2636,0.850000,159,moyenne,14,251,0.000646080989108,anneau,0.001781577162926,0.001135496173818,2.757514,107
Harvard500.txt,500,2636,0.850000,159,faible,494,500,0.000300000000000,isoles,0.030990136570561,0.030690136570561,103.300455,93
Harvard500.txt,500,2636,0.850000,159,faible,494,500,0.000300000000000,complet,0.001473063715972,0.001173063715972,4.910212,103
Harvard500.txt,500,2636,0.850000,159,faible,494,500,0.000300000000000,anneau,0.001517450682853,0.001217450682853,5.058169,103
Harvard500.txt,500,2636,0.850000,160,forte,7,1,0.103639770584333,isoles,0.135063988511720,0.031424217927387,1.303206,92
Harvard500.txt,500,2636,0.850000,160,forte,7,1,0.103639770584333,complet,0.080790591814564,-0.022849178769769,0.779533,103
Harvard500.txt,500,2636,0.850000,160,forte,7,1,0.103639770584333,anneau,0.075642247113435,-0.027997523470897,0.729857,124
Harvard500.txt,500,2636,0.850000,160,moyenne,14,251,0.000646080989108,isoles,0.031467208846615,0.030821127857507,48.704743,92
Harvard500.txt,500,2636,0.850000,160,moyenne,14,251,0.000646080989108,complet,0.001736044976392,0.001089963987284,2.687039,103
Harvard500.txt,500,2636,0.850000,160,moyenne,14,251,0.000646080989108,anneau,0.001778877803588,0.001132796814480,2.753336,107
Harvard500.txt,500,2636,0.850000,160,faible,494,500,0.000300000000000,isoles,0.031136363636364,0.030836363636364,103.787879,93
Harvard500.txt,500,2636,0.850000,160,faible,494,500,0.000300000000000,complet,0.001471099324681,0.001171099324681,4.903664,103
Harvard500.txt,500,2636,0.850000,160,faible,494,500,0.000300000000000,anneau,0.001515151515152,0.001215151515152,5.050505,103
Harvard500.txt,500,2636,0.850000,161,forte,7,1,0.103639770584333,isoles,0.135212552325683,0.031572781741350,1.304640,92
Harvard500.txt,500,2636,0.850000,161,forte,7,1,0.103639770584333,complet,0.080668849852379,-0.022970920731954,0.778358,103
Harvard500.txt,500,2636,0.850000,161,forte,7,1,0.103639770584333,anneau,0.075527811036108,-0.028111959548225,0.728753,124
Harvard500.txt,500,2636,0.850000,161,moyenne,14,251,0.000646080989108,isoles,0.031612921440495,0.030966840451387,48.930277,92
Harvard500.txt,500,2636,0.850000,161,moyenne,14,251,0.000646080989108,complet,0.001733683084144,0.001087602095036,2.683384,103
Harvard500.txt,500,2636,0.850000,161,moyenne,14,251,0.000646080989108,anneau,0.001776186611752,0.001130105622644,2.749170,107
Harvard500.txt,500,2636,0.850000,161,faible,494,500,0.000300000000000,isoles,0.031282148260212,0.030982148260212,104.273828,93
Harvard500.txt,500,2636,0.850000,161,faible,494,500,0.000300000000000,complet,0.001469137671660,0.001169137671660,4.897126,103
Harvard500.txt,500,2636,0.850000,161,faible,494,500,0.000300000000000,anneau,0.001512859304085,0.001212859304085,5.042864,103
Harvard500.txt,500,2636,0.850000,162,forte,7,1,0.103639770584333,isoles,0.135360667306371,0.031720896722038,1.306069,92
Harvard500.txt,500,2636,0.850000,162,forte,7,1,0.103639770584333,complet,0.080547469939904,-0.023092300644428,0.777187,103
Harvard500.txt,500,2636,0.850000,162,forte,7,1,0.103639770584333,anneau,0.075413720687111,-0.028226049897222,0.727652,124
Harvard500.txt,500,2636,0.850000,162,moyenne,14,251,0.000646080989108,isoles,0.031758193815058,0.031112112825950,49.155128,92
Harvard500.txt,500,2636,0.850000,162,moyenne,14,251,0.000646080989108,complet,0.001731325177224,0.001085244188117,2.679734,103
Harvard500.txt,500,2636,0.850000,162,moyenne,14,251,0.000646080989108,anneau,0.001773503550405,0.001127422561297,2.745017,107
Harvard500.txt,500,2636,0.850000,162,faible,494,500,0.000300000000000,isoles,0.031427492447130,0.031127492447130,104.758308,93
Harvard500.txt,500,2636,0.850000,162,faible,494,500,0.000300000000000,complet,0.001467178801768,0.001167178801768,4.890596,103
Harvard500.txt,500,2636,0.850000,162,faible,494,500,0.000300000000000,anneau,0.001510574018127,0.001210574018127,5.035247,103
Harvard500.txt,500,2636,0.850000,163,forte,7,1,0.103639770584333,isoles,0.135508335484704,0.031868564900371,1.307494,92
Harvard500.txt,500,2636,0.850000,163,forte,7,1,0.103639770584333,complet,0.080426450541039,-0.023213320043294,0.776019,103
Harvard500.txt,500,2636,0.850000,163,forte,7,1,0.103639770584333,anneau,0.075299974502062,-0.028339796082270,0.726555,124
Harvard500.txt,500,2636,0.850000,163,moyenne,14,251,0.000646080989108,isoles,0.031903027962247,0.031256946973139,49.379302,92
Harvard500.txt,500,2636,0.850000,163,moyenne,14,251,0.000646080989108,complet,0.001728971293548,0.001082890304440,2.676091,103
Harvard500.txt,500,2636,0.850000,163,moyenne,14,251,0.000646080989108,anneau,0.001770828582758,0.001124747593650,2.740877,107
Harvard500.txt,500,2636,0.850000,163,faible,494,500,0.000300000000000,isoles,0.031572398190045,0.031272398190045,105.241327,93
Harvard500.txt,500,2636,0.850000,163,faible,494,500,0.000300000000000,complet,0.001465222758236,0.001165222758236,4.884076,103
Harvard500.txt,500,2636,0.850000,163,faible,494,500,0.000300000000000,anneau,0.001508295625943,0.001208295625943,5.027652,103
Harvard500.txt,500,2636,0.850000,164,forte,7,1,0.103639770584333,isoles,0.135655558879367,0.032015788295035,1.308914,92
Harvard500.txt,500,2636,0.850000,164,forte,7,1,0.103639770584333,complet,0.080305790126530,-0.023333980457803,0.774855,103
Harvard500.txt,500,2636,0.850000,164,forte,7,1,0.103639770584333,anneau,0.075186570926005,-0.028453199658328,0.725461,124
Harvard500.txt,500,2636,0.850000,164,moyenne,14,251,0.000646080989108,isoles,0.032047425862005,0.031401344872897,49.602800,92
Harvard500.txt,500,2636,0.850000,164,moyenne,14,251,0.000646080989108,complet,0.001726621469484,0.001080540480376,2.672454,103
Harvard500.txt,500,2636,0.850000,164,moyenne,14,251,0.000646080989108,anneau,0.001768161672241,0.001122080683134,2.736749,107
Harvard500.txt,500,2636,0.850000,164,faible,494,500,0.000300000000000,isoles,0.031716867469880,0.031416867469880,105.722892,93
Harvard500.txt,500,2636,0.850000,164,faible,494,500,0.000300000000000,complet,0.001463269582720,0.001163269582720,4.877565,103
Harvard500.txt,500,2636,0.850000,164,faible,494,500,0.000300000000000,anneau,0.001506024096386,0.001206024096386,5.020080,103
Harvard500.txt,500,2636,0.850000,165,forte,7,1,0.103639770584333,isoles,0.135802339496903,0.032162568912571,1.310330,92
Harvard500.txt,500,2636,0.850000,165,forte,7,1,0.103639770584333,complet,0.080185487173994,-0.023454283410339,0.773694,103
Harvard500.txt,500,2636,0.850000,165,forte,7,1,0.103639770584333,anneau,0.075073508413334,-0.028566262170998,0.724370,124
Harvard500.txt,500,2636,0.850000,165,moyenne,14,251,0.000646080989108,isoles,0.032191389482365,0.031545308493257,49.825626,92
Harvard500.txt,500,2636,0.850000,165,moyenne,14,251,0.000646080989108,complet,0.001724275739908,0.001078194750800,2.668823,103
Harvard500.txt,500,2636,0.850000,165,moyenne,14,251,0.000646080989108,anneau,0.001765502782509,0.001119421793401,2.732634,107
Harvard500.txt,500,2636,0.850000,165,faible,494,500,0.000300000000000,isoles,0.031860902255639,0.031560902255639,106.203008,93
Harvard500.txt,500,2636,0.850000,165,faible,494,500,0.000300000000000,complet,0.001461319315353,0.001161319315353,4.871064,103
Harvard500.txt,500,2636,0.850000,165,faible,494,500,0.000300000000000,anneau,0.001503759398496,0.001203759398496,5.012531,103
Harvard500.txt,500,2636,0.850000,166,forte,7,1,0.103639770584333,isoles,0.135948679331805,0.032308908747472,1.311742,92
Harvard500.txt,500,2636,0.850000,166,forte,7,1,0.103639770584333,complet,0.080065540167931,-0.023574230416401,0.772537,103
Harvard500.txt,500,2636,0.850000,166,forte,7,1,0.103639770584333,anneau,0.074960785427729,-0.028678985156604,0.723282,124
Harvard500.txt,500,2636,0.850000,166,moyenne,14,251,0.000646080989108,isoles,0.032334920779540,0.031688839790433,50.047782,92
Harvard500.txt,500,2636,0.850000,166,moyenne,14,251,0.000646080989108,complet,0.001721934138027,0.001075853148919,2.665199,104
Harvard500.txt,500,2636,0.850000,166,moyenne,14,251,0.000646080989108,anneau,0.001762851877430,0.001116770888322,2.728531,107
Harvard500.txt,500,2636,0.850000,166,faible,494,500,0.000300000000000,isoles,0.032004504504505,0.031704504504505,106.681682,93
Harvard500.txt,500,2636,0.850000,166,faible,494,500,0.000300000000000,complet,0.001459371994790,0.001159371994790,4.864573,103
Harvard500.txt,500,2636,0.850000,166,faible,494,500,0.000300000000000,anneau,0.001501501501502,0.001201501501502,5.005005,103
Harvard500.txt,500,2636,0.850000,167,forte,7,1,0.103639770584333,isoles,0.136094580366602,0.032454809782269,1.313150,92
Harvard500.txt,500,2636,0.850000,167,forte,7,1,0.103639770584333,complet,0.079945947599740,-0.023693822984593,0.771383,103
Harvard500.txt,500,2636,0.850000,167,forte,7,1,0.103639770584333,anneau,0.074848400442080,-0.028791370142253,0.722198,124
Harvard500.txt,500,2636,0.850000,167,moyenne,14,251,0.000646080989108,isoles,0.032478021698014,0.031831940708906,50.269273,92
Harvard500.txt,500,2636,0.850000,167,moyenne,14,251,0.000646080989108,complet,0.001719596696309,0.001073515707202,2.661581,104
Harvard500.txt,500,2636,0.850000,167,moyenne,14,251,0.000646080989108,anneau,0.001760208921092,0.001114127931984,2.724440,107
Harvard500.txt,500,2636,0.850000,167,faible,494,500,0.000300000000000,isoles,0.032147676161919,0.031847676161919,107.158921,93
Harvard500.txt,500,2636,0.850000,167,faible,494,500,0.000300000000000,complet,0.001457427658260,0.001157427658260,4.858092,103
Harvard500.txt,500,2636,0.850000,167,faible,494,500,0.000300000000000,anneau,0.001499250374813,0.001199250374813,4.997501,103
Harvard500.txt,500,2636,0.850000,168,forte,7,1,0.103639770584333,isoles,0.136240044571952,0.032600273987620,1.314554,92
Harvard500.txt,500,2636,0.850000,168,forte,7,1,0.103639770584333,complet,0.079826707967729,-0.023813062616604,0.770232,103
Harvard500.txt,500,2636,0.850000,168,forte,7,1,0.103639770584333,anneau,0.074736351938424,-0.028903418645908,0.721117,124
Harvard500.txt,500,2636,0.850000,168,moyenne,14,251,0.000646080989108,isoles,0.032620694170624,0.031974613181516,50.490101,92
Harvard500.txt,500,2636,0.850000,168,moyenne,14,251,0.000646080989108,complet,0.001717263445206,0.001071182456099,2.657969,104
Harvard500.txt,500,2636,0.850000,168,moyenne,14,251,0.000646080989108,anneau,0.001757573877797,0.001111492888689,2.720362,107
Harvard500.txt,500,2636,0.850000,168,faible,494,500,0.000300000000000,isoles,0.032290419161677,0.031990419161677,107.634731,93
Harvard500.txt,500,2636,0.850000,168,faible,494,500,0.000300000000000,complet,0.001455486341607,0.001155486341607,4.851621,103
Harvard500.txt,500,2636,0.850000,168,faible,494,500,0.000300000000000,anneau,0.001497005988024,0.001197005988024,4.990020,103
Harvard500.txt,500,2636,0.850000,169,forte,7,1,0.103639770584333,isoles,0.136385073906735,0.032745303322402,1.315953,92
Harvard500.txt,500,2636,0.850000,169,forte,7,1,0.103639770584333,complet,0.079707819777124,-0.023931950807209,0.769085,103
Harvard500.txt,500,2636,0.850000,169,forte,7,1,0.103639770584333,anneau,0.074624638407874,-0.029015132176459,0.720039,124
Harvard500.txt,500,2636,0.850000,169,moyenne,14,251,0.000646080989108,isoles,0.032762940118652,0.032116859129544,50.710268,92
Harvard500.txt,500,2636,0.850000,169,moyenne,14,251,0.000646080989108,complet,0.001714934414078,0.001068853424970,2.654364,104
Harvard500.txt,500,2636,0.850000,169,moyenne,14,251,0.000646080989108,anneau,0.001754946712060,0.001108865722952,2.716295,107
Harvard500.txt,500,2636,0.850000,169,faible,494,500,0.000300000000000,isoles,0.032432735426009,0.032132735426009,108.109118,93
Harvard500.txt,500,2636,0.850000,169,faible,494,500,0.000300000000000,complet,0.001453548079333,0.001153548079333,4.845160,103
Harvard500.txt,500,2636,0.850000,169,faible,494,500,0.000300000000000,anneau,0.001494768310912,0.001194768310912,4.982561,103
Harvard500.txt,500,2636,0.850000,170,forte,7,1,0.103639770584333,isoles,0.136529670318129,0.032889899733797,1.317348,92
Harvard500.txt,500,2636,0.850000,170,forte,7,1,0.103639770584333,complet,0.079589281540078,-0.024050489044255,0.767942,103
Harvard500.txt,500,2636,0.850000,170,forte,7,1,0.103639770584333,anneau,0.074513258350548,-0.029126512233784,0.718964,124
Harvard500.txt,500,2636,0.850000,170,moyenne,14,251,0.000646080989108,isoles,0.032904761451909,0.032258680462802,50.929778,92
Harvard500.txt,500,2636,0.850000,170,moyenne,14,251,0.000646080989108,complet,0.001712609631014,0.001066528641906,2.650766,104
Harvard500.txt,500,2636,0.850000,170,moyenne,14,251,0.000646080989108,anneau,0.001752327388609,0.001106246399502,2.712241,107
Harvard500.txt,500,2636,0.850000,170,faible,494,500,0.000300000000000,isoles,0.032574626865672,0.032274626865672,108.582090,93
Harvard500.txt,500,2636,0.850000,170,faible,494,500,0.000300000000000,complet,0.001451612904643,0.001151612904643,4.838710,103
Harvard500.txt,500,2636,0.850000,170,faible,494,500,0.000300000000000,anneau,0.001492537313433,0.001192537313433,4.975124,103
Harvard500.txt,500,2636,0.850000,171,forte,7,1,0.103639770584333,isoles,0.136673835741710,0.033034065157378,1.318739,92
Harvard500.txt,500,2636,0.850000,171,forte,7,1,0.103639770584333,complet,0.079471091775673,-0.024168678808659,0.766801,103
Harvard500.txt,500,2636,0.850000,171,forte,7,1,0.103639770584333,anneau,0.074402210275774,-0.029237560308559,0.717892,123
Harvard500.txt,500,2636,0.850000,171,moyenne,14,251,0.000646080989108,isoles,0.033046160068823,0.032400079079716,51.148634,92
Harvard500.txt,500,2636,0.850000,171,moyenne,14,251,0.000646080989108,complet,0.001710289122874,0.001064208133766,2.647175,104
Harvard500.txt,500,2636,0.850000,171,moyenne,14,251,0.000646080989108,anneau,0.001749715872382,0.001103634883274,2.708199,107
Harvard500.txt,500,2636,0.850000,171,faible,494,500,0.000300000000000,isoles,0.032716095380030,0.032416095380030,109.053651,93
Harvard500.txt,500,2636,0.850000,171,faible,494,500,0.000300000000000,complet,0.001449680849265,0.001149680849265,4.832269,104
Harvard500.txt,500,2636,0.850000,171,faible,494,500,0.000300000000000,anneau,0.001490312965723,0.001190312965723,4.967710,103
Harvard500.txt,500,2636,0.850000,172,forte,7,1,0.103639770584333,isoles,0.136817572101531,0.033177801517198,1.320126,92
Harvard500.txt,500,2636,0.850000,172,forte,7,1,0.103639770584333,complet,0.079353249009926,-0.024286521574407,0.765664,103
Harvard500.txt,500,2636,0.850000,172,forte,7,1,0.103639770584333,anneau,0.074291492700959,-0.029348277883374,0.716824,123
Harvard500.txt,500,2636,0.850000,172,moyenne,14,251,0.000646080989108,isoles,0.033187137856521,0.032541056867413,51.366839,92
Harvard500.txt,500,2636,0.850000,172,moyenne,14,251,0.000646080989108,complet,0.001707972915329,0.001061891926221,2.643589,104
Harvard500.txt,500,2636,0.850000,172,moyenne,14,251,0.000646080989108,anneau,0.001747112128524,0.001101031139416,2.704169,107
Harvard500.txt,500,2636,0.850000,172,faible,494,500,0.000300000000000,isoles,0.032857142857143,0.032557142857143,109.523810,93
Harvard500.txt,500,2636,0.850000,172,faible,494,500,0.000300000000000,complet,0.001447751944368,0.001147751944368,4.825840,104
Harvard500.txt,500,2636,0.850000,172,faible,494,500,0.000300000000000,anneau,0.001488095238095,0.001188095238095,4.960317,103
Harvard500.txt,500,2636,0.850000,173,forte,7,1,0.103639770584333,isoles,0.136960881310208,0.033321110725875,1.321509,92
Harvard500.txt,500,2636,0.850000,173,forte,7,1,0.103639770584333,complet,0.079235751775785,-0.024404018808548,0.764530,103
Harvard500.txt,500,2636,0.850000,173,forte,7,1,0.103639770584333,anneau,0.074181104153112,-0.029458666431221,0.715759,123
Harvard500.txt,500,2636,0.850000,173,moyenne,14,251,0.000646080989108,isoles,0.033327696690911,0.032681615701803,51.584395,92
Harvard500.txt,500,2636,0.850000,173,moyenne,14,251,0.000646080989108,complet,0.001705661032895,0.001059580043787,2.640011,104
Harvard500.txt,500,2636,0.850000,173,moyenne,14,251,0.000646080989108,anneau,0.001744516122390,0.001098435133282,2.700151,107
Harvard500.txt,500,2636,0.850000,173,faible,494,500,0.000300000000000,isoles,0.032997771173848,0.032697771173848,109.992571,93
Harvard500.txt,500,2636,0.850000,173,faible,494,500,0.000300000000000,complet,0.001445826219277,0.001145826219277,4.819421,104
Harvard500.txt,500,2636,0.850000,173,faible,494,500,0.000300000000000,anneau,0.001485884101040,0.001185884101040,4.952947,103
Harvard500.txt,500,2636,0.850000,174,forte,7,1,0.103639770584333,isoles,0.137103765269008,0.033463994684675,1.322888,92
Harvard500.txt,500,2636,0.850000,174,forte,7,1,0.103639770584333,complet,0.079118598616609,-0.024521171967724,0.763400,104
Harvard500.txt,500,2636,0.850000,174,forte,7,1,0.103639770584333,anneau,0.074071043167722,-0.029568727416611,0.714697,123
Harvard500.txt,500,2636,0.850000,174,moyenne,14,251,0.000646080989108,isoles,0.033467838436772,0.032821757447665,51.801305,92
Harvard500.txt,500,2636,0.850000,174,moyenne,14,251,0.000646080989108,complet,0.001703353498971,0.001057272509863,2.636440,104
Harvard500.txt,500,2636,0.850000,174,moyenne,14,251,0.000646080989108,anneau,0.001741927819537,0.001095846830430,2.696145,107
Harvard500.txt,500,2636,0.850000,174,faible,494,500,0.000300000000000,isoles,0.033137982195846,0.032837982195846,110.459941,93
Harvard500.txt,500,2636,0.850000,174,faible,494,500,0.000300000000000,complet,0.001443903702396,0.001143903702396,4.813012,104
Harvard500.txt,500,2636,0.850000,174,faible,494,500,0.000300000000000,anneau,0.001483679525223,0.001183679525223,4.945598,103
Harvard500.txt,500,2636,0.850000,175,forte,7,1,0.103639770584333,isoles,0.137246225867930,0.033606455283597,1.324262,92
Harvard500.txt,500,2636,0.850000,175,forte,7,1,0.103639770584333,complet,0.079001788072274,-0.024637982512059,0.762273,104
Harvard500.txt,500,2636,0.850000,175,forte,7,1,0.103639770584333,anneau,0.073961308288955,-0.029678462295378,0.713638,123
Harvard500.txt,500,2636,0.850000,175,moyenne,14,251,0.000646080989108,isoles,0.033607564947831,0.032961483958723,52.017573,92
Harvard500.txt,500,2636,0.850000,175,moyenne,14,251,0.000646080989108,complet,0.001701050335876,0.001054969346768,2.632875,104
Harvard500.txt,500,2636,0.850000,175,moyenne,14,251,0.000646080989108,anneau,0.001739347185731,0.001093266196623,2.692150,107
Harvard500.txt,500,2636,0.850000,175,faible,494,500,0.000300000000000,isoles,0.033277777777778,0.032977777777778,110.925926,93
Harvard500.txt,500,2636,0.850000,175,faible,494,500,0.000300000000000,complet,0.001441984421020,0.001141984421020,4.806615,104
Harvard500.txt,500,2636,0.850000,175,faible,494,500,0.000300000000000,anneau,0.001481481481481,0.001181481481481,4.938272,103
Harvard500.txt,500,2636,0.850000,176,forte,7,1,0.103639770584333,isoles,0.137388264985789,0.033748494401457,1.325633,92
Harvard500.txt,500,2636,0.850000,176,forte,7,1,0.103639770584333,complet,0.078885318699988,-0.024754451884345,0.761149,104
Harvard500.txt,500,2636,0.850000,176,forte,7,1,0.103639770584333,anneau,0.073851898069592,-0.029787872514740,0.712583,123
Harvard500.txt,500,2636,0.850000,176,moyenne,14,251,0.000646080989108,isoles,0.033746878066845,0.033100797077737,52.233201,92
Harvard500.txt,500,2636,0.850000,176,moyenne,14,251,0.000646080989108,complet,0.001698751564881,0.001052670575773,2.629317,104
Harvard500.txt,500,2636,0.850000,176,moyenne,14,251,0.000646080989108,anneau,0.001736774186935,0.001090693197828,2.688168,107
Harvard500.txt,500,2636,0.850000,176,faible,494,500,0.000300000000000,isoles,0.033417159763314,0.033117159763314,111.390533,93
Harvard500.txt,500,2636,0.850000,176,faible,494,500,0.000300000000000,complet,0.001440068401367,0.001140068401367,4.800228,104
Harvard500.txt,500,2636,0.850000,176,faible,494,500,0.000300000000000,anneau,0.001479289940828,0.001179289940828,4.930966,103
Harvard500.txt,500,2636,0.850000,177,forte,7,1,0.103639770584333,isoles,0.137529884490302,0.033890113905970,1.326999,92
Harvard500.txt,500,2636,0.850000,177,forte,7,1,0.103639770584333,complet,0.078769189060414,-0.024870581523919,0.760029,104
Harvard500.txt,500,2636,0.850000,177,forte,7,1,0.103639770584333,anneau,0.073742811070967,-0.029896959513366,0.711530,123
Harvard500.txt,500,2636,0.850000,177,moyenne,14,251,0.000646080989108,isoles,0.033885779625685,0.033239698636577,52.448192,92
Harvard500.txt,500,2636,0.850000,177,moyenne,14,251,0.000646080989108,complet,0.001696457206241,0.001050376217133,2.625766,104
Harvard500.txt,500,2636,0.850000,177,moyenne,14,251,0.000646080989108,anneau,0.001734208789318,0.001088127800210,2.684197,107
Harvard500.txt,500,2636,0.850000,177,faible,494,500,0.000300000000000,isoles,0.033556129985229,0.033256129985229,111.853767,93
Harvard500.txt,500,2636,0.850000,177,faible,494,500,0.000300000000000,complet,0.001438155668614,0.001138155668614,4.793852,104
Harvard500.txt,500,2636,0.850000,177,faible,494,500,0.000300000000000,anneau,0.001477104874446,0.001177104874446,4.923683,103
Harvard500.txt,500,2636,0.850000,178,forte,7,1,0.103639770584333,isoles,0.137671086238166,0.034031315653833,1.328362,92
Harvard500.txt,500,2636,0.850000,178,forte,7,1,0.103639770584333,complet,0.078653397721132,-0.024986372863201,0.758911,104
Harvard500.txt,500,2636,0.850000,178,forte,7,1,0.103639770584333,anneau,0.073634045862897,-0.030005724721435,0.710481,123
Harvard500.txt,500,2636,0.850000,178,moyenne,14,251,0.000646080989108,isoles,0.034024271445413,0.033378190456305,52.662549,92
Harvard500.txt,500,2636,0.850000,178,moyenne,14,251,0.000646080989108,complet,0.001694167279228,0.001048086290120,2.622221,104
Harvard500.txt,500,2636,0.850000,178,moyenne,14,251,0.000646080989108,anneau,0.001731650959245,0.001085569970137,2.680238,107
Harvard500.txt,500,2636,0.850000,178,faible,494,500,0.000300000000000,isoles,0.033694690265487,0.033394690265487,112.315634,93
Harvard500.txt,500,2636,0.850000,178,faible,494,500,0.000300000000000,complet,0.001436246246927,0.001136246246927,4.787487,104
Harvard500.txt,500,2636,0.850000,178,faible,494,500,0.000300000000000,anneau,0.001474926253687,0.001174926253687,4.916421,103
Harvard500.txt,500,2636,0.850000,179,forte,7,1,0.103639770584333,isoles,0.137811872075136,0.034172101490803,1.329720,92
Harvard500.txt,500,2636,0.850000,179,forte,7,1,0.103639770584333,complet,0.078537943256628,-0.025101827327705,0.757797,104
Harvard500.txt,500,2636,0.850000,179,forte,7,1,0.103639770584333,anneau,0.073525601023630,-0.030114169560703,0.709434,123
Harvard500.txt,500,2636,0.850000,179,moyenne,14,251,0.000646080989108,isoles,0.034162355336364,0.033516274347256,52.876274,92
Harvard500.txt,500,2636,0.850000,179,moyenne,14,251,0.000646080989108,complet,0.001691881802163,0.001045800813056,2.618684,104
Harvard500.txt,500,2636,0.850000,179,moyenne,14,251,0.000646080989108,anneau,0.001729100663282,0.001083019674174,2.676291,107
Harvard500.txt,500,2636,0.850000,179,faible,494,500,0.000300000000000,isoles,0.033832842415317,0.033532842415317,112.776141,93
Harvard500.txt,500,2636,0.850000,179,faible,494,500,0.000300000000000,complet,0.001434340159493,0.001134340159493,4.781134,104
Harvard500.txt,500,2636,0.850000,179,faible,494,500,0.000300000000000,anneau,0.001472754050074,0.001172754050074,4.909180,103
Harvard500.txt,500,2636,0.850000,180,forte,7,1,0.103639770584333,isoles,0.137952243836115,0.034312473251783,1.331074,92
Harvard500.txt,500,2636,0.850000,180,forte,7,1,0.103639770584333,complet,0.078422824248285,-0.025216946336048,0.756687,104
Harvard500.txt,500,2636,0.850000,180,forte,7,1,0.103639770584333,anneau,0.073417475139771,-0.030222295444561,0.708391,123
Harvard500.txt,500,2636,0.850000,180,moyenne,14,251,0.000646080989108,isoles,0.034300033098225,0.033653952109117,53.089371,92
Harvard500.txt,500,2636,0.850000,180,moyenne,14,251,0.000646080989108,complet,0.001689600792443,0.001043519803335,2.615153,104
Harvard500.txt,500,2636,0.850000,180,moyenne,14,251,0.000646080989108,anneau,0.001726557868189,0.001080476879081,2.672355,107
Harvard500.txt,500,2636,0.850000,180,faible,494,500,0.000300000000000,isoles,0.033970588235294,0.033670588235294,113.235294,93
Harvard500.txt,500,2636,0.850000,180,faible,494,500,0.000300000000000,complet,0.001432437428549,0.001132437428549,4.774791,104
Harvard500.txt,500,2636,0.850000,180,faible,494,500,0.000300000000000,anneau,0.001470588235294,0.001170588235294,4.901961,103
Harvard500.txt,500,2636,0.850000,181,forte,7,1,0.103639770584333,isoles,0.138092203345227,0.034452432760894,1.332425,92
Harvard500.txt,500,2636,0.850000,181,forte,7,1,0.103639770584333,complet,0.078308039284371,-0.025331731299961,0.755579,104
Harvard500.txt,500,2636,0.850000,181,forte,7,1,0.103639770584333,anneau,0.073309666806233,-0.030330103778100,0.707351,123
Harvard500.txt,500,2636,0.850000,181,moyenne,14,251,0.000646080989108,isoles,0.034437306520109,0.033791225531001,53.301842,92
Harvard500.txt,500,2636,0.850000,181,moyenne,14,251,0.000646080989108,complet,0.001687324266569,0.001041243277461,2.611630,104
Harvard500.txt,500,2636,0.850000,181,moyenne,14,251,0.000646080989108,anneau,0.001724022540923,0.001077941551815,2.668431,107
Harvard500.txt,500,2636,0.850000,181,faible,494,500,0.000300000000000,isoles,0.034107929515419,0.033807929515419,113.693098,93
Harvard500.txt,500,2636,0.850000,181,faible,494,500,0.000300000000000,complet,0.001430538075411,0.001130538075411,4.768460,104
Harvard500.txt,500,2636,0.850000,181,faible,494,500,0.000300000000000,anneau,0.001468428781204,0.001168428781204,4.894763,103
Harvard500.txt,500,2636,0.850000,182,forte,7,1,0.103639770584333,isoles,0.138231752415896,0.034591981831563,1.333771,92
Harvard500.txt,500,2636,0.850000,182,forte,7,1,0.103639770584333,complet,0.078193586960031,-0.025446183624302,0.754475,104
Harvard500.txt,500,2636,0.850000,182,forte,7,1,0.103639770584333,anneau,0.073202174626165,-0.030437595958168,0.706314,123
Harvard500.txt,500,2636,0.850000,182,moyenne,14,251,0.000646080989108,isoles,0.034574177380639,0.033928096391531,53.513689,92
Harvard500.txt,500,2636,0.850000,182,moyenne,14,251,0.000646080989108,complet,0.001685052240177,0.001038971251069,2.608113,104
Harvard500.txt,500,2636,0.850000,182,moyenne,14,251,0.000646080989108,anneau,0.001721494648634,0.001075413659526,2.664518,107
Harvard500.txt,500,2636,0.850000,182,faible,494,500,0.000300000000000,isoles,0.034244868035191,0.033944868035191,114.149560,93
Harvard500.txt,500,2636,0.850000,182,faible,494,500,0.000300000000000,complet,0.001428642120501,0.001128642120501,4.762140,104
Harvard500.txt,500,2636,0.850000,182,faible,494,500,0.000300000000000,anneau,0.001466275659824,0.001166275659824,4.887586,103
Harvard500.txt,500,2636,0.850000,183,forte,7,1,0.103639770584333,isoles,0.138370892850925,0.034731122266593,1.335114,92
Harvard500.txt,500,2636,0.850000,183,forte,7,1,0.103639770584333,complet,0.078079465877268,-0.025560304707065,0.753374,104
Harvard500.txt,500,2636,0.850000,183,forte,7,1,0.103639770584333,anneau,0.073094997210900,-0.030544773373433,0.705279,123
Harvard500.txt,500,2636,0.850000,183,moyenne,14,251,0.000646080989108,isoles,0.034710647448019,0.034064566458911,53.724917,92
Harvard500.txt,500,2636,0.850000,183,moyenne,14,251,0.000646080989108,complet,0.001682784728062,0.001036703738954,2.604603,104
Harvard500.txt,500,2636,0.850000,183,moyenne,14,251,0.000646080989108,anneau,0.001718974158665,0.001072893169557,2.660617,107
Harvard500.txt,500,2636,0.850000,183,faible,494,500,0.000300000000000,isoles,0.034381405563690,0.034081405563690,114.604685,93
Harvard500.txt,500,2636,0.850000,183,faible,494,500,0.000300000000000,complet,0.001426749583374,0.001126749583374,4.755832,104
Harvard500.txt,500,2636,0.850000,183,faible,494,500,0.000300000000000,anneau,0.001464128843338,0.001164128843338,4.880429,103
Harvard500.txt,500,2636,0.850000,184,forte,7,1,0.103639770584333,isoles,0.138509626442577,0.034869855858245,1.336452,92
Harvard500.txt,500,2636,0.850000,184,forte,7,1,0.103639770584333,complet,0.077965674644934,-0.025674095939399,0.752276,104
Harvard500.txt,500,2636,0.850000,184,forte,7,1,0.103639770584333,anneau,0.072988133179889,-0.030651637404443,0.704248,123
Harvard500.txt,500,2636,0.850000,184,moyenne,14,251,0.000646080989108,isoles,0.034846718480114,0.034200637491006,53.935527,92
Harvard500.txt,500,2636,0.850000,184,moyenne,14,251,0.000646080989108,complet,0.001680521744205,0.001034440755097,2.601101,104
Harvard500.txt,500,2636,0.850000,184,moyenne,14,251,0.000646080989108,anneau,0.001716461038550,0.001070380049442,2.656727,107
Harvard500.txt,500,2636,0.850000,184,faible,494,500,0.000300000000000,isoles,0.034517543859649,0.034217543859649,115.058480,93
Harvard500.txt,500,2636,0.850000,184,faible,494,500,0.000300000000000,complet,0.001424860482746,0.001124860482746,4.749535,104
Harvard500.txt,500,2636,0.850000,184,faible,494,500,0.000300000000000,anneau,0.001461988304094,0.001161988304094,4.873294,103
Harvard500.txt,500,2636,0.850000,185,forte,7,1,0.103639770584333,isoles,0.138647954972648,0.035008184388316,1.337787,92
Harvard500.txt,500,2636,0.850000,185,forte,7,1,0.103639770584333,complet,0.077852211878711,-0.025787558705621,0.751181,104
Harvard500.txt,500,2636,0.850000,185,forte,7,1,0.103639770584333,anneau,0.072881581160649,-0.030758189423684,0.703220,123
Harvard500.txt,500,2636,0.850000,185,moyenne,14,251,0.000646080989108,isoles,0.034982392224525,0.034336311235417,54.145522,92
Harvard500.txt,500,2636,0.850000,185,moyenne,14,251,0.000646080989108,complet,0.001678263301799,0.001032182312691,2.597605,104
Harvard500.txt,500,2636,0.850000,185,moyenne,14,251,0.000646080989108,anneau,0.001713955256012,0.001067874266904,2.652849,107
Harvard500.txt,500,2636,0.850000,185,faible,494,500,0.000300000000000,isoles,0.034653284671533,0.034353284671533,115.510949,93
Harvard500.txt,500,2636,0.850000,185,faible,494,500,0.000300000000000,complet,0.001422974836517,0.001122974836517,4.743249,104
Harvard500.txt,500,2636,0.850000,185,faible,494,500,0.000300000000000,anneau,0.001459854014599,0.001159854014599,4.866180,103
Harvard500.txt,500,2636,0.850000,186,forte,7,1,0.103639770584333,isoles,0.138785880212544,0.035146109628211,1.339118,92
Harvard500.txt,500,2636,0.850000,186,forte,7,1,0.103639770584333,complet,0.077739076201099,-0.025900694383233,0.750089,104
Harvard500.txt,500,2636,0.850000,186,forte,7,1,0.103639770584333,anneau,0.072775339788695,-0.030864430795638,0.702195,123
Harvard500.txt,500,2636,0.850000,186,moyenne,14,251,0.000646080989108,isoles,0.035117670418660,0.034471589429552,54.354904,92
Harvard500.txt,500,2636,0.850000,186,moyenne,14,251,0.000646080989108,complet,0.001676009413268,0.001029928424161,2.594117,104
Harvard500.txt,500,2636,0.850000,186,moyenne,14,251,0.000646080989108,anneau,0.001711456778962,0.001065375789855,2.648982,107
Harvard500.txt,500,2636,0.850000,186,faible,494,500,0.000300000000000,isoles,0.034788629737609,0.034488629737609,115.962099,93
Harvard500.txt,500,2636,0.850000,186,faible,494,500,0.000300000000000,complet,0.001421092661796,0.001121092661796,4.736976,104
Harvard500.txt,500,2636,0.850000,186,faible,494,500,0.000300000000000,anneau,0.001457725947522,0.001157725947522,4.859086,103
Harvard500.txt,500,2636,0.850000,187,forte,7,1,0.103639770584333,isoles,0.138923403923357,0.035283633339025,1.340445,92
Harvard500.txt,500,2636,0.850000,187,forte,7,1,0.103639770584333,complet,0.077626266241395,-0.026013504342938,0.749001,104
Harvard500.txt,500,2636,0.850000,187,forte,7,1,0.103639770584333,anneau,0.072669407707488,-0.030970362876844,0.701173,123
Harvard500.txt,500,2636,0.850000,187,moyenne,14,251,0.000646080989108,isoles,0.035252554789814,0.034606473800706,54.563678,92
Harvard500.txt,500,2636,0.850000,187,moyenne,14,251,0.000646080989108,complet,0.001673760090299,0.001027679101192,2.590635,104
Harvard500.txt,500,2636,0.850000,187,moyenne,14,251,0.000646080989108,anneau,0.001708965575500,0.001062884586392,2.645126,107
Harvard500.txt,500,2636,0.850000,187,faible,494,500,0.000300000000000,isoles,0.034923580786026,0.034623580786026,116.411936,93
Harvard500.txt,500,2636,0.850000,187,faible,494,500,0.000300000000000,complet,0.001419213974924,0.001119213974924,4.730713,104
Harvard500.txt,500,2636,0.850000,187,faible,494,500,0.000300000000000,anneau,0.001455604075691,0.001155604075691,4.852014,103
Harvard500.txt,500,2636,0.850000,188,forte,7,1,0.103639770584333,isoles,0.139060527855941,0.035420757271609,1.341768,92
Harvard500.txt,500,2636,0.850000,188,forte,7,1,0.103639770584333,complet,0.077513780635676,-0.026125989948657,0.747915,104
Harvard500.txt,500,2636,0.850000,188,forte,7,1,0.103639770584333,anneau,0.072563783568379,-0.031075987015954,0.700154,123
Harvard500.txt,500,2636,0.850000,188,moyenne,14,251,0.000646080989108,isoles,0.035387047055238,0.034740966066130,54.771844,92
Harvard500.txt,500,2636,0.850000,188,moyenne,14,251,0.000646080989108,complet,0.001671515343858,0.001025434354750,2.587161,104
Harvard500.txt,500,2636,0.850000,188,moyenne,14,251,0.000646080989108,anneau,0.001706481613907,0.001060400624800,2.641281,107
Harvard500.txt,500,2636,0.850000,188,faible,494,500,0.000300000000000,isoles,0.035058139534884,0.034758139534884,116.860465,93
Harvard500.txt,500,2636,0.850000,188,faible,494,500,0.000300000000000,complet,0.001417338791499,0.001117338791499,4.724463,104
Harvard500.txt,500,2636,0.850000,188,faible,494,500,0.000300000000000,anneau,0.001453488372093,0.001153488372093,4.844961,103
Harvard500.txt,500,2636,0.850000,189,forte,7,1,0.103639770584333,isoles,0.139197253750985,0.035557483166653,1.343087,92
Harvard500.txt,500,2636,0.850000,189,forte,7,1,0.103639770584333,complet,0.077401618026781,-0.026238152557552,0.746833,104
Harvard500.txt,500,2636,0.850000,189,forte,7,1,0.103639770584333,anneau,0.072458466030543,-0.031181304553789,0.699138,123
Harvard500.txt,500,2636,0.850000,189,moyenne,14,251,0.000646080989108,isoles,0.035521148922213,0.034875067933105,54.979406,92
Harvard500.txt,500,2636,0.850000,189,moyenne,14,251,0.000646080989108,complet,0.001669275184212,0.001023194195104,2.583693,104
Harvard500.txt,500,2636,0.850000,189,moyenne,14,251,0.000646080989108,anneau,0.001704004862654,0.001057923873546,2.637448,107
Harvard500.txt,500,2636,0.850000,189,faible,494,500,0.000300000000000,isoles,0.035192307692308,0.034892307692308,117.307692,93
Harvard500.txt,500,2636,0.850000,189,faible,494,500,0.000300000000000,complet,0.001415467126393,0.001115467126393,4.718224,104
Harvard500.txt,500,2636,0.850000,189,faible,494,500,0.000300000000000,anneau,0.001451378809869,0.001151378809869,4.837929,103
Harvard500.txt,500,2636,0.850000,190,forte,7,1,0.103639770584333,isoles,0.139333583339087,0.035693812754754,1.344403,92
Harvard500.txt,500,2636,0.850000,190,forte,7,1,0.103639770584333,complet,0.077289777064293,-0.026349993520040,0.745754,104
Harvard500.txt,500,2636,0.850000,190,forte,7,1,0.103639770584333,anneau,0.072353453760934,-0.031286316823399,0.698124,123
Harvard500.txt,500,2636,0.850000,190,moyenne,14,251,0.000646080989108,isoles,0.035654862088125,0.035008781099017,55.186366,92
Harvard500.txt,500,2636,0.850000,190,moyenne,14,251,0.000646080989108,complet,0.001667039620955,0.001020958631847,2.580233,104
Harvard500.txt,500,2636,0.850000,190,moyenne,14,251,0.000646080989108,anneau,0.001701535290389,0.001055454301281,2.633625,107
Harvard500.txt,500,2636,0.850000,190,faible,494,500,0.000300000000000,isoles,0.035326086956522,0.035026086956522,117.753623,93
Harvard500.txt,500,2636,0.850000,190,faible,494,500,0.000300000000000,complet,0.001413598993780,0.001113598993780,4.711997,104
Harvard500.txt,500,2636,0.850000,190,faible,494,500,0.000300000000000,anneau,0.001449275362319,0.001149275362319,4.830918,103
Harvard500.txt,500,2636,0.850000,191,forte,7,1,0.103639770584333,isoles,0.139469518340826,0.035829747756493,1.345714,92
Harvard500.txt,500,2636,0.850000,191,forte,7,1,0.103639770584333,complet,0.077178256404516,-0.026461514179817,0.744678,104
Harvard500.txt,500,2636,0.850000,191,forte,7,1,0.103639770584333,anneau,0.072248745434218,-0.031391025150115,0.697114,123
Harvard500.txt,500,2636,0.850000,191,moyenne,14,251,0.000646080989108,isoles,0.035788188240532,0.035142107251424,55.392728,92
Harvard500.txt,500,2636,0.850000,191,moyenne,14,251,0.000646080989108,complet,0.001664808663024,0.001018727673917,2.576780,104
Harvard500.txt,500,2636,0.850000,191,moyenne,14,251,0.000646080989108,anneau,0.001699072865945,0.001052991876838,2.629814,107
Harvard500.txt,500,2636,0.850000,191,faible,494,500,0.000300000000000,isoles,0.035459479015919,0.035159479015919,118.198263,93
Harvard500.txt,500,2636,0.850000,191,faible,494,500,0.000300000000000,complet,0.001411734407153,0.001111734407153,4.705781,104
Harvard500.txt,500,2636,0.850000,191,faible,494,500,0.000300000000000,anneau,0.001447178002894,0.001147178002894,4.823927,103
Harvard500.txt,500,2636,0.850000,192,forte,7,1,0.103639770584333,isoles,0.139605060466839,0.035965289882506,1.347022,92
Harvard500.txt,500,2636,0.850000,192,forte,7,1,0.103639770584333,complet,0.077067054710455,-0.026572715873877,0.743605,104
Harvard500.txt,500,2636,0.850000,192,forte,7,1,0.103639770584333,anneau,0.072144339732723,-0.031495430851610,0.696107,123
Harvard500.txt,500,2636,0.850000,192,moyenne,14,251,0.000646080989108,isoles,0.035921129057238,0.035275048068131,55.598493,92
Harvard500.txt,500,2636,0.850000,192,moyenne,14,251,0.000646080989108,complet,0.001662582318722,0.001016501329614,2.573334,104
Harvard500.txt,500,2636,0.850000,192,moyenne,14,251,0.000646080989108,anneau,0.001696617558336,0.001050536569228,2.626014,107
Harvard500.txt,500,2636,0.850000,192,faible,494,500,0.000300000000000,isoles,0.035592485549133,0.035292485549133,118.641618,93
Harvard500.txt,500,2636,0.850000,192,faible,494,500,0.000300000000000,complet,0.001409873379342,0.001109873379342,4.699578,104
Harvard500.txt,500,2636,0.850000,192,faible,494,500,0.000300000000000,anneau,0.001445086705202,0.001145086705202,4.816956,103
Harvard500.txt,500,2636,0.850000,193,forte,7,1,0.103639770584333,isoles,0.139740211417884,0.036100440833551,1.348326,92
Harvard500.txt,500,2636,0.850000,193,forte,7,1,0.103639770584333,complet,0.076956170651796,-0.026683599932537,0.742535,104
Harvard500.txt,500,2636,0.850000,193,forte,7,1,0.103639770584333,anneau,0.072040235346385,-0.031599535237948,0.695102,123
Harvard500.txt,500,2636,0.850000,193,moyenne,14,251,0.000646080989108,isoles,0.036053686206364,0.035407605217256,55.803664,92
Harvard500.txt,500,2636,0.850000,193,moyenne,14,251,0.000646080989108,complet,0.001660360595733,0.001014279606625,2.569895,104
Harvard500.txt,500,2636,0.850000,193,moyenne,14,251,0.000646080989108,anneau,0.001694169336751,0.001048088347643,2.622224,107
Harvard500.txt,500,2636,0.850000,193,faible,494,500,0.000300000000000,isoles,0.035725108225108,0.035425108225108,119.083694,93
Harvard500.txt,500,2636,0.850000,193,faible,494,500,0.000300000000000,complet,0.001408015922539,0.001108015922539,4.693386,104
Harvard500.txt,500,2636,0.850000,193,faible,494,500,0.000300000000000,anneau,0.001443001443001,0.001143001443001,4.810005,103
Harvard500.txt,500,2636,0.850000,194,forte,7,1,0.103639770584333,isoles,0.139874972884920,0.036235202300587,1.349626,92
Harvard500.txt,500,2636,0.850000,194,forte,7,1,0.103639770584333,complet,0.076845602904880,-0.026794167679452,0.741468,104
Harvard500.txt,500,2636,0.850000,194,forte,7,1,0.103639770584333,anneau,0.071936430972687,-0.031703339611646,0.694101,123
Harvard500.txt,500,2636,0.850000,194,moyenne,14,251,0.000646080989108,isoles,0.036185861346414,0.035539780357306,56.008243,92
Harvard500.txt,500,2636,0.850000,194,moyenne,14,251,0.000646080989108,complet,0.001658143501145,0.001012062512038,2.566464,104
Harvard500.txt,500,2636,0.850000,194,moyenne,14,251,0.000646080989108,anneau,0.001691728170559,0.001045647181452,2.618446,107
Harvard500.txt,500,2636,0.850000,194,faible,494,500,0.000300000000000,isoles,0.035857348703170,0.035557348703170,119.524496,93
Harvard500.txt,500,2636,0.850000,194,faible,494,500,0.000300000000000,complet,0.001406162048313,0.001106162048313,4.687207,104
Harvard500.txt,500,2636,0.850000,194,faible,494,500,0.000300000000000,anneau,0.001440922190202,0.001140922190202,4.803074,103
Harvard500.txt,500,2636,0.850000,195,forte,7,1,0.103639770584333,isoles,0.140009346549174,0.036369575964841,1.350923,92
Harvard500.txt,500,2636,0.850000,195,forte,7,1,0.103639770584333,complet,0.076735350152686,-0.026904420431646,0.740404,104
Harvard500.txt,500,2636,0.850000,195,forte,7,1,0.103639770584333,anneau,0.071832925316611,-0.031806845267722,0.693102,123
Harvard500.txt,500,2636,0.850000,195,moyenne,14,251,0.000646080989108,isoles,0.036317656126349,0.035671575137242,56.212235,92
Harvard500.txt,500,2636,0.850000,195,moyenne,14,251,0.000646080989108,complet,0.001655931041469,0.001009850052361,2.563039,104
Harvard500.txt,500,2636,0.850000,195,moyenne,14,251,0.000646080989108,anneau,0.001689294029307,0.001043213040199,2.614678,107
Harvard500.txt,500,2636,0.850000,195,faible,494,500,0.000300000000000,isoles,0.035989208633094,0.035689208633094,119.964029,92
Harvard500.txt,500,2636,0.850000,195,faible,494,500,0.000300000000000,complet,0.001404311767626,0.001104311767626,4.681039,104
Harvard500.txt,500,2636,0.850000,195,faible,494,500,0.000300000000000,anneau,0.001438848920863,0.001138848920863,4.796163,103
Harvard500.txt,500,2636,0.850000,196,forte,7,1,0.103639770584333,isoles,0.140143334082208,0.036503563497876,1.352216,92
Harvard500.txt,500,2636,0.850000,196,forte,7,1,0.103639770584333,complet,0.076625411084802,-0.027014359499531,0.739344,104
Harvard500.txt,500,2636,0.850000,196,forte,7,1,0.103639770584333,anneau,0.071729717090581,-0.031910053493752,0.692106,123
Harvard500.txt,500,2636,0.850000,196,moyenne,14,251,0.000646080989108,isoles,0.036449072185653,0.035802991196545,56.415640,92
Harvard500.txt,500,2636,0.850000,196,moyenne,14,251,0.000646080989108,complet,0.001653723222649,0.001007642233541,2.559622,104
Harvard500.txt,500,2636,0.850000,196,moyenne,14,251,0.000646080989108,anneau,0.001686866882713,0.001040785893605,2.610922,107
Harvard500.txt,500,2636,0.850000,196,faible,494,500,0.000300000000000,isoles,0.036120689655172,0.035820689655172,120.402299,92
Harvard500.txt,500,2636,0.850000,196,faible,494,500,0.000300000000000,complet,0.001402465090858,0.001102465090858,4.674884,104
Harvard500.txt,500,2636,0.850000,196,faible,494,500,0.000300000000000,anneau,0.001436781609195,0.001136781609195,4.789272,103
Harvard500.txt,500,2636,0.850000,197,forte,7,1,0.103639770584333,isoles,0.140276937145994,0.036637166561661,1.353505,92
Harvard500.txt,500,2636,0.850000,197,forte,7,1,0.103639770584333,complet,0.076515784397405,-0.027123986186928,0.738286,104
Harvard500.txt,500,2636,0.850000,197,forte,7,1,0.103639770584333,anneau,0.071626805014411,-0.032012965569922,0.691113,123
Harvard500.txt,500,2636,0.850000,197,moyenne,14,251,0.000646080989108,isoles,0.036580111154398,0.035934030165290,56.618461,92
Harvard500.txt,500,2636,0.850000,197,moyenne,14,251,0.000646080989108,complet,0.001651520050087,0.001005439060980,2.556212,104
Harvard500.txt,500,2636,0.850000,197,moyenne,14,251,0.000646080989108,anneau,0.001684446700672,0.001038365711564,2.607176,107
Harvard500.txt,500,2636,0.850000,197,faible,494,500,0.000300000000000,isoles,0.036251793400287,0.035951793400287,120.839311,92
Harvard500.txt,500,2636,0.850000,197,faible,494,500,0.000300000000000,complet,0.001400622027816,0.001100622027816,4.668740,104
Harvard500.txt,500,2636,0.850000,197,faible,494,500,0.000300000000000,anneau,0.001434720229555,0.001134720229555,4.782401,103
Harvard500.txt,500,2636,0.850000,198,forte,7,1,0.103639770584333,isoles,0.140410157392979,0.036770386808646,1.354790,92
Harvard500.txt,500,2636,0.850000,198,forte,7,1,0.103639770584333,complet,0.076406468793233,-0.027233301791100,0.737231,104
Harvard500.txt,500,2636,0.850000,198,forte,7,1,0.103639770584333,anneau,0.071524187815250,-0.032115582769083,0.690123,123
Harvard500.txt,500,2636,0.850000,198,moyenne,14,251,0.000646080989108,isoles,0.036710774653319,0.036064693664212,56.820701,92
Harvard500.txt,500,2636,0.850000,198,moyenne,14,251,0.000646080989108,complet,0.001649321528657,0.001003240539549,2.552809,104
Harvard500.txt,500,2636,0.850000,198,moyenne,14,251,0.000646080989108,anneau,0.001682033453250,0.001035952464142,2.603441,107
Harvard500.txt,500,2636,0.850000,198,faible,494,500,0.000300000000000,isoles,0.036382521489971,0.036082521489971,121.275072,92
Harvard500.txt,500,2636,0.850000,198,faible,494,500,0.000300000000000,complet,0.001398782587756,0.001098782587756,4.662609,104
Harvard500.txt,500,2636,0.850000,198,faible,494,500,0.000300000000000,anneau,0.001432664756447,0.001132664756447,4.775549,103
Harvard500.txt,500,2636,0.850000,199,forte,7,1,0.103639770584333,isoles,0.140542996466152,0.036903225881820,1.356072,92
Harvard500.txt,500,2636,0.850000,199,forte,7,1,0.103639770584333,complet,0.076297462981566,-0.027342307602767,0.736179,104
Harvard500.txt,500,2636,0.850000,199,forte,7,1,0.103639770584333,anneau,0.071421864227531,-0.032217906356801,0.689136,123
Harvard500.txt,500,2636,0.850000,199,moyenne,14,251,0.000646080989108,isoles,0.036841064293875,0.036194983304767,57.022362,92
Harvard500.txt,500,2636,0.850000,199,moyenne,14,251,0.000646080989108,complet,0.001647127662719,0.001001046673611,2.549414,104
Harvard500.txt,500,2636,0.850000,199,moyenne,14,251,0.000646080989108,anneau,0.001679627110684,0.001033546121576,2.599716,107
Harvard500.txt,500,2636,0.850000,199,faible,494,500,0.000300000000000,isoles,0.036512875536481,0.036212875536481,121.709585,92
Harvard500.txt,500,2636,0.850000,199,faible,494,500,0.000300000000000,complet,0.001396946779396,0.001096946779396,4.656489,104
Harvard500.txt,500,2636,0.850000,199,faible,494,500,0.000300000000000,anneau,0.001430615164521,0.001130615164521,4.768717,103
Harvard500.txt,500,2636,0.850000,200,forte,7,1,0.103639770584333,isoles,0.140675455999117,0.037035685414784,1.357350,92
Harvard500.txt,500,2636,0.850000,200,forte,7,1,0.103639770584333,complet,0.076188765678194,-0.027451004906138,0.735131,104
Harvard500.txt,500,2636,0.850000,200,forte,7,1,0.103639770584333,anneau,0.071319832992921,-0.032319937591412,0.688151,123
Harvard500.txt,500,2636,0.850000,200,moyenne,14,251,0.000646080989108,isoles,0.036970981678314,0.036324900689206,57.223448,92
Harvard500.txt,500,2636,0.850000,200,moyenne,14,251,0.000646080989108,complet,0.001644938456134,0.000998857467026,2.546025,104
Harvard500.txt,500,2636,0.850000,200,moyenne,14,251,0.000646080989108,anneau,0.001677227643383,0.001031146654275,2.596002,107
Harvard500.txt,500,2636,0.850000,200,faible,494,500,0.000300000000000,isoles,0.036642857142857,0.036342857142857,122.142857,92
Harvard500.txt,500,2636,0.850000,200,faible,494,500,0.000300000000000,complet,0.001395114610936,0.001095114610936,4.650382,104
Harvard500.txt,500,2636,0.850000,200,faible,494,500,0.000300000000000,anneau,0.001428571428571,0.001128571428571,4.761905,103
