fichier,n,m,alpha,k,type_cible,page_cible,rank_initial,pagerank_initial,type_attaque,pagerank_apres,augmentation,ratio,iterations,temps_sec
data/Harvard500.txt,500,2636,0.500000,1,forte,7,1,0.056366027506781,isoles,0.056816653073662,0.000450625566881,1.007995,19,0.0000
data/Harvard500.txt,500,2636,0.500000,1,forte,7,1,0.056366027506781,complet,0.056816653073662,0.000450625566881,1.007995,19,0.0010
data/Harvard500.txt,500,2636,0.500000,1,forte,7,1,0.056366027506781,anneau,0.057553392564868,0.001187365058087,1.021065,21,0.0000
data/Harvard500.txt,500,2636,0.500000,1,moyenne,162,251,0.001250000000000,isoles,0.001746506986028,0.000496506986028,1.397206,20,0.0000
data/Harvard500.txt,500,2636,0.500000,1,moyenne,162,251,0.001250000000000,complet,0.001746506986028,0.000496506986028,1.397206,20,0.0000
data/Harvard500.txt,500,2636,0.500000,1,moyenne,162,251,0.001250000000000,anneau,0.001996007985891,0.000746007985891,1.596806,19,0.0010
data/Harvard500.txt,500,2636,0.500000,1,faible,494,500,0.001000000000000,isoles,0.001497005988024,0.000497005988024,1.497006,19,0.0000
data/Harvard500.txt,500,2636,0.500000,1,faible,494,500,0.001000000000000,complet,0.001497005988024,0.000497005988024,1.497006,19,0.0000
data/Harvard500.txt,500,2636,0.500000,1,faible,494,500,0.001000000000000,anneau,0.001710863988438,0.000710863988438,1.710864,19,0.0000
data/Harvard500.txt,500,2636,0.500000,3,forte,7,1,0.056366027506781,isoles,0.057712528952361,0.001346501445579,1.023889,20,0.0000
data/Harvard500.txt,500,2636,0.500000,3,forte,7,1,0.056366027506781,complet,0.056871188686687,0.000505161179906,1.008962,20,0.0000
data/Harvard500.txt,500,2636,0.500000,3,forte,7,1,0.056366027506781,anneau,0.056737251102409,0.000371223595628,1.006586,21,0.0000
data/Harvard500.txt,500,2636,0.500000,3,moyenne,162,251,0.001250000000000,isoles,0.002733598409543,0.001483598409543,2.186879,21,0.0000
data/Harvard500.txt,500,2636,0.500000,3,moyenne,162,251,0.001250000000000,complet,0.001988071570648,0.000738071570648,1.590457,21,0.0000
data/Harvard500.txt,500,2636,0.500000,3,moyenne,162,251,0.001250000000000,anneau,0.002180465595208,0.000930465595208,1.744372,22,0.0010
data/Harvard500.txt,500,2636,0.500000,3,faible,494,500,0.001000000000000,isoles,0.002485089463221,0.001485089463221,2.485089,20,0.0000
data/Harvard500.txt,500,2636,0.500000,3,faible,494,500,0.001000000000000,complet,0.001739562624326,0.000739562624326,1.739563,21,0.0040
data/Harvard500.txt,500,2636,0.500000,3,faible,494,500,0.001000000000000,anneau,0.001923940231501,0.000923940231501,1.923940,22,0.0000
data/Harvard500.txt,500,2636,0.500000,5,forte,7,1,0.056366027506781,isoles,0.058601308781523,0.002235281274742,1.039657,21,0.0010
data/Harvard500.txt,500,2636,0.500000,5,forte,7,1,0.056366027506781,complet,0.056739068281335,0.000373040774553,1.006618,21,0.0000
data/Harvard500.txt,500,2636,0.500000,5,forte,7,1,0.056366027506781,anneau,0.056369499271533,0.000003471764752,1.000062,22,0.0000
data/Harvard500.txt,500,2636,0.500000,5,moyenne,162,251,0.001250000000000,isoles,0.003712871287129,0.002462871287129,2.970297,22,0.0010
data/Harvard500.txt,500,2636,0.500000,5,moyenne,162,251,0.001250000000000,complet,0.002062706271353,0.000812706271353,1.650165,22,0.0000
data/Harvard500.txt,500,2636,0.500000,5,moyenne,162,251,0.001250000000000,anneau,0.002214079682190,0.000964079682190,1.771264,23,0.0000
data/Harvard500.txt,500,2636,0.500000,5,faible,494,500,0.001000000000000,isoles,0.003465346534653,0.002465346534653,3.465347,21,0.0000
data/Harvard500.txt,500,2636,0.500000,5,faible,494,500,0.001000000000000,complet,0.001815181518878,0.000815181518878,1.815182,22,0.0000
data/Harvard500.txt,500,2636,0.500000,5,faible,494,500,0.001000000000000,anneau,0.001964605916845,0.000964605916845,1.964606,23,0.0010
data/Harvard500.txt,500,2636,0.500000,7,forte,7,1,0.056366027506781,isoles,0.059483076544058,0.003117049037277,1.055300,21,0.0000
data/Harvard500.txt,500,2636,0.500000,7,forte,7,1,0.056366027506781,complet,0.056561617884171,0.000195590377390,1.003470,22,0.0000
data/Harvard500.txt,500,2636,0.500000,7,forte,7,1,0.056366027506781,anneau,0.056111707270815,-0.000254320235966,0.995488,22,0.0010
data/Harvard500.txt,500,2636,0.500000,7,moyenne,162,251,0.001250000000000,isoles,0.004684418145957,0.003434418145957,3.747535,22,0.0000
data/Harvard500.txt,500,2636,0.500000,7,moyenne,162,251,0.001250000000000,complet,0.002095660750496,0.000845660750496,1.676529,23,0.0010
data/Harvard500.txt,500,2636,0.500000,7,moyenne,162,251,0.001250000000000,anneau,0.002215557549832,0.000965557549832,1.772446,23,0.0000
data/Harvard500.txt,500,2636,0.500000,7,faible,494,500,0.001000000000000,isoles,0.004437869822485,0.003437869822485,4.437870,21,0.0010
data/Harvard500.txt,500,2636,0.500000,7,faible,494,500,0.001000000000000,complet,0.001849112428344,0.000849112428344,1.849112,22,0.0010
data/Harvard500.txt,500,2636,0.500000,7,faible,494,500,0.001000000000000,anneau,0.001968526746159,0.000968526746159,1.968527,23,0.0000
data/Harvard500.txt,500,2636,0.500000,9,forte,7,1,0.056366027506781,isoles,0.060357914889854,0.003991887383073,1.070821,22,0.0010
data/Harvard500.txt,500,2636,0.500000,9,forte,7,1,0.056366027506781,complet,0.056367085929231,0.000001058422449,1.000019,23,0.0000
data/Harvard500.txt,500,2636,0.500000,9,forte,7,1,0.056366027506781,anneau,0.055882419099676,-0.000483608407105,0.991420,23,0.0000
data/Harvard500.txt,500,2636,0.500000,9,moyenne,162,251,0.001250000000000,isoles,0.005648330058939,0.004398330058939,4.518664,22,0.0010
data/Harvard500.txt,500,2636,0.500000,9,moyenne,162,251,0.001250000000000,complet,0.002111984284662,0.000861984284662,1.689587,23,0.0000
data/Harvard500.txt,500,2636,0.500000,9,moyenne,162,251,0.001250000000000,anneau,0.002209376316876,0.000959376316876,1.767501,24,0.0010
data/Harvard500.txt,500,2636,0.500000,9,faible,494,500,0.001000000000000,isoles,0.005402750491159,0.004402750491159,5.402750,22,0.0000
data/Harvard500.txt,500,2636,0.500000,9,faible,494,500,0.001000000000000,complet,0.001866404716883,0.000866404716883,1.866405,23,0.0000
data/Harvard500.txt,500,2636,0.500000,9,faible,494,500,0.001000000000000,anneau,0.001963676778647,0.000963676778647,1.963677,24,0.0050
data/Harvard500.txt,500,2636,0.500000,11,forte,7,1,0.056366027506781,isoles,0.061225905189127,0.004859877682346,1.086220,22,0.0000
data/Harvard500.txt,500,2636,0.500000,11,forte,7,1,0.056366027506781,complet,0.056164874857862,-0.000201152648919,0.996431,23,0.0010
data/Harvard500.txt,500,2636,0.500000,11,forte,7,1,0.056366027506781,anneau,0.055661508087801,-0.000704519418980,0.987501,23,0.0000
data/Harvard500.txt,500,2636,0.500000,11,moyenne,162,251,0.001250000000000,isoles,0.006604696673190,0.005354696673190,5.283757,23,0.0010
data/Harvard500.txt,500,2636,0.500000,11,moyenne,162,251,0.001250000000000,complet,0.002120026093714,0.000870026093714,1.696021,24,0.0000
data/Harvard500.txt,500,2636,0.500000,11,moyenne,162,251,0.001250000000000,anneau,0.002201356493126,0.000951356493126,1.761085,24,0.0020
data/Harvard500.txt,500,2636,0.500000,11,faible,494,500,0.001000000000000,isoles,0.006360078277886,0.005360078277886,6.360078,22,0.0000
data/Harvard500.txt,500,2636,0.500000,11,faible,494,500,0.001000000000000,complet,0.001875407699714,0.000875407699714,1.875408,23,0.0010
data/Harvard500.txt,500,2636,0.500000,11,faible,494,500,0.001000000000000,anneau,0.001956708233534,0.000956708233534,1.956708,24,0.0000
data/Harvard500.txt,500,2636,0.500000,13,forte,7,1,0.056366027506781,isoles,0.062087127532850,0.005721100026069,1.101499,22,0.0010
data/Harvard500.txt,500,2636,0.500000,13,forte,7,1,0.056366027506781,complet,0.055959002767210,-0.000407024739571,0.992779,23,0.0010
data/Harvard500.txt,500,2636,0.500000,13,forte,7,1,0.056366027506781,anneau,0.055443958074823,-0.000922069431958,0.983641,24,0.0010
data/Harvard500.txt,500,2636,0.500000,13,moyenne,162,251,0.001250000000000,isoles,0.007553606237817,0.006303606237817,6.042885,23,0.0000
data/Harvard500.txt,500,2636,0.500000,13,moyenne,162,251,0.001250000000000,complet,0.002123363966786,0.000873363966786,1.698691,24,0.0010
data/Harvard500.txt,500,2636,0.500000,13,moyenne,162,251,0.001250000000000,anneau,0.002192930403741,0.000942930403741,1.754344,24,0.0010
data/Harvard500.txt,500,2636,0.500000,13,faible,494,500,0.001000000000000,isoles,0.007309941520468,0.006309941520468,7.309942,22,0.0000
data/Harvard500.txt,500,2636,0.500000,13,faible,494,500,0.001000000000000,complet,0.001879699250973,0.000879699250973,1.879699,23,0.0000
data/Harvard500.txt,500,2636,0.500000,13,faible,494,500,0.001000000000000,anneau,0.001949258250335,0.000949258250335,1.949258,24,0.0020
data/Harvard500.txt,500,2636,0.500000,15,forte,7,1,0.056366027506781,isoles,0.062941660770991,0.006575633264210,1.116660,22,0.0000
data/Harvard500.txt,500,2636,0.500000,15,forte,7,1,0.056366027506781,complet,0.055751468824674,-0.000614558682107,0.989097,24,0.0010
data/Harvard500.txt,500,2636,0.500000,15,forte,7,1,0.056366027506781,anneau,0.055228505741750,-0.001137521765031,0.979819,24,0.0000
data/Harvard500.txt,500,2636,0.500000,15,moyenne,162,251,0.001250000000000,isoles,0.008495145631068,0.007245145631068,6.796117,23,0.0010
data/Harvard500.txt,500,2636,0.500000,15,moyenne,162,251,0.001250000000000,complet,0.002123786409247,0.000873786409247,1.699029,24,0.0000
data/Harvard500.txt,500,2636,0.500000,15,moyenne,162,251,0.001250000000000,anneau,0.002184453056854,0.000934453056854,1.747562,24,0.0000
data/Harvard500.txt,500,2636,0.500000,15,faible,494,500,0.001000000000000,isoles,0.008252427184466,0.007252427184466,8.252427,22,0.0010
data/Harvard500.txt,500,2636,0.500000,15,faible,494,500,0.001000000000000,complet,0.001881067962645,0.000881067962645,1.881068,24,0.0000
data/Harvard500.txt,500,2636,0.500000,15,faible,494,500,0.001000000000000,anneau,0.001941732758457,0.000941732758457,1.941733,24,0.0000
data/Harvard500.txt,500,2636,0.500000,17,forte,7,1,0.056366027506781,isoles,0.063789582533402,0.007423555026621,1.131703,22,0.0010
data/Harvard500.txt,500,2636,0.500000,17,forte,7,1,0.056366027506781,complet,0.055543375065536,-0.000822652441245,0.985405,24,0.0000
data/Harvard500.txt,500,2636,0.500000,17,forte,7,1,0.056366027506781,anneau,0.055014821948952,-0.001351205557829,0.976028,24,0.0010
data/Harvard500.txt,500,2636,0.500000,17,moyenne,162,251,0.001250000000000,isoles,0.009429400386847,0.008179400386847,7.543520,23,0.0000
data/Harvard500.txt,500,2636,0.500000,17,moyenne,162,251,0.001250000000000,complet,0.002122286698343,0.000872286698343,1.697829,24,0.0010
data/Harvard500.txt,500,2636,0.500000,17,moyenne,162,251,0.001250000000000,anneau,0.002176012245783,0.000926012245783,1.740810,24,0.0000
data/Harvard500.txt,500,2636,0.500000,17,faible,494,500,0.001000000000000,isoles,0.009187620889749,0.008187620889749,9.187621,23,0.0000
data/Harvard500.txt,500,2636,0.500000,17,faible,494,500,0.001000000000000,complet,0.001880507201245,0.000880507201245,1.880507,24,0.0000
data/Harvard500.txt,500,2636,0.500000,17,faible,494,500,0.001000000000000,anneau,0.001934232287527,0.000934232287527,1.934232,24,0.0000
data/Harvard500.txt,500,2636,0.500000,19,forte,7,1,0.056366027506781,isoles,0.064630969249357,0.008264941742575,1.146630,23,0.0000
data/Harvard500.txt,500,2636,0.500000,19,forte,7,1,0.056366027506781,complet,0.055335375106295,-0.001030652400486,0.981715,24,0.0010
data/Harvard500.txt,500,2636,0.500000,19,forte,7,1,0.056366027506781,anneau,0.054802810347880,-0.001563217158901,0.972267,25,0.0000
data/Harvard500.txt,500,2636,0.500000,19,moyenne,162,251,0.001250000000000,isoles,0.010356454720617,0.009106454720617,8.285164,23,0.0010
data/Harvard500.txt,500,2636,0.500000,19,moyenne,162,251,0.001250000000000,complet,0.002119460502619,0.000869460502619,1.695568,24,0.0000
data/Harvard500.txt,500,2636,0.500000,19,moyenne,162,251,0.001250000000000,anneau,0.002167629253887,0.000917629253887,1.734103,25,0.0010
data/Harvard500.txt,500,2636,0.500000,19,faible,494,500,0.001000000000000,isoles,0.010115606936416,0.009115606936416,10.115607,23,0.0000
data/Harvard500.txt,500,2636,0.500000,19,faible,494,500,0.001000000000000,complet,0.001878612718419,0.000878612718419,1.878613,24,0.0000
data/Harvard500.txt,500,2636,0.500000,19,faible,494,500,0.001000000000000,anneau,0.001926781354842,0.000926781354842,1.926781,25,0.0000
data/Harvard500.txt,500,2636,0.500000,21,forte,7,1,0.056366027506781,isoles,0.065465896186003,0.009099868679222,1.161442,23,0.0000
data/Harvard500.txt,500,2636,0.500000,21,forte,7,1,0.056366027506781,complet,0.055127878105555,-0.001238149401227,0.978034,24,0.0000
data/Harvard500.txt,500,2636,0.500000,21,forte,7,1,0.056366027506781,anneau,0.054592432774287,-0.001773594732494,0.968534,25,0.0000
data/Harvard500.txt,500,2636,0.500000,21,moyenne,162,251,0.001250000000000,isoles,0.011276391554702,0.010026391554702,9.021113,24,0.0000
data/Harvard500.txt,500,2636,0.500000,21,moyenne,162,251,0.001250000000000,complet,0.002115686618339,0.000865686618339,1.692549,24,0.0020
data/Harvard500.txt,500,2636,0.500000,21,moyenne,162,251,0.001250000000000,anneau,0.002159308820906,0.000909308820906,1.727447,25,0.0000
data/Harvard500.txt,500,2636,0.500000,21,faible,494,500,0.001000000000000,isoles,0.011036468330134,0.010036468330134,11.036468,23,0.0010
data/Harvard500.txt,500,2636,0.500000,21,faible,494,500,0.001000000000000,complet,0.001875763393771,0.000875763393771,1.875763,24,0.0000
data/Harvard500.txt,500,2636,0.500000,21,faible,494,500,0.001000000000000,anneau,0.001919385567736,0.000919385567736,1.919386,25,0.0010
data/Harvard500.txt,500,2636,0.500000,23,forte,7,1,0.056366027506781,isoles,0.066294437448181,0.009928409941400,1.176142,23,0.0010
data/Harvard500.txt,500,2636,0.500000,23,forte,7,1,0.056366027506781,complet,0.054921150739928,-0.001444876766853,0.974366,24,0.0000
data/Harvard500.txt,500,2636,0.500000,23,forte,7,1,0.056366027506781,anneau,0.054383665778753,-0.001982361728028,0.964831,26,0.0000
data/Harvard500.txt,500,2636,0.500000,23,moyenne,162,251,0.001250000000000,isoles,0.012189292543021,0.010939292543021,9.751434,24,0.0000
data/Harvard500.txt,500,2636,0.500000,23,moyenne,162,251,0.001250000000000,complet,0.002111217336700,0.000861217336700,1.688974,25,0.0000
data/Harvard500.txt,500,2636,0.500000,23,moyenne,162,251,0.001250000000000,anneau,0.002151051575379,0.000901051575379,1.720841,25,0.0010
data/Harvard500.txt,500,2636,0.500000,23,faible,494,500,0.001000000000000,isoles,0.011950286806883,0.010950286806883,11.950287,23,0.0000
data/Harvard500.txt,500,2636,0.500000,23,faible,494,500,0.001000000000000,complet,0.001872211601453,0.000872211601453,1.872212,24,0.0010
data/Harvard500.txt,500,2636,0.500000,23,faible,494,500,0.001000000000000,anneau,0.001912045832118,0.000912045832118,1.912046,25,0.0000
data/Harvard500.txt,500,2636,0.500000,25,forte,7,1,0.056366027506781,isoles,0.067116666015029,0.010750638508247,1.190729,23,0.0010
data/Harvard500.txt,500,2636,0.500000,25,forte,7,1,0.056366027506781,complet,0.054715372111985,-0.001650655394797,0.970715,24,0.0000
data/Harvard500.txt,500,2636,0.500000,25,forte,7,1,0.056366027506781,anneau,0.054176489778805,-0.002189537727976,0.961155,26,0.0000
data/Harvard500.txt,500,2636,0.500000,25,moyenne,162,251,0.001250000000000,isoles,0.013095238095238,0.011845238095238,10.476190,24,0.0010
data/Harvard500.txt,500,2636,0.500000,25,moyenne,162,251,0.001250000000000,complet,0.002106227107047,0.000856227107047,1.684982,25,0.0000
data/Harvard500.txt,500,2636,0.500000,25,moyenne,162,251,0.001250000000000,anneau,0.002142857142857,0.000892857142857,1.714286,25,0.0010
data/Harvard500.txt,500,2636,0.500000,25,faible,494,500,0.001000000000000,isoles,0.012857142857143,0.011857142857143,12.857143,23,0.0000
data/Harvard500.txt,500,2636,0.500000,25,faible,494,500,0.001000000000000,complet,0.001868131869839,0.000868131869839,1.868132,24,0.0010
data/Harvard500.txt,500,2636,0.500000,25,faible,494,500,0.001000000000000,anneau,0.001904761904762,0.000904761904762,1.904762,25,0.0000
data/Harvard500.txt,500,2636,0.500000,27,forte,7,1,0.056366027506781,isoles,0.067932653757839,0.011566626251058,1.205206,23,0.0000
data/Harvard500.txt,500,2636,0.500000,27,forte,7,1,0.056366027506781,complet,0.054510665123950,-0.001855362382832,0.967084,24,0.0000
data/Harvard500.txt,500,2636,0.500000,27,forte,7,1,0.056366027506781,anneau,0.053970886363903,-0.002395141142878,0.957507,26,0.0010
data/Harvard500.txt,500,2636,0.500000,27,moyenne,162,251,0.001250000000000,isoles,0.013994307400380,0.012744307400380,11.195446,24,0.0000
data/Harvard500.txt,500,2636,0.500000,27,moyenne,162,251,0.001250000000000,complet,0.002100840336951,0.000850840336951,1.680672,25,0.0010
data/Harvard500.txt,500,2636,0.500000,27,moyenne,162,251,0.001250000000000,anneau,0.002134724857685,0.000884724857685,1.707780,25,0.0000
data/Harvard500.txt,500,2636,0.500000,27,faible,494,500,0.001000000000000,isoles,0.013757115749526,0.012757115749526,13.757116,23,0.0000
data/Harvard500.txt,500,2636,0.500000,27,faible,494,500,0.001000000000000,complet,0.001863648686976,0.000863648686976,1.863649,24,0.0000
data/Harvard500.txt,500,2636,0.500000,27,faible,494,500,0.001000000000000,anneau,0.001897533206831,0.000897533206831,1.897533,25,0.0000
data/Harvard500.txt,500,2636,0.500000,29,forte,7,1,0.056366027506781,isoles,0.068742471461007,0.012376443954226,1.219573,23,0.0000
data/Harvard500.txt,500,2636,0.500000,29,forte,7,1,0.056366027506781,complet,0.054307115301223,-0.002058912205558,0.963472,25,0.0000
data/Harvard500.txt,500,2636,0.500000,29,forte,7,1,0.056366027506781,anneau,0.053766837644191,-0.002599189862590,0.953887,26,0.0000
data/Harvard500.txt,500,2636,0.500000,29,moyenne,162,251,0.001250000000000,isoles,0.014886578449905,0.013636578449905,11.909263,24,0.0000
data/Harvard500.txt,500,2636,0.500000,29,moyenne,162,251,0.001250000000000,complet,0.002095148078944,0.000845148078944,1.676118,25,0.0010
data/Harvard500.txt,500,2636,0.500000,29,moyenne,162,251,0.001250000000000,anneau,0.002126654064272,0.000876654064272,1.701323,25,0.0000
data/Harvard500.txt,500,2636,0.500000,29,faible,494,500,0.001000000000000,isoles,0.014650283553875,0.013650283553875,14.650284,23,0.0000
data/Harvard500.txt,500,2636,0.500000,29,faible,494,500,0.001000000000000,complet,0.001858853182914,0.000858853182914,1.858853,25,0.0000
data/Harvard500.txt,500,2636,0.500000,29,faible,494,500,0.001000000000000,anneau,0.001890359168242,0.000890359168242,1.890359,25,0.0000
data/Harvard500.txt,500,2636,0.500000,31,forte,7,1,0.056366027506781,isoles,0.069546188842493,0.013180161335712,1.233832,23,0.0020
data/Harvard500.txt,500,2636,0.500000,31,forte,7,1,0.056366027506781,complet,0.054104782549101,-0.002261244957680,0.959883,25,0.0000
data/Harvard500.txt,500,2636,0.500000,31,forte,7,1,0.056366027506781,anneau,0.053564326014646,-0.002801701492135,0.950295,26,0.0000
data/Harvard500.txt,500,2636,0.500000,31,moyenne,162,251,0.001250000000000,isoles,0.015772128060264,0.014522128060264,12.617702,24,0.0010
data/Harvard500.txt,500,2636,0.500000,31,moyenne,162,251,0.001250000000000,complet,0.002089218456542,0.000839218456542,1.671375,25,0.0000
data/Harvard500.txt,500,2636,0.500000,31,moyenne,162,251,0.001250000000000,anneau,0.002118644067797,0.000868644067797,1.694915,25,0.0010
data/Harvard500.txt,500,2636,0.500000,31,faible,494,500,0.001000000000000,isoles,0.015536723163842,0.014536723163842,15.536723,23,0.0000
data/Harvard500.txt,500,2636,0.500000,31,faible,494,500,0.001000000000000,complet,0.001853813560120,0.000853813560120,1.853814,25,0.0010
data/Harvard500.txt,500,2636,0.500000,31,faible,494,500,0.001000000000000,anneau,0.001883239171375,0.000883239171375,1.883239,25,0.0000
data/Harvard500.txt,500,2636,0.500000,33,forte,7,1,0.056366027506781,isoles,0.070343874573837,0.013977847067056,1.247984,23,0.0000
data/Harvard500.txt,500,2636,0.500000,33,forte,7,1,0.056366027506781,complet,0.053903708769343,-0.002462318737438,0.956316,25,0.0000
data/Harvard500.txt,500,2636,0.500000,33,forte,7,1,0.056366027506781,anneau,0.053363334172190,-0.003002693334591,0.946729,26,0.0000
data/Harvard500.txt,500,2636,0.500000,33,moyenne,162,251,0.001250000000000,isoles,0.016651031894934,0.015401031894934,13.320826,24,0.0000
data/Harvard500.txt,500,2636,0.500000,33,moyenne,162,251,0.001250000000000,complet,0.002083103411005,0.000833103411005,1.666483,25,0.0010
data/Harvard500.txt,500,2636,0.500000,33,moyenne,162,251,0.001250000000000,anneau,0.002110694183865,0.000860694183865,1.688555,25,0.0000
data/Harvard500.txt,500,2636,0.500000,33,faible,494,500,0.001000000000000,isoles,0.016416510318949,0.015416510318949,16.416510,23,0.0000
data/Harvard500.txt,500,2636,0.500000,33,faible,494,500,0.001000000000000,complet,0.001848581835020,0.000848581835020,1.848582,25,0.0010
data/Harvard500.txt,500,2636,0.500000,33,faible,494,500,0.001000000000000,anneau,0.001876172607880,0.000876172607880,1.876173,25,0.0000
data/Harvard500.txt,500,2636,0.500000,35,forte,7,1,0.056366027506781,isoles,0.071135596299713,0.014769568792932,1.262030,23,0.0000
data/Harvard500.txt,500,2636,0.500000,35,forte,7,1,0.056366027506781,complet,0.053703922926353,-0.002662104580428,0.952771,25,0.0010
data/Harvard500.txt,500,2636,0.500000,35,forte,7,1,0.056366027506781,anneau,0.053163845072481,-0.003202182434301,0.943189,26,0.0000
data/Harvard500.txt,500,2636,0.500000,35,moyenne,162,251,0.001250000000000,isoles,0.017523364485981,0.016273364485981,14.018692,24,0.0000
data/Harvard500.txt,500,2636,0.500000,35,moyenne,162,251,0.001250000000000,complet,0.002076843199110,0.000826843199110,1.661475,25,0.0010
data/Harvard500.txt,500,2636,0.500000,35,moyenne,162,251,0.001250000000000,anneau,0.002102803738318,0.000852803738318,1.682243,25,0.0000
data/Harvard500.txt,500,2636,0.500000,35,faible,494,500,0.001000000000000,isoles,0.017289719626168,0.016289719626168,17.289720,23,0.0000
data/Harvard500.txt,500,2636,0.500000,35,faible,494,500,0.001000000000000,complet,0.001843198339297,0.000843198339297,1.843198,25,0.0010
data/Harvard500.txt,500,2636,0.500000,35,faible,494,500,0.001000000000000,anneau,0.001869158878505,0.000869158878505,1.869159,25,0.0000
data/Harvard500.txt,500,2636,0.500000,37,forte,7,1,0.056366027506781,isoles,0.071921420657054,0.015555393150272,1.275971,23,0.0000
data/Harvard500.txt,500,2636,0.500000,37,forte,7,1,0.056366027506781,complet,0.053505444516560,-0.002860582990221,0.949250,25,0.0010
data/Harvard500.txt,500,2636,0.500000,37,forte,7,1,0.056366027506781,anneau,0.052965841925097,-0.003400185581684,0.939677,26,0.0000
data/Harvard500.txt,500,2636,0.500000,37,moyenne,162,251,0.001250000000000,isoles,0.018389199255121,0.017139199255121,14.711359,24,0.0000
data/Harvard500.txt,500,2636,0.500000,37,moyenne,162,251,0.001250000000000,complet,0.002070469470520,0.000820469470520,1.656376,25,0.0010
data/Harvard500.txt,500,2636,0.500000,37,moyenne,162,251,0.001250000000000,anneau,0.002094972067039,0.000844972067039,1.675978,25,0.0000
data/Harvard500.txt,500,2636,0.500000,37,faible,494,500,0.001000000000000,isoles,0.018156424581006,0.017156424581006,18.156425,24,0.0000
data/Harvard500.txt,500,2636,0.500000,37,faible,494,500,0.001000000000000,complet,0.001837694796405,0.000837694796405,1.837695,25,0.0000
data/Harvard500.txt,500,2636,0.500000,37,faible,494,500,0.001000000000000,anneau,0.001862197392924,0.000862197392924,1.862197,25,0.0020
data/Harvard500.txt,500,2636,0.500000,39,forte,7,1,0.056366027506781,isoles,0.072701413293746,0.016335385786965,1.289809,23,0.0000
data/Harvard500.txt,500,2636,0.500000,39,forte,7,1,0.056366027506781,complet,0.053308285994813,-0.003057741511968,0.945752,25,0.0010
data/Harvard500.txt,500,2636,0.500000,39,forte,7,1,0.056366027506781,anneau,0.052769308188826,-0.003596719317955,0.936190,26,0.0000
data/Harvard500.txt,500,2636,0.500000,39,moyenne,162,251,0.001250000000000,isoles,0.019248608534323,0.017998608534323,15.398887,24,0.0000
data/Harvard500.txt,500,2636,0.500000,39,moyenne,162,251,0.001250000000000,complet,0.002064007421891,0.000814007421891,1.651206,25,0.0010
data/Harvard500.txt,500,2636,0.500000,39,moyenne,162,251,0.001250000000000,anneau,0.002087198515770,0.000837198515770,1.669759,25,0.0000
data/Harvard500.txt,500,2636,0.500000,39,faible,494,500,0.001000000000000,isoles,0.019016697588126,0.018016697588126,19.016698,24,0.0000
data/Harvard500.txt,500,2636,0.500000,39,faible,494,500,0.001000000000000,complet,0.001832096475695,0.000832096475695,1.832096,25,0.0000
data/Harvard500.txt,500,2636,0.500000,39,faible,494,500,0.001000000000000,anneau,0.001855287569573,0.000855287569573,1.855288,25,0.0010
data/Harvard500.txt,500,2636,0.500000,41,forte,7,1,0.056366027506781,isoles,0.073475638886914,0.017109611380133,1.303545,23,0.0000
data/Harvard500.txt,500,2636,0.500000,41,forte,7,1,0.056366027506781,complet,0.053112454506262,-0.003253573000520,0.942278,25,0.0000
data/Harvard500.txt,500,2636,0.500000,41,forte,7,1,0.056366027506781,anneau,0.052574227567056,-0.003791799939726,0.932729,26,0.0010
data/Harvard500.txt,500,2636,0.500000,41,moyenne,162,251,0.001250000000000,isoles,0.020101663585952,0.018851663585952,16.081331,24,0.0000
data/Harvard500.txt,500,2636,0.500000,41,moyenne,162,251,0.001250000000000,complet,0.002057477335467,0.000807477335467,1.645982,25,0.0010
data/Harvard500.txt,500,2636,0.500000,41,moyenne,162,251,0.001250000000000,anneau,0.002079482439926,0.000829482439926,1.663586,25,0.0000
data/Harvard500.txt,500,2636,0.500000,41,faible,494,500,0.001000000000000,isoles,0.019870609981516,0.018870609981516,19.870610,24,0.0010
data/Harvard500.txt,500,2636,0.500000,41,faible,494,500,0.001000000000000,complet,0.001826423731031,0.000826423731031,1.826424,25,0.0000
data/Harvard500.txt,500,2636,0.500000,41,faible,494,500,0.001000000000000,anneau,0.001848428835490,0.000848428835490,1.848429,25,0.0000
data/Harvard500.txt,500,2636,0.500000,43,forte,7,1,0.056366027506781,isoles,0.074244161156877,0.017878133650096,1.317179,24,0.0010
data/Harvard500.txt,500,2636,0.500000,43,forte,7,1,0.056366027506781,complet,0.052917953144746,-0.003448074362035,0.938827,25,0.0010
data/Harvard500.txt,500,2636,0.500000,43,forte,7,1,0.056366027506781,anneau,0.052380584003273,-0.003985443503508,0.929294,26,0.0000
data/Harvard500.txt,500,2636,0.500000,43,moyenne,162,251,0.001250000000000,isoles,0.020948434622468,0.019698434622468,16.758748,24,0.0010
data/Harvard500.txt,500,2636,0.500000,43,moyenne,162,251,0.001250000000000,complet,0.002050895698014,0.000800895698014,1.640717,25,0.0000
data/Harvard500.txt,500,2636,0.500000,43,moyenne,162,251,0.001250000000000,anneau,0.002071823204420,0.000821823204420,1.657459,25,0.0000
data/Harvard500.txt,500,2636,0.500000,43,faible,494,500,0.001000000000000,isoles,0.020718232044199,0.019718232044199,20.718232,24,0.0000
data/Harvard500.txt,500,2636,0.500000,43,faible,494,500,0.001000000000000,complet,0.001820693119745,0.000820693119745,1.820693,25,0.0000
data/Harvard500.txt,500,2636,0.500000,43,faible,494,500,0.001000000000000,anneau,0.001841620626151,0.000841620626151,1.841621,25,0.0010
data/Harvard500.txt,500,2636,0.500000,45,forte,7,1,0.056366027506781,isoles,0.075007042900141,0.018641015393360,1.330714,24,0.0000
data/Harvard500.txt,500,2636,0.500000,45,forte,7,1,0.056366027506781,complet,0.052724781881818,-0.003641245624963,0.935400,25,0.0010
data/Harvard500.txt,500,2636,0.500000,45,forte,7,1,0.056366027506781,anneau,0.052188361676655,-0.004177665830126,0.925883,26,0.0010
data/Harvard500.txt,500,2636,0.500000,45,moyenne,162,251,0.001250000000000,isoles,0.021788990825688,0.020538990825688,17.431193,24,0.0000
data/Harvard500.txt,500,2636,0.500000,45,moyenne,162,251,0.001250000000000,complet,0.002044276027817,0.000794276027817,1.635421,25,0.0010
data/Harvard500.txt,500,2636,0.500000,45,moyenne,162,251,0.001250000000000,anneau,0.002064220183486,0.000814220183486,1.651376,25,0.0000
data/Harvard500.txt,500,2636,0.500000,45,faible,494,500,0.001000000000000,isoles,0.021559633027523,0.020559633027523,21.559633,24,0.0010
data/Harvard500.txt,500,2636,0.500000,45,faible,494,500,0.001000000000000,complet,0.001814918229652,0.000814918229652,1.814918,25,0.0000
data/Harvard500.txt,500,2636,0.500000,45,faible,494,500,0.001000000000000,anneau,0.001834862385321,0.000834862385321,1.834862,25,0.0000
data/Harvard500.txt,500,2636,0.500000,47,forte,7,1,0.056366027506781,isoles,0.075764345983490,0.019398318476709,1.344149,24,0.0010
data/Harvard500.txt,500,2636,0.500000,47,forte,7,1,0.056366027506781,complet,0.052532938262492,-0.003833089244289,0.931996,25,0.0000
data/Harvard500.txt,500,2636,0.500000,47,forte,7,1,0.056366027506781,anneau,0.051997544997764,-0.004368482509017,0.922498,26,0.0000
data/Harvard500.txt,500,2636,0.500000,47,moyenne,162,251,0.001250000000000,isoles,0.022623400365631,0.021373400365631,18.098720,25,0.0000
data/Harvard500.txt,500,2636,0.500000,47,moyenne,162,251,0.001250000000000,complet,0.002037629494888,0.000787629494888,1.630104,25,0.0000
data/Harvard500.txt,500,2636,0.500000,47,moyenne,162,251,0.001250000000000,anneau,0.002056672760512,0.000806672760512,1.645338,25,0.0010
data/Harvard500.txt,500,2636,0.500000,47,faible,494,500,0.001000000000000,isoles,0.022394881170018,0.021394881170018,22.394881,24,0.0000
data/Harvard500.txt,500,2636,0.500000,47,faible,494,500,0.001000000000000,complet,0.001809110299276,0.000809110299276,1.809110,25,0.0010
data/Harvard500.txt,500,2636,0.500000,47,faible,494,500,0.001000000000000,anneau,0.001828153564899,0.000828153564899,1.828154,25,0.0000
data/Harvard500.txt,500,2636,0.500000,49,forte,7,1,0.056366027506781,isoles,0.076516131375886,0.020150103869105,1.357487,24,0.0010
data/Harvard500.txt,500,2636,0.500000,49,forte,7,1,0.056366027506781,complet,0.052342417933068,-0.004023609573713,0.928616,25,0.0000
data/Harvard500.txt,500,2636,0.500000,49,forte,7,1,0.056366027506781,anneau,0.051808118604330,-0.004557908902451,0.919137,26,0.0000
data/Harvard500.txt,500,2636,0.500000,49,moyenne,162,251,0.001250000000000,isoles,0.023451730418944,0.022201730418944,18.761384,25,0.0010
data/Harvard500.txt,500,2636,0.500000,49,moyenne,162,251,0.001250000000000,complet,0.002030965392283,0.000780965392283,1.624772,25,0.0000
data/Harvard500.txt,500,2636,0.500000,49,moyenne,162,251,0.001250000000000,anneau,0.002049180327869,0.000799180327869,1.639344,25,0.0000
data/Harvard500.txt,500,2636,0.500000,49,faible,494,500,0.001000000000000,isoles,0.023224043715847,0.022224043715847,23.224044,24,0.0010
data/Harvard500.txt,500,2636,0.500000,49,faible,494,500,0.001000000000000,complet,0.001803278689186,0.000803278689186,1.803279,25,0.0000
data/Harvard500.txt,500,2636,0.500000,49,faible,494,500,0.001000000000000,anneau,0.001821493624772,0.000821493624772,1.821494,25,0.0000
data/Harvard500.txt,500,2636,0.500000,50,forte,7,1,0.056366027506781,isoles,0.076889973748287,0.020523946241505,1.364119,24,0.0000
data/Harvard500.txt,500,2636,0.500000,50,forte,7,1,0.056366027506781,complet,0.052247652224031,-0.004118375282750,0.926935,25,0.0010
data/Harvard500.txt,500,2636,0.500000,50,forte,7,1,0.056366027506781,anneau,0.051713922025049,-0.004652105481732,0.917466,26,0.0000
data/Harvard500.txt,500,2636,0.500000,50,moyenne,162,251,0.001250000000000,isoles,0.023863636363636,0.022613636363636,19.090909,25,0.0000
data/Harvard500.txt,500,2636,0.500000,50,moyenne,162,251,0.001250000000000,complet,0.002027629234166,0.000777629234166,1.622103,25,0.0010
data/Harvard500.txt,500,2636,0.500000,50,moyenne,162,251,0.001250000000000,anneau,0.002045454545455,0.000795454545455,1.636364,25,0.0000
data/Harvard500.txt,500,2636,0.500000,50,faible,494,500,0.001000000000000,isoles,0.023636363636364,0.022636363636364,23.636364,24,0.0000
data/Harvard500.txt,500,2636,0.500000,50,faible,494,500,0.001000000000000,complet,0.001800356506893,0.000800356506893,1.800357,25,0.0000
data/Harvard500.txt,500,2636,0.500000,50,faible,494,500,0.001000000000000,anneau,0.001818181818182,0.000818181818182,1.818182,25,0.0000
data/Harvard500.txt,500,2636,0.700000,1,forte,7,1,0.086639016032501,isoles,0.087030521291042,0.000391505258541,1.004519,33,0.0000
data/Harvard500.txt,500,2636,0.700000,1,forte,7,1,0.086639016032501,complet,0.087030521291042,0.000391505258541,1.004519,33,0.0000
data/Harvard500.txt,500,2636,0.700000,1,forte,7,1,0.086639016032501,anneau,0.089363205748330,0.002724189715829,1.031443,37,0.0000
data/Harvard500.txt,500,2636,0.700000,1,moyenne,404,251,0.000952856036910,isoles,0.001370132123131,0.000417276086221,1.437921,33,0.0000
data/Harvard500.txt,500,2636,0.700000,1,moyenne,404,251,0.000952856036910,complet,0.001370132123131,0.000417276086221,1.437921,33,0.0010
data/Harvard500.txt,500,2636,0.700000,1,moyenne,404,251,0.000952856036910,anneau,0.001814720674694,0.000861864637784,1.904507,29,0.0010
data/Harvard500.txt,500,2636,0.700000,1,faible,494,500,0.000600000000000,isoles,0.001017964071856,0.000417964071856,1.696607,33,0.0000
data/Harvard500.txt,500,2636,0.700000,1,faible,494,500,0.000600000000000,complet,0.001017964071856,0.000417964071856,1.696607,33,0.0000
data/Harvard500.txt,500,2636,0.700000,1,faible,494,500,0.000600000000000,anneau,0.001348296783789,0.000748296783789,2.247161,32,0.0010
data/Harvard500.txt,500,2636,0.700000,3,forte,7,1,0.086639016032501,isoles,0.087808861749742,0.001169845717241,1.013503,35,0.0000
data/Harvard500.txt,500,2636,0.700000,3,forte,7,1,0.086639016032501,complet,0.087176394471705,0.000537378439204,1.006202,36,0.0010
data/Harvard500.txt,500,2636,0.700000,3,forte,7,1,0.086639016032501,anneau,0.087184412824056,0.000545396791555,1.006295,39,0.0010
data/Harvard500.txt,500,2636,0.700000,3,moyenne,404,251,0.000952856036910,isoles,0.002199706847248,0.001246850810338,2.308541,36,0.0010
data/Harvard500.txt,500,2636,0.700000,3,moyenne,404,251,0.000952856036910,complet,0.001730006654122,0.000777150617212,1.815601,36,0.0010
data/Harvard500.txt,500,2636,0.700000,3,moyenne,404,251,0.000952856036910,anneau,0.002115451346656,0.001162595309746,2.220116,36,0.0000
data/Harvard500.txt,500,2636,0.700000,3,faible,494,500,0.000600000000000,isoles,0.001848906560636,0.001248906560636,3.081511,36,0.0010
data/Harvard500.txt,500,2636,0.700000,3,faible,494,500,0.000600000000000,complet,0.001379224652089,0.000779224652089,2.298708,36,0.0010
data/Harvard500.txt,500,2636,0.700000,3,faible,494,500,0.000600000000000,anneau,0.001716842533914,0.001116842533914,2.861404,37,0.0000
data/Harvard500.txt,500,2636,0.700000,5,forte,7,1,0.086639016032501,isoles,0.088581037127756,0.001942021095255,1.022415,37,0.0000
data/Harvard500.txt,500,2636,0.700000,5,forte,7,1,0.086639016032501,complet,0.087053855426966,0.000414839394465,1.004788,37,0.0010
data/Harvard500.txt,500,2636,0.700000,5,forte,7,1,0.086639016032501,anneau,0.085985777082030,-0.000653238950470,0.992460,40,0.0000
data/Harvard500.txt,500,2636,0.700000,5,moyenne,404,251,0.000952856036910,isoles,0.003022710682463,0.002069854645553,3.172264,37,0.0010
data/Harvard500.txt,500,2636,0.700000,5,moyenne,404,251,0.000952856036910,complet,0.001888553120629,0.000935697083719,1.981992,38,0.0010
data/Harvard500.txt,500,2636,0.700000,5,moyenne,404,251,0.000952856036910,anneau,0.002227638472270,0.001274782435360,2.337854,39,0.0010
data/Harvard500.txt,500,2636,0.700000,5,faible,494,500,0.000600000000000,isoles,0.002673267326733,0.002073267326733,4.455446,37,0.0010
data/Harvard500.txt,500,2636,0.700000,5,faible,494,500,0.000600000000000,complet,0.001539153915604,0.000939153915604,2.565257,38,0.0000
data/Harvard500.txt,500,2636,0.700000,5,faible,494,500,0.000600000000000,anneau,0.001856433478981,0.001256433478981,3.094056,40,0.0000
data/Harvard500.txt,500,2636,0.700000,7,forte,7,1,0.086639016032501,isoles,0.089347120401096,0.002708104368595,1.031257,37,0.0000
data/Harvard500.txt,500,2636,0.700000,7,forte,7,1,0.086639016032501,complet,0.086837210819096,0.000198194786595,1.002288,39,0.0000
data/Harvard500.txt,500,2636,0.700000,7,forte,7,1,0.086639016032501,anneau,0.085238430523733,-0.001400585508768,0.983834,41,0.0010
data/Harvard500.txt,500,2636,0.700000,7,moyenne,404,251,0.000952856036910,isoles,0.003839221390773,0.002886365353863,4.029173,38,0.0000
data/Harvard500.txt,500,2636,0.700000,7,moyenne,404,251,0.000952856036910,complet,0.001975243505315,0.001022387468405,2.072972,39,0.0010
data/Harvard500.txt,500,2636,0.700000,7,moyenne,404,251,0.000952856036910,anneau,0.002272167290433,0.001319311253523,2.384586,41,0.0010
data/Harvard500.txt,500,2636,0.700000,7,faible,494,500,0.000600000000000,isoles,0.003491124260355,0.002891124260355,5.818540,38,0.0000
data/Harvard500.txt,500,2636,0.700000,7,faible,494,500,0.000600000000000,complet,0.001627218936193,0.001027218936193,2.712032,39,0.0020
data/Harvard500.txt,500,2636,0.700000,7,faible,494,500,0.000600000000000,anneau,0.001913847167492,0.001313847167492,3.189745,41,0.0010
data/Harvard500.txt,500,2636,0.700000,9,forte,7,1,0.086639016032501,isoles,0.090107183366929,0.003468167334428,1.040030,38,0.0000
data/Harvard500.txt,500,2636,0.700000,9,forte,7,1,0.086639016032501,complet,0.086577704600648,-0.000061311431852,0.999292,40,0.0010
data/Harvard500.txt,500,2636,0.700000,9,forte,7,1,0.086639016032501,anneau,0.084706245133897,-0.001932770898604,0.977692,42,0.0000
data/Harvard500.txt,500,2636,0.700000,9,moyenne,404,251,0.000952856036910,isoles,0.004649315511984,0.003696459475074,4.879347,38,0.0000
data/Harvard500.txt,500,2636,0.700000,9,moyenne,404,251,0.000952856036910,complet,0.002028157196563,0.001075301159654,2.128503,40,0.0010
data/Harvard500.txt,500,2636,0.700000,9,moyenne,404,251,0.000952856036910,anneau,0.002288081777445,0.001335225740535,2.401288,43,0.0010
data/Harvard500.txt,500,2636,0.700000,9,faible,494,500,0.000600000000000,isoles,0.004302554027505,0.003702554027505,7.170923,38,0.0010
data/Harvard500.txt,500,2636,0.700000,9,faible,494,500,0.000600000000000,complet,0.001681497749052,0.001081497749052,2.802496,40,0.0000
data/Harvard500.txt,500,2636,0.700000,9,faible,494,500,0.000600000000000,anneau,0.001936490962032,0.001336490962032,3.227485,43,0.0010
data/Harvard500.txt,500,2636,0.700000,11,forte,7,1,0.086639016032501,isoles,0.090861296725722,0.004222280693221,1.048734,38,0.0010
data/Harvard500.txt,500,2636,0.700000,11,forte,7,1,0.086639016032501,complet,0.086295815402001,-0.000343200630500,0.996039,41,0.0010
data/Harvard500.txt,500,2636,0.700000,11,forte,7,1,0.086639016032501,anneau,0.084278895288197,-0.002360120744304,0.972759,42,0.0010
data/Harvard500.txt,500,2636,0.700000,11,moyenne,404,251,0.000952856036910,isoles,0.005453068387628,0.004500212350719,5.722867,39,0.0010
data/Harvard500.txt,500,2636,0.700000,11,moyenne,404,251,0.000952856036910,complet,0.002062525444371,0.001109669407461,2.164572,41,0.0010
data/Harvard500.txt,500,2636,0.700000,11,moyenne,404,251,0.000952856036910,anneau,0.002290984191002,0.001338128154092,2.404334,43,0.0030
data/Harvard500.txt,500,2636,0.700000,11,faible,494,500,0.000600000000000,isoles,0.005107632093933,0.004507632093933,8.512720,39,0.0000
data/Harvard500.txt,500,2636,0.700000,11,faible,494,500,0.000600000000000,complet,0.001717221138402,0.001117221138402,2.862035,41,0.0010
data/Harvard500.txt,500,2636,0.700000,11,faible,494,500,0.000600000000000,anneau,0.001943309451322,0.001343309451322,3.238849,43,0.0010
data/Harvard500.txt,500,2636,0.700000,13,forte,7,1,0.086639016032501,isoles,0.091609530052030,0.004970514019530,1.057370,39,0.0010
data/Harvard500.txt,500,2636,0.700000,13,forte,7,1,0.086639016032501,complet,0.086001321204847,-0.000637694827654,0.992640,42,0.0020
data/Harvard500.txt,500,2636,0.700000,13,forte,7,1,0.086639016032501,anneau,0.083903664122857,-0.002735351909643,0.968428,43,0.0000
data/Harvard500.txt,500,2636,0.700000,13,moyenne,404,251,0.000952856036910,isoles,0.006250554184320,0.005297698147410,6.559810,39,0.0020
data/Harvard500.txt,500,2636,0.700000,13,moyenne,404,251,0.000952856036910,complet,0.002085632329496,0.001132776292586,2.188822,42,0.0010
data/Harvard500.txt,500,2636,0.700000,13,moyenne,404,251,0.000952856036910,anneau,0.002287777777217,0.001334921740307,2.400969,45,0.0010
data/Harvard500.txt,500,2636,0.700000,13,faible,494,500,0.000600000000000,isoles,0.005906432748538,0.005306432748538,9.844055,39,0.0000
data/Harvard500.txt,500,2636,0.700000,13,faible,494,500,0.000600000000000,complet,0.001741673026614,0.001141673026614,2.902788,42,0.0010
data/Harvard500.txt,500,2636,0.700000,13,faible,494,500,0.000600000000000,anneau,0.001942684884943,0.001342684884943,3.237808,45,0.0010
data/Harvard500.txt,500,2636,0.700000,15,forte,7,1,0.086639016032501,isoles,0.092351951862664,0.005712935830163,1.065940,39,0.0000
data/Harvard500.txt,500,2636,0.700000,15,forte,7,1,0.086639016032501,complet,0.085699473069800,-0.000939542962700,0.989156,42,0.0010
data/Harvard500.txt,500,2636,0.700000,15,forte,7,1,0.086639016032501,anneau,0.083555076923607,-0.003083939108894,0.964405,43,0.0010
data/Harvard500.txt,500,2636,0.700000,15,moyenne,404,251,0.000952856036910,isoles,0.007041845916572,0.006088989879662,7.390252,39,0.0000
data/Harvard500.txt,500,2636,0.700000,15,moyenne,404,251,0.000952856036910,complet,0.002101399677884,0.001148543640974,2.205370,42,0.0010
data/Harvard500.txt,500,2636,0.700000,15,moyenne,404,251,0.000952856036910,anneau,0.002281672992634,0.001328816955724,2.394562,45,0.0000
data/Harvard500.txt,500,2636,0.700000,15,faible,494,500,0.000600000000000,isoles,0.006699029126214,0.006099029126214,11.165049,39,0.0010
data/Harvard500.txt,500,2636,0.700000,15,faible,494,500,0.000600000000000,complet,0.001758775210196,0.001158775210196,2.931292,42,0.0000
data/Harvard500.txt,500,2636,0.700000,15,faible,494,500,0.000600000000000,anneau,0.001938515713403,0.001338515713403,3.230860,45,0.0010
data/Harvard500.txt,500,2636,0.700000,17,forte,7,1,0.086639016032501,isoles,0.093088629597393,0.006449613564892,1.074442,39,0.0010
data/Harvard500.txt,500,2636,0.700000,17,forte,7,1,0.086639016032501,complet,0.085393336882467,-0.001245679150033,0.985622,43,0.0000
data/Harvard500.txt,500,2636,0.700000,17,forte,7,1,0.086639016032501,anneau,0.083220749426573,-0.003418266605927,0.960546,44,0.0010
data/Harvard500.txt,500,2636,0.700000,17,moyenne,404,251,0.000952856036910,isoles,0.007827015469077,0.006874159432167,8.214269,40,0.0010
data/Harvard500.txt,500,2636,0.700000,17,moyenne,404,251,0.000952856036910,complet,0.002112126158206,0.001159270121296,2.216627,43,0.0000
data/Harvard500.txt,500,2636,0.700000,17,moyenne,404,251,0.000952856036910,anneau,0.002274199722913,0.001321343686003,2.386719,45,0.0010
data/Harvard500.txt,500,2636,0.700000,17,faible,494,500,0.000600000000000,isoles,0.007485493230174,0.006885493230174,12.475822,40,0.0010
data/Harvard500.txt,500,2636,0.700000,17,faible,494,500,0.000600000000000,complet,0.001770826389642,0.001170826389642,2.951377,43,0.0010
data/Harvard500.txt,500,2636,0.700000,17,faible,494,500,0.000600000000000,anneau,0.001932659826438,0.001332659826438,3.221100,45,0.0010
data/Harvard500.txt,500,2636,0.700000,19,forte,7,1,0.086639016032501,isoles,0.093819629655784,0.007180613623284,1.082880,40,0.0010
data/Harvard500.txt,500,2636,0.700000,19,forte,7,1,0.086639016032501,complet,0.085084817881132,-0.001554198151369,0.982061,43,0.0000
data/Harvard500.txt,500,2636,0.700000,19,forte,7,1,0.086639016032501,anneau,0.082894637795568,-0.003744378236933,0.956782,44,0.0020
data/Harvard500.txt,500,2636,0.700000,19,moyenne,404,251,0.000952856036910,isoles,0.008606133618480,0.007653277581570,9.031935,40,0.0000
data/Harvard500.txt,500,2636,0.700000,19,moyenne,404,251,0.000952856036910,complet,0.002119248152494,0.001166392115584,2.224101,43,0.0010
data/Harvard500.txt,500,2636,0.700000,19,moyenne,404,251,0.000952856036910,anneau,0.002266095685991,0.001313239649081,2.378214,46,0.0000
data/Harvard500.txt,500,2636,0.700000,19,faible,494,500,0.000600000000000,isoles,0.008265895953757,0.007665895953757,13.776493,40,0.0010
data/Harvard500.txt,500,2636,0.700000,19,faible,494,500,0.000600000000000,complet,0.001779263010531,0.001179263010531,2.965438,43,0.0010
data/Harvard500.txt,500,2636,0.700000,19,faible,494,500,0.000600000000000,anneau,0.001926013255296,0.001326013255296,3.210022,46,0.0010
data/Harvard500.txt,500,2636,0.700000,21,forte,7,1,0.086639016032501,isoles,0.094545017434948,0.007906001402448,1.091252,40,0.0000
data/Harvard500.txt,500,2636,0.700000,21,forte,7,1,0.086639016032501,complet,0.084775158258715,-0.001863857773786,0.978487,44,0.0010
data/Harvard500.txt,500,2636,0.700000,21,forte,7,1,0.086639016032501,anneau,0.082573781365085,-0.004065234667416,0.953078,46,0.0000
data/Harvard500.txt,500,2636,0.700000,21,moyenne,404,251,0.000952856036910,isoles,0.009379270054643,0.008426414017733,9.843323,40,0.0010
data/Harvard500.txt,500,2636,0.700000,21,moyenne,404,251,0.000952856036910,complet,0.002123709301406,0.001170853264496,2.228783,44,0.0000
data/Harvard500.txt,500,2636,0.700000,21,moyenne,404,251,0.000952856036910,anneau,0.002257718494134,0.001304862457224,2.369422,47,0.0010
data/Harvard500.txt,500,2636,0.700000,21,faible,494,500,0.000600000000000,isoles,0.009040307101727,0.008440307101727,15.067179,40,0.0000
data/Harvard500.txt,500,2636,0.700000,21,faible,494,500,0.000600000000000,complet,0.001785028794387,0.001185028794387,2.975048,44,0.0010
data/Harvard500.txt,500,2636,0.700000,21,faible,494,500,0.000600000000000,anneau,0.001919010500443,0.001319010500443,3.198351,47,0.0020
data/Harvard500.txt,500,2636,0.700000,23,forte,7,1,0.086639016032501,isoles,0.095264857315228,0.008625841282727,1.099561,40,0.0000
data/Harvard500.txt,500,2636,0.700000,23,forte,7,1,0.086639016032501,complet,0.084465199070686,-0.002173816961815,0.974909,44,0.0010
data/Harvard500.txt,500,2636,0.700000,23,forte,7,1,0.086639016032501,anneau,0.082256721680196,-0.004382294352305,0.949419,46,0.0000
data/Harvard500.txt,500,2636,0.700000,23,moyenne,404,251,0.000952856036910,isoles,0.010146493401429,0.009193637364519,10.648506,40,0.0010
data/Harvard500.txt,500,2636,0.700000,23,moyenne,404,251,0.000952856036910,complet,0.002126155023259,0.001173298986349,2.231350,44,0.0000
data/Harvard500.txt,500,2636,0.700000,23,moyenne,404,251,0.000952856036910,anneau,0.002249241832827,0.001296385795917,2.360526,47,0.0010
data/Harvard500.txt,500,2636,0.700000,23,faible,494,500,0.000600000000000,isoles,0.009808795411090,0.009208795411090,16.347992,40,0.0010
data/Harvard500.txt,500,2636,0.700000,23,faible,494,500,0.000600000000000,complet,0.001788769250232,0.001188769250232,2.981282,44,0.0000
data/Harvard500.txt,500,2636,0.700000,23,faible,494,500,0.000600000000000,anneau,0.001911862733048,0.001311862733048,3.186438,47,0.0010
data/Harvard500.txt,500,2636,0.700000,25,forte,7,1,0.086639016032501,isoles,0.095979212701181,0.009340196668681,1.107806,40,0.0010
data/Harvard500.txt,500,2636,0.700000,25,forte,7,1,0.086639016032501,complet,0.084155527146102,-0.002483488886398,0.971335,45,0.0000
data/Harvard500.txt,500,2636,0.700000,25,forte,7,1,0.086639016032501,anneau,0.081942733104512,-0.004696282927989,0.945795,46,0.0010
data/Harvard500.txt,500,2636,0.700000,25,moyenne,404,251,0.000952856036910,isoles,0.010907871237001,0.009955015200092,11.447554,41,0.0000
data/Harvard500.txt,500,2636,0.700000,25,moyenne,404,251,0.000952856036910,complet,0.002127041613151,0.001174185576241,2.232280,45,0.0010
data/Harvard500.txt,500,2636,0.700000,25,moyenne,404,251,0.000952856036910,anneau,0.002240749930052,0.001287893893142,2.351614,47,0.0000
data/Harvard500.txt,500,2636,0.700000,25,faible,494,500,0.000600000000000,isoles,0.010571428571429,0.009971428571429,17.619048,41,0.0010
data/Harvard500.txt,500,2636,0.700000,25,faible,494,500,0.000600000000000,complet,0.001790940769438,0.001190940769438,2.984901,45,0.0000
data/Harvard500.txt,500,2636,0.700000,25,faible,494,500,0.000600000000000,anneau,0.001904672500187,0.001304672500187,3.174454,47,0.0010
data/Harvard500.txt,500,2636,0.700000,27,forte,7,1,0.086639016032501,isoles,0.096688146034870,0.010049130002369,1.115989,40,0.0010
data/Harvard500.txt,500,2636,0.700000,27,forte,7,1,0.086639016032501,complet,0.083846561898472,-0.002792454134029,0.967769,45,0.0010
data/Harvard500.txt,500,2636,0.700000,27,forte,7,1,0.086639016032501,anneau,0.081631447636159,-0.005007568396342,0.942202,47,0.0010
data/Harvard500.txt,500,2636,0.700000,27,moyenne,404,251,0.000952856036910,isoles,0.011663470113670,0.010710614076760,12.240538,41,0.0010
data/Harvard500.txt,500,2636,0.700000,27,moyenne,404,251,0.000952856036910,complet,0.002126700730541,0.001173844693631,2.231922,45,0.0010
data/Harvard500.txt,500,2636,0.700000,27,moyenne,404,251,0.000952856036910,anneau,0.002232283545132,0.001279427508222,2.342729,47,0.0010
data/Harvard500.txt,500,2636,0.700000,27,faible,494,500,0.000600000000000,isoles,0.011328273244782,0.010728273244782,18.880455,41,0.0010
data/Harvard500.txt,500,2636,0.700000,27,faible,494,500,0.000600000000000,complet,0.001791875110884,0.001191875110884,2.986459,45,0.0000
data/Harvard500.txt,500,2636,0.700000,27,faible,494,500,0.000600000000000,anneau,0.001897489564845,0.001297489564845,3.162483,47,0.0000
data/Harvard500.txt,500,2636,0.700000,29,forte,7,1,0.086639016032501,isoles,0.097391718808246,0.010752702775745,1.124109,41,0.0010
data/Harvard500.txt,500,2636,0.700000,29,forte,7,1,0.086639016032501,complet,0.083538608887907,-0.003100407144594,0.964215,45,0.0010
data/Harvard500.txt,500,2636,0.700000,29,forte,7,1,0.086639016032501,anneau,0.081322672091150,-0.005316343941351,0.938638,47,0.0000
data/Harvard500.txt,500,2636,0.700000,29,moyenne,404,251,0.000952856036910,isoles,0.012413355577282,0.011460499540372,13.027525,41,0.0010
data/Harvard500.txt,500,2636,0.700000,29,moyenne,404,251,0.000952856036910,complet,0.002125379172112,0.001172523135203,2.230535,45,0.0000
data/Harvard500.txt,500,2636,0.700000,29,moyenne,404,251,0.000952856036910,anneau,0.002223862171339,0.001271006134429,2.333891,47,0.0010
data/Harvard500.txt,500,2636,0.700000,29,faible,494,500,0.000600000000000,isoles,0.012079395085066,0.011479395085066,20.132325,41,0.0000
data/Harvard500.txt,500,2636,0.700000,29,faible,494,500,0.000600000000000,complet,0.001791819172263,0.001191819172263,2.986365,45,0.0010
data/Harvard500.txt,500,2636,0.700000,29,faible,494,500,0.000600000000000,anneau,0.001890337864518,0.001290337864518,3.150563,47,0.0000
data/Harvard500.txt,500,2636,0.700000,31,forte,7,1,0.086639016032501,isoles,0.098089991603779,0.011450975571278,1.132169,41,0.0010
data/Harvard500.txt,500,2636,0.700000,31,forte,7,1,0.086639016032501,complet,0.083231894096230,-0.003407121936271,0.960675,45,0.0000
data/Harvard500.txt,500,2636,0.700000,31,forte,7,1,0.086639016032501,anneau,0.081016298766706,-0.005622717265795,0.935102,47,0.0010
data/Harvard500.txt,500,2636,0.700000,31,moyenne,404,251,0.000952856036910,isoles,0.013157592186178,0.012204736149268,13.808584,41,0.0000
data/Harvard500.txt,500,2636,0.700000,31,moyenne,404,251,0.000952856036910,complet,0.002123264337944,0.001170408301034,2.228316,45,0.0010
data/Harvard500.txt,500,2636,0.700000,31,moyenne,404,251,0.000952856036910,anneau,0.002215494957084,0.001262638920174,2.325110,47,0.0010
data/Harvard500.txt,500,2636,0.700000,31,faible,494,500,0.000600000000000,isoles,0.012824858757062,0.012224858757062,21.374765,41,0.0000
data/Harvard500.txt,500,2636,0.700000,31,faible,494,500,0.000600000000000,complet,0.001790960455310,0.001190960455310,2.984934,45,0.0010
data/Harvard500.txt,500,2636,0.700000,31,faible,494,500,0.000600000000000,anneau,0.001883228771867,0.001283228771867,3.138715,47,0.0010
data/Harvard500.txt,500,2636,0.700000,33,forte,7,1,0.086639016032501,isoles,0.098783024078144,0.012144008045643,1.140168,41,0.0000
data/Harvard500.txt,500,2636,0.700000,33,forte,7,1,0.086639016032501,complet,0.082926586561223,-0.003712429471278,0.957151,46,0.0010
data/Harvard500.txt,500,2636,0.700000,33,forte,7,1,0.086639016032501,anneau,0.080712261891684,-0.005926754140816,0.931593,48,0.0010
data/Harvard500.txt,500,2636,0.700000,33,moyenne,404,251,0.000952856036910,isoles,0.013896243529716,0.012943387492806,14.583781,41,0.0010
data/Harvard500.txt,500,2636,0.700000,33,moyenne,404,251,0.000952856036910,complet,0.002120501042778,0.001167645005868,2.225416,46,0.0010
data/Harvard500.txt,500,2636,0.700000,33,moyenne,404,251,0.000952856036910,anneau,0.002207186006871,0.001254329969961,2.316390,47,0.0010
data/Harvard500.txt,500,2636,0.700000,33,faible,494,500,0.000600000000000,isoles,0.013564727954972,0.012964727954972,22.607880,41,0.0010
data/Harvard500.txt,500,2636,0.700000,33,faible,494,500,0.000600000000000,complet,0.001789443876443,0.001189443876443,2.982406,46,0.0010
data/Harvard500.txt,500,2636,0.700000,33,faible,494,500,0.000600000000000,anneau,0.001876167531242,0.001276167531242,3.126946,47,0.0000
data/Harvard500.txt,500,2636,0.700000,35,forte,7,1,0.086639016032501,isoles,0.099470875001299,0.012831858968799,1.148107,41,0.0000
data/Harvard500.txt,500,2636,0.700000,35,forte,7,1,0.086639016032501,complet,0.082622813726559,-0.004016202305942,0.953644,46,0.0010
data/Harvard500.txt,500,2636,0.700000,35,forte,7,1,0.086639016032501,anneau,0.080410516354605,-0.006228499677896,0.928110,48,0.0010
data/Harvard500.txt,500,2636,0.700000,35,moyenne,404,251,0.000952856036910,isoles,0.014629372246387,0.013676516209477,15.353182,41,0.0010
data/Harvard500.txt,500,2636,0.700000,35,moyenne,404,251,0.000952856036910,complet,0.002117202929592,0.001164346892683,2.221955,46,0.0010
data/Harvard500.txt,500,2636,0.700000,35,moyenne,404,251,0.000952856036910,anneau,0.002198936968586,0.001246080931676,2.307733,47,0.0010
data/Harvard500.txt,500,2636,0.700000,35,faible,494,500,0.000600000000000,isoles,0.014299065420561,0.013699065420561,23.831776,41,0.0000
data/Harvard500.txt,500,2636,0.700000,35,faible,494,500,0.000600000000000,complet,0.001787383179944,0.001187383179944,2.978972,46,0.0010
data/Harvard500.txt,500,2636,0.700000,35,faible,494,500,0.000600000000000,anneau,0.001869156400252,0.001269156400252,3.115261,47,0.0000
data/Harvard500.txt,500,2636,0.700000,37,forte,7,1,0.086639016032501,isoles,0.100153602267671,0.013514586235171,1.155987,41,0.0000
data/Harvard500.txt,500,2636,0.700000,37,forte,7,1,0.086639016032501,complet,0.082320672118345,-0.004318343914156,0.950157,46,0.0010
data/Harvard500.txt,500,2636,0.700000,37,forte,7,1,0.086639016032501,anneau,0.080111027326320,-0.006527988706181,0.924653,49,0.0010
data/Harvard500.txt,500,2636,0.700000,37,moyenne,404,251,0.000952856036910,isoles,0.015357040041518,0.014404184004608,16.116852,41,0.0010
data/Harvard500.txt,500,2636,0.700000,37,moyenne,404,251,0.000952856036910,complet,0.002113460391489,0.001160604354579,2.218027,46,0.0010
data/Harvard500.txt,500,2636,0.700000,37,moyenne,404,251,0.000952856036910,anneau,0.002190748296265,0.001237892259355,2.299139,47,0.0010
data/Harvard500.txt,500,2636,0.700000,37,faible,494,500,0.000600000000000,isoles,0.015027932960894,0.014427932960894,25.046555,41,0.0010
data/Harvard500.txt,500,2636,0.700000,37,faible,494,500,0.000600000000000,complet,0.001784868859527,0.001184868859527,2.974781,46,0.0010
data/Harvard500.txt,500,2636,0.700000,37,faible,494,500,0.000600000000000,anneau,0.001862196183102,0.001262196183102,3.103660,47,0.0000
data/Harvard500.txt,500,2636,0.700000,39,forte,7,1,0.086639016032501,isoles,0.100831262912400,0.014192246879900,1.163809,41,0.0010
data/Harvard500.txt,500,2636,0.700000,39,forte,7,1,0.086639016032501,complet,0.082020234909379,-0.004618781123122,0.946689,46,0.0000
data/Harvard500.txt,500,2636,0.700000,39,forte,7,1,0.086639016032501,anneau,0.079813765178836,-0.006825250853665,0.921222,49,0.0010
data/Harvard500.txt,500,2636,0.700000,39,moyenne,404,251,0.000952856036910,isoles,0.016079307704589,0.015126451667679,16.874855,42,0.0010
data/Harvard500.txt,500,2636,0.700000,39,moyenne,404,251,0.000952856036910,complet,0.002109346202533,0.001156490165624,2.213709,46,0.0000
data/Harvard500.txt,500,2636,0.700000,39,moyenne,404,251,0.000952856036910,anneau,0.002182619866374,0.001229763829465,2.290608,47,0.0020
data/Harvard500.txt,500,2636,0.700000,39,faible,494,500,0.000600000000000,isoles,0.015751391465677,0.015151391465677,26.252319,42,0.0000
data/Harvard500.txt,500,2636,0.700000,39,faible,494,500,0.000600000000000,complet,0.001781973789020,0.001181973789020,2.969956,46,0.0000
data/Harvard500.txt,500,2636,0.700000,39,faible,494,500,0.000600000000000,anneau,0.001855286978961,0.001255286978961,3.092145,47,0.0010
data/Harvard500.txt,500,2636,0.700000,41,forte,7,1,0.086639016032501,isoles,0.101503913127224,0.014864897094723,1.171573,41,0.0010
data/Harvard500.txt,500,2636,0.700000,41,forte,7,1,0.086639016032501,complet,0.081721557391615,-0.004917458640886,0.943242,46,0.0010
data/Harvard500.txt,500,2636,0.700000,41,forte,7,1,0.086639016032501,anneau,0.079518703016262,-0.007120313016239,0.917816,49,0.0010
data/Harvard500.txt,500,2636,0.700000,41,moyenne,404,251,0.000952856036910,isoles,0.016796235126159,0.015843379089249,17.627254,42,0.0000
data/Harvard500.txt,500,2636,0.700000,41,moyenne,404,251,0.000952856036910,complet,0.002104919585064,0.001152063548154,2.209064,46,0.0000
data/Harvard500.txt,500,2636,0.700000,41,moyenne,404,251,0.000952856036910,anneau,0.002174551278535,0.001221695241625,2.282140,47,0.0010
data/Harvard500.txt,500,2636,0.700000,41,faible,494,500,0.000600000000000,isoles,0.016469500924214,0.015869500924214,27.449168,42,0.0000
data/Harvard500.txt,500,2636,0.700000,41,faible,494,500,0.000600000000000,complet,0.001778757289529,0.001178757289529,2.964595,46,0.0000
data/Harvard500.txt,500,2636,0.700000,41,faible,494,500,0.000600000000000,anneau,0.001848428547159,0.001248428547159,3.080714,48,0.0000
data/Harvard500.txt,500,2636,0.700000,43,forte,7,1,0.086639016032501,isoles,0.102171608276008,0.015532592243507,1.179279,41,0.0020
data/Harvard500.txt,500,2636,0.700000,43,forte,7,1,0.086639016032501,complet,0.081424680997433,-0.005214335035068,0.939815,46,0.0010
data/Harvard500.txt,500,2636,0.700000,43,forte,7,1,0.086639016032501,anneau,0.079225815458604,-0.007413200573896,0.914436,50,0.0010
data/Harvard500.txt,500,2636,0.700000,43,moyenne,404,251,0.000952856036910,isoles,0.017507881314420,0.016555025277510,18.374110,42,0.0000
data/Harvard500.txt,500,2636,0.700000,43,moyenne,404,251,0.000952856036910,complet,0.002100229201091,0.001147373164181,2.204141,46,0.0010
data/Harvard500.txt,500,2636,0.700000,43,moyenne,404,251,0.000952856036910,anneau,0.002166542002224,0.001213685965314,2.273735,48,0.0000
data/Harvard500.txt,500,2636,0.700000,43,faible,494,500,0.000600000000000,isoles,0.017182320441989,0.016582320441989,28.637201,42,0.0010
data/Harvard500.txt,500,2636,0.700000,43,faible,494,500,0.000600000000000,complet,0.001775268120760,0.001175268120760,2.958780,46,0.0000
data/Harvard500.txt,500,2636,0.700000,43,faible,494,500,0.000600000000000,anneau,0.001841620485389,0.001241620485389,3.069367,48,0.0020
data/Harvard500.txt,500,2636,0.700000,45,forte,7,1,0.086639016032501,isoles,0.102834402904228,0.016195386871727,1.186929,42,0.0000
data/Harvard500.txt,500,2636,0.700000,45,forte,7,1,0.086639016032501,complet,0.081129636299804,-0.005509379732697,0.936410,46,0.0000
data/Harvard500.txt,500,2636,0.700000,45,forte,7,1,0.086639016032501,anneau,0.078935078035102,-0.007703937997399,0.911080,50,0.0000
data/Harvard500.txt,500,2636,0.700000,45,moyenne,404,251,0.000952856036910,isoles,0.018214304411391,0.017261448374481,19.115484,42,0.0010
data/Harvard500.txt,500,2636,0.700000,45,moyenne,404,251,0.000952856036910,complet,0.002095315384503,0.001142459347593,2.198984,47,0.0000
data/Harvard500.txt,500,2636,0.700000,45,moyenne,404,251,0.000952856036910,anneau,0.002158591448277,0.001205735411368,2.265391,48,0.0020
data/Harvard500.txt,500,2636,0.700000,45,faible,494,500,0.000600000000000,isoles,0.017889908256881,0.017289908256881,29.816514,42,0.0000
data/Harvard500.txt,500,2636,0.700000,45,faible,494,500,0.000600000000000,complet,0.001771546713148,0.001171546713148,2.952578,47,0.0010
data/Harvard500.txt,500,2636,0.700000,45,faible,494,500,0.000600000000000,anneau,0.001834862316601,0.001234862316601,3.058104,49,0.0010
data/Harvard500.txt,500,2636,0.700000,47,forte,7,1,0.086639016032501,isoles,0.103492350776435,0.016853334743935,1.194524,42,0.0010
data/Harvard500.txt,500,2636,0.700000,47,forte,7,1,0.086639016032501,complet,0.080836445283388,-0.005802570749113,0.933026,47,0.0010
data/Harvard500.txt,500,2636,0.700000,47,forte,7,1,0.086639016032501,anneau,0.078646466910694,-0.007992549121807,0.907749,51,0.0010
data/Harvard500.txt,500,2636,0.700000,47,moyenne,404,251,0.000952856036910,isoles,0.018915561708751,0.017962705671841,19.851437,42,0.0010
data/Harvard500.txt,500,2636,0.700000,47,moyenne,404,251,0.000952856036910,complet,0.002090211833934,0.001137355797025,2.193628,47,0.0000
data/Harvard500.txt,500,2636,0.700000,47,moyenne,404,251,0.000952856036910,anneau,0.002150699003735,0.001197842966825,2.257108,49,0.0010
data/Harvard500.txt,500,2636,0.700000,47,faible,494,500,0.000600000000000,isoles,0.018592321755027,0.017992321755027,30.987203,42,0.0010
data/Harvard500.txt,500,2636,0.700000,47,faible,494,500,0.000600000000000,complet,0.001767626860720,0.001167626860720,2.946045,47,0.0010
data/Harvard500.txt,500,2636,0.700000,47,faible,494,500,0.000600000000000,anneau,0.001828153531350,0.001228153531350,3.046923,49,0.0000
data/Harvard500.txt,500,2636,0.700000,49,forte,7,1,0.086639016032501,isoles,0.104145504857224,0.017506488824724,1.202062,42,0.0010
data/Harvard500.txt,500,2636,0.700000,49,forte,7,1,0.086639016032501,complet,0.080545123072901,-0.006093892959599,0.929663,47,0.0000
data/Harvard500.txt,500,2636,0.700000,49,forte,7,1,0.086639016032501,anneau,0.078359958720446,-0.008279057312055,0.904442,52,0.0000
data/Harvard500.txt,500,2636,0.700000,49,moyenne,404,251,0.000952856036910,isoles,0.019611709663324,0.018658853626414,20.582028,42,0.0010
data/Harvard500.txt,500,2636,0.700000,49,moyenne,404,251,0.000952856036910,complet,0.002084946902858,0.001132090865948,2.188103,47,0.0010
data/Harvard500.txt,500,2636,0.700000,49,moyenne,404,251,0.000952856036910,anneau,0.002142864062217,0.001190008025307,2.248885,49,0.0010
data/Harvard500.txt,500,2636,0.700000,49,faible,494,500,0.000600000000000,isoles,0.019289617486339,0.018689617486339,32.149362,42,0.0000
data/Harvard500.txt,500,2636,0.700000,49,faible,494,500,0.000600000000000,complet,0.001763537011120,0.001163537011120,2.939228,47,0.0030
data/Harvard500.txt,500,2636,0.700000,49,faible,494,500,0.000600000000000,anneau,0.001821493624772,0.001221493624772,3.035823,49,0.0010
data/Harvard500.txt,500,2636,0.700000,50,forte,7,1,0.086639016032501,isoles,0.104470300568308,0.017831284535807,1.205811,42,0.0000
data/Harvard500.txt,500,2636,0.700000,50,forte,7,1,0.086639016032501,complet,0.080400165961792,-0.006238850070709,0.927990,47,0.0010
data/Harvard500.txt,500,2636,0.700000,50,forte,7,1,0.086639016032501,anneau,0.078217486029849,-0.008421530002652,0.902797,52,0.0010
data/Harvard500.txt,500,2636,0.700000,50,moyenne,404,251,0.000952856036910,isoles,0.019957885055280,0.019005029018370,20.945331,42,0.0000
data/Harvard500.txt,500,2636,0.700000,50,moyenne,404,251,0.000952856036910,complet,0.002082261571042,0.001129405534132,2.185285,47,0.0010
data/Harvard500.txt,500,2636,0.700000,50,moyenne,404,251,0.000952856036910,anneau,0.002138967945740,0.001186111908830,2.244797,49,0.0010
data/Harvard500.txt,500,2636,0.700000,50,faible,494,500,0.000600000000000,isoles,0.019636363636364,0.019036363636364,32.727273,42,0.0000
data/Harvard500.txt,500,2636,0.700000,50,faible,494,500,0.000600000000000,complet,0.001761436017891,0.001161436017891,2.935727,47,0.0010
data/Harvard500.txt,500,2636,0.700000,50,faible,494,500,0.000600000000000,anneau,0.001818181818182,0.001218181818182,3.030303,49,0.0000
data/Harvard500.txt,500,2636,0.850000,1,forte,7,1,0.103639770584333,isoles,0.103898502949912,0.000258732365579,1.002496,61,0.0010
data/Harvard500.txt,500,2636,0.850000,1,forte,7,1,0.103639770584333,complet,0.103898502949912,0.000258732365579,1.002496,61,0.0000
data/Harvard500.txt,500,2636,0.850000,1,forte,7,1,0.103639770584333,anneau,0.108343345603082,0.004703575018749,1.045384,72,0.0010
data/Harvard500.txt,500,2636,0.850000,1,moyenne,14,251,0.000646080989108,isoles,0.000899847760409,0.000253766771301,1.392779,60,0.0010
data/Harvard500.txt,500,2636,0.850000,1,moyenne,14,251,0.000646080989108,complet,0.000899847760409,0.000253766771301,1.392779,60,0.0010
data/Harvard500.txt,500,2636,0.850000,1,moyenne,14,251,0.000646080989108,anneau,0.001184989152868,0.000538908163760,1.834119,58,0.0000
data/Harvard500.txt,500,2636,0.850000,1,faible,494,500,0.000300000000000,isoles,0.000553892215569,0.000253892215569,1.846307,62,0.0000
data/Harvard500.txt,500,2636,0.850000,1,faible,494,500,0.000300000000000,complet,0.000553892215569,0.000253892215569,1.846307,62,0.0010
data/Harvard500.txt,500,2636,0.850000,1,faible,494,500,0.000300000000000,anneau,0.000867150239638,0.000567150239638,2.890501,61,0.0010
data/Harvard500.txt,500,2636,0.850000,3,forte,7,1,0.103639770584333,isoles,0.104412881340894,0.000773110756561,1.007460,67,0.0000
data/Harvard500.txt,500,2636,0.850000,3,forte,7,1,0.103639770584333,complet,0.104091825826640,0.000452055242308,1.004362,67,0.0000
data/Harvard500.txt,500,2636,0.850000,3,forte,7,1,0.103639770584333,anneau,0.105316038819248,0.001676268234915,1.016174,75,0.0030
data/Harvard500.txt,500,2636,0.850000,3,moyenne,14,251,0.000646080989108,isoles,0.001404354263951,0.000758273274843,2.173650,65,0.0010
data/Harvard500.txt,500,2636,0.850000,3,moyenne,14,251,0.000646080989108,complet,0.001228478885360,0.000582397896252,1.901432,65,0.0010
data/Harvard500.txt,500,2636,0.850000,3,moyenne,14,251,0.000646080989108,anneau,0.001568038118464,0.000921957129357,2.426999,65,0.0010
data/Harvard500.txt,500,2636,0.850000,3,faible,494,500,0.000300000000000,isoles,0.001058648111332,0.000758648111332,3.528827,67,0.0010
data/Harvard500.txt,500,2636,0.850000,3,faible,494,500,0.000300000000000,complet,0.000883162563083,0.000583162563083,2.943875,68,0.0020
data/Harvard500.txt,500,2636,0.850000,3,faible,494,500,0.000300000000000,anneau,0.001285913131269,0.000985913131269,4.286377,67,0.0010
data/Harvard500.txt,500,2636,0.850000,5,forte,7,1,0.103639770584333,isoles,0.104923185454312,0.001283414869979,1.012383,69,0.0010
data/Harvard500.txt,500,2636,0.850000,5,forte,7,1,0.103639770584333,complet,0.104057103761507,0.000417333177175,1.004027,70,0.0010
data/Harvard500.txt,500,2636,0.850000,5,forte,7,1,0.103639770584333,anneau,0.103127643905629,-0.000512126678703,0.995059,77,0.0010
data/Harvard500.txt,500,2636,0.850000,5,moyenne,14,251,0.000646080989108,isoles,0.001904864676376,0.001258783687268,2.948337,67,0.0010
data/Harvard500.txt,500,2636,0.850000,5,moyenne,14,251,0.000646080989108,complet,0.001430421978110,0.000784340989002,2.213998,68,0.0010
data/Harvard500.txt,500,2636,0.850000,5,moyenne,14,251,0.000646080989108,anneau,0.001804071235655,0.001157990246547,2.792330,68,0.0010
data/Harvard500.txt,500,2636,0.850000,5,faible,494,500,0.000300000000000,isoles,0.001559405940594,0.001259405940594,5.198020,70,0.0000
data/Harvard500.txt,500,2636,0.850000,5,faible,494,500,0.000300000000000,complet,0.001086014851487,0.000786014851487,3.620050,71,0.0010
data/Harvard500.txt,500,2636,0.850000,5,faible,494,500,0.000300000000000,anneau,0.001520001148191,0.001220001148191,5.066670,71,0.0010
data/Harvard500.txt,500,2636,0.850000,7,forte,7,1,0.103639770584333,isoles,0.105429463495901,0.001789692911569,1.017268,71,0.0010
data/Harvard500.txt,500,2636,0.850000,7,forte,7,1,0.103639770584333,complet,0.103903908203468,0.000264137619136,1.002549,72,0.0000
data/Harvard500.txt,500,2636,0.850000,7,forte,7,1,0.103639770584333,anneau,0.101493301907642,-0.002146468676691,0.979289,79,0.0020
data/Harvard500.txt,500,2636,0.850000,7,moyenne,14,251,0.000646080989108,isoles,0.002401426288703,0.001755345299595,3.716912,69,0.0010
data/Harvard500.txt,500,2636,0.850000,7,moyenne,14,251,0.000646080989108,complet,0.001565721554709,0.000919640565601,2.423414,71,0.0200
data/Harvard500.txt,500,2636,0.850000,7,moyenne,14,251,0.000646080989108,anneau,0.001955310960567,0.001309229971460,3.026418,70,0.0010
data/Harvard500.txt,500,2636,0.850000,7,faible,494,500,0.000300000000000,isoles,0.002056213017751,0.001756213017751,6.854043,71,0.0020
data/Harvard500.txt,500,2636,0.850000,7,faible,494,500,0.000300000000000,complet,0.001222360635410,0.000922360635410,4.074535,73,0.0010
data/Harvard500.txt,500,2636,0.850000,7,faible,494,500,0.000300000000000,anneau,0.001661270118671,0.001361270118671,5.537567,76,0.0000
data/Harvard500.txt,500,2636,0.850000,9,forte,7,1,0.103639770584333,isoles,0.105931762930999,0.002291992346666,1.022115,72,0.0010
data/Harvard500.txt,500,2636,0.850000,9,forte,7,1,0.103639770584333,complet,0.103682023311898,0.000042252727565,1.000408,74,0.0020
data/Harvard500.txt,500,2636,0.850000,9,forte,7,1,0.103639770584333,anneau,0.100234470002082,-0.003405300582251,0.967143,80,0.0010
data/Harvard500.txt,500,2636,0.850000,9,moyenne,14,251,0.000646080989108,isoles,0.002894085648674,0.002248004659566,4.479447,70,0.0010
data/Harvard500.txt,500,2636,0.850000,9,moyenne,14,251,0.000646080989108,complet,0.001661670110641,0.001015589121534,2.571922,73,0.0010
data/Harvard500.txt,500,2636,0.850000,9,moyenne,14,251,0.000646080989108,anneau,0.002054250119669,0.001408169130561,3.179555,73,0.0010
data/Harvard500.txt,500,2636,0.850000,9,faible,494,500,0.000300000000000,isoles,0.002549115913556,0.002249115913556,8.497053,72,0.0010
data/Harvard500.txt,500,2636,0.850000,9,faible,494,500,0.000300000000000,complet,0.001319432042069,0.001019432042069,4.398107,75,0.0000
data/Harvard500.txt,500,2636,0.850000,9,faible,494,500,0.000300000000000,anneau,0.001750127572210,0.001450127572210,5.833759,79,0.0020
data/Harvard500.txt,500,2636,0.850000,11,forte,7,1,0.103639770584333,isoles,0.106430130471192,0.002790359886859,1.026924,73,0.0010
data/Harvard500.txt,500,2636,0.850000,11,forte,7,1,0.103639770584333,complet,0.103417318696996,-0.000222451887337,0.997854,76,0.0010
data/Harvard500.txt,500,2636,0.850000,11,forte,7,1,0.103639770584333,anneau,0.099234952344814,-0.004404818239519,0.957499,81,0.0030
data/Harvard500.txt,500,2636,0.850000,11,moyenne,14,251,0.000646080989108,isoles,0.003382888575298,0.002736807586191,5.236013,71,0.0000
data/Harvard500.txt,500,2636,0.850000,11,moyenne,14,251,0.000646080989108,complet,0.001732459341427,0.001086378352319,2.681489,74,0.0010
data/Harvard500.txt,500,2636,0.850000,11,moyenne,14,251,0.000646080989108,anneau,0.002119440260888,0.001473359271781,3.280456,75,0.0020
data/Harvard500.txt,500,2636,0.850000,11,faible,494,500,0.000300000000000,isoles,0.003038160469667,0.002738160469667,10.127202,73,0.0010
data/Harvard500.txt,500,2636,0.850000,11,faible,494,500,0.000300000000000,complet,0.001391389434747,0.001091389434747,4.637965,76,0.0010
data/Harvard500.txt,500,2636,0.850000,11,faible,494,500,0.000300000000000,anneau,0.001807110891721,0.001507110891721,6.023703,83,0.0010
data/Harvard500.txt,500,2636,0.850000,13,forte,7,1,0.103639770584333,isoles,0.106924612103945,0.003284841519612,1.031695,74,0.0010
data/Harvard500.txt,500,2636,0.850000,13,forte,7,1,0.103639770584333,complet,0.103124561099628,-0.000515209484705,0.995029,78,0.0020
data/Harvard500.txt,500,2636,0.850000,13,forte,7,1,0.103639770584333,anneau,0.098417023775066,-0.005222746809267,0.949607,82,0.0010
data/Harvard500.txt,500,2636,0.850000,13,moyenne,14,251,0.000646080989108,isoles,0.003867880173060,0.003221799183953,5.986680,72,0.0010
data/Harvard500.txt,500,2636,0.850000,13,moyenne,14,251,0.000646080989108,complet,0.001786198430890,0.001140117441782,2.764666,77,0.0010
data/Harvard500.txt,500,2636,0.850000,13,moyenne,14,251,0.000646080989108,anneau,0.002162165476800,0.001516084487692,3.346586,77,0.0040
data/Harvard500.txt,500,2636,0.850000,13,faible,494,500,0.000300000000000,isoles,0.003523391812865,0.003223391812865,11.744639,74,0.0020
data/Harvard500.txt,500,2636,0.850000,13,faible,494,500,0.000300000000000,complet,0.001446324147584,0.001146324147584,4.821080,78,0.0010
data/Harvard500.txt,500,2636,0.850000,13,faible,494,500,0.000300000000000,anneau,0.001843726586826,0.001543726586826,6.145755,86,0.0000
data/Harvard500.txt,500,2636,0.850000,15,forte,7,1,0.103639770584333,isoles,0.107415253106790,0.003775482522457,1.036429,74,0.0010
data/Harvard500.txt,500,2636,0.850000,15,forte,7,1,0.103639770584333,complet,0.102812787031584,-0.000826983552748,0.992021,79,0.0010
data/Harvard500.txt,500,2636,0.850000,15,forte,7,1,0.103639770584333,anneau,0.097727639249842,-0.005912131334490,0.942955,83,0.0010
data/Harvard500.txt,500,2636,0.850000,15,moyenne,14,251,0.000646080989108,isoles,0.004349104845791,0.003703023856684,6.731517,73,0.0010
data/Harvard500.txt,500,2636,0.850000,15,moyenne,14,251,0.000646080989108,complet,0.001827857215511,0.001181776226403,2.829146,79,0.0020
data/Harvard500.txt,500,2636,0.850000,15,moyenne,14,251,0.000646080989108,anneau,0.002189610518749,0.001543529529641,3.389065,81,0.0020
data/Harvard500.txt,500,2636,0.850000,15,faible,494,500,0.000300000000000,isoles,0.004004854368932,0.003704854368932,13.349515,75,0.0010
data/Harvard500.txt,500,2636,0.850000,15,faible,494,500,0.000300000000000,complet,0.001489195119473,0.001189195119473,4.963984,80,0.0010
data/Harvard500.txt,500,2636,0.850000,15,faible,494,500,0.000300000000000,anneau,0.001866879631684,0.001566879631684,6.222932,87,0.0010
data/Harvard500.txt,500,2636,0.850000,17,forte,7,1,0.103639770584333,isoles,0.107902098042585,0.004262327458252,1.041126,75,0.0010
data/Harvard500.txt,500,2636,0.850000,17,forte,7,1,0.103639770584333,complet,0.102487831048743,-0.001151939535590,0.988885,81,0.0030
data/Harvard500.txt,500,2636,0.850000,17,forte,7,1,0.103639770584333,anneau,0.097130062471184,-0.006509708113149,0.937189,84,0.0010
data/Harvard500.txt,500,2636,0.850000,17,moyenne,14,251,0.000646080989108,isoles,0.004826606310223,0.004180525321115,7.470590,73,0.0010
data/Harvard500.txt,500,2636,0.850000,17,moyenne,14,251,0.000646080989108,complet,0.001860651190190,0.001214570201082,2.879904,81,0.0040
data/Harvard500.txt,500,2636,0.850000,17,moyenne,14,251,0.000646080989108,anneau,0.002206504879902,0.001560423890795,3.415214,81,0.0010
data/Harvard500.txt,500,2636,0.850000,17,faible,494,500,0.000300000000000,isoles,0.004482591876209,0.004182591876209,14.941973,75,0.0010
data/Harvard500.txt,500,2636,0.850000,17,faible,494,500,0.000300000000000,complet,0.001523210837531,0.001223210837531,5.077369,82,0.0010
data/Harvard500.txt,500,2636,0.850000,17,faible,494,500,0.000300000000000,anneau,0.001880923536857,0.001580923536857,6.269745,90,0.0010
data/Harvard500.txt,500,2636,0.850000,19,forte,7,1,0.103639770584333,isoles,0.108385190801511,0.004745420217178,1.045788,76,0.0010
data/Harvard500.txt,500,2636,0.850000,19,forte,7,1,0.103639770584333,complet,0.102153624088749,-0.001486146495584,0.985660,83,0.0010
data/Harvard500.txt,500,2636,0.850000,19,forte,7,1,0.103639770584333,anneau,0.096598577456418,-0.007041193127914,0.932061,84,0.0010
data/Harvard500.txt,500,2636,0.850000,19,moyenne,14,251,0.000646080989108,isoles,0.005300427609225,0.004654346620117,8.203968,74,0.0000
data/Harvard500.txt,500,2636,0.850000,19,moyenne,14,251,0.000646080989108,complet,0.001886752735774,0.001240671746666,2.920304,83,0.0000
data/Harvard500.txt,500,2636,0.850000,19,moyenne,14,251,0.000646080989108,anneau,0.002216038288442,0.001569957299334,3.429970,84,0.0010
data/Harvard500.txt,500,2636,0.850000,19,faible,494,500,0.000300000000000,isoles,0.004956647398844,0.004656647398844,16.522158,76,0.0000
data/Harvard500.txt,500,2636,0.850000,19,faible,494,500,0.000300000000000,complet,0.001550538985569,0.001250538985569,5.168463,83,0.0010
data/Harvard500.txt,500,2636,0.850000,19,faible,494,500,0.000300000000000,anneau,0.001888703737046,0.001588703737046,6.295679,90,0.0060
data/Harvard500.txt,500,2636,0.850000,21,forte,7,1,0.103639770584333,isoles,0.108864574599027,0.005224804014694,1.050413,76,0.0020
data/Harvard500.txt,500,2636,0.850000,21,forte,7,1,0.103639770584333,complet,0.101812907515090,-0.001826863069242,0.982373,84,0.0020
data/Harvard500.txt,500,2636,0.850000,21,forte,7,1,0.103639770584333,anneau,0.096115040536827,-0.007524730047506,0.927395,85,0.0020
data/Harvard500.txt,500,2636,0.850000,21,moyenne,14,251,0.000646080989108,isoles,0.005770611124742,0.005124530135634,8.931715,74,0.0010
data/Harvard500.txt,500,2636,0.850000,21,moyenne,14,251,0.000646080989108,complet,0.001907682292295,0.001261601303187,2.952698,84,0.0010
data/Harvard500.txt,500,2636,0.850000,21,moyenne,14,251,0.000646080989108,anneau,0.002220400498130,0.001574319509022,3.436722,87,0.0010
data/Harvard500.txt,500,2636,0.850000,21,faible,494,500,0.000300000000000,isoles,0.005427063339731,0.005127063339731,18.090211,76,0.0010
data/Harvard500.txt,500,2636,0.850000,21,faible,494,500,0.000300000000000,complet,0.001572696743824,0.001272696743824,5.242322,85,0.0010
data/Harvard500.txt,500,2636,0.850000,21,faible,494,500,0.000300000000000,anneau,0.001892129142404,0.001592129142404,6.307097,93,0.0020
data/Harvard500.txt,500,2636,0.850000,23,forte,7,1,0.103639770584333,isoles,0.109340291981266,0.005700521396933,1.055003,76,0.0010
data/Harvard500.txt,500,2636,0.850000,23,forte,7,1,0.103639770584333,complet,0.101467648263899,-0.002172122320434,0.979042,86,0.0010
data/Harvard500.txt,500,2636,0.850000,23,forte,7,1,0.103639770584333,anneau,0.095666576115541,-0.007973194468792,0.923068,86,0.0010
data/Harvard500.txt,500,2636,0.850000,23,moyenne,14,251,0.000646080989108,isoles,0.006237198590427,0.005591117601319,9.653896,75,0.0010
data/Harvard500.txt,500,2636,0.850000,23,moyenne,14,251,0.000646080989108,complet,0.001924535778111,0.001278454789003,2.978784,86,0.0010
data/Harvard500.txt,500,2636,0.850000,23,moyenne,14,251,0.000646080989108,anneau,0.002221114120342,0.001575033131234,3.437826,87,0.0010
data/Harvard500.txt,500,2636,0.850000,23,faible,494,500,0.000300000000000,isoles,0.005893881453155,0.005593881453155,19.646272,77,0.0010
data/Harvard500.txt,500,2636,0.850000,23,faible,494,500,0.000300000000000,complet,0.001590777720903,0.001290777720903,5.302592,86,0.0010
data/Harvard500.txt,500,2636,0.850000,23,faible,494,500,0.000300000000000,anneau,0.001892505287254,0.001592505287254,6.308351,95,0.0020
data/Harvard500.txt,500,2636,0.850000,25,forte,7,1,0.103639770584333,isoles,0.109812384845274,0.006172614260941,1.059558,77,0.0010
data/Harvard500.txt,500,2636,0.850000,25,forte,7,1,0.103639770584333,complet,0.101119291553912,-0.002520479030421,0.975680,87,0.0010
data/Harvard500.txt,500,2636,0.850000,25,forte,7,1,0.103639770584333,anneau,0.095244007415365,-0.008395763168967,0.918991,87,0.0010
data/Harvard500.txt,500,2636,0.850000,25,moyenne,14,251,0.000646080989108,isoles,0.006700231103992,0.006054150114884,10.370575,75,0.0020
data/Harvard500.txt,500,2636,0.850000,25,moyenne,14,251,0.000646080989108,complet,0.001938123034533,0.001292042045425,2.999814,87,0.0020
data/Harvard500.txt,500,2636,0.850000,25,moyenne,14,251,0.000646080989108,anneau,0.002219248008986,0.001573167019878,3.434938,88,0.0010
data/Harvard500.txt,500,2636,0.850000,25,faible,494,500,0.000300000000000,isoles,0.006357142857143,0.006057142857143,21.190476,77,0.0010
data/Harvard500.txt,500,2636,0.850000,25,faible,494,500,0.000300000000000,complet,0.001605590069720,0.001305590069720,5.351967,87,0.0020
data/Harvard500.txt,500,2636,0.850000,25,faible,494,500,0.000300000000000,anneau,0.001890737367337,0.001590737367337,6.302458,95,0.0020
data/Harvard500.txt,500,2636,0.850000,27,forte,7,1,0.103639770584333,isoles,0.110280894466175,0.006641123881842,1.064079,77,0.0010
data/Harvard500.txt,500,2636,0.850000,27,forte,7,1,0.103639770584333,complet,0.100768920738956,-0.002870849845376,0.972300,88,0.0010
data/Harvard500.txt,500,2636,0.850000,27,forte,7,1,0.103639770584333,anneau,0.094840772217269,-0.008798998367064,0.915100,88,0.0000
data/Harvard500.txt,500,2636,0.850000,27,moyenne,14,251,0.000646080989108,isoles,0.007159749139276,0.006513668150168,11.081814,76,0.0010
data/Harvard500.txt,500,2636,0.850000,27,moyenne,14,251,0.000646080989108,complet,0.001949055392958,0.001302974403850,3.016735,89,0.0010
data/Harvard500.txt,500,2636,0.850000,27,moyenne,14,251,0.000646080989108,anneau,0.002215557440894,0.001569476451787,3.429226,90,0.0010
data/Harvard500.txt,500,2636,0.850000,27,faible,494,500,0.000300000000000,isoles,0.006816888045541,0.006516888045541,22.722960,78,0.0010
data/Harvard500.txt,500,2636,0.850000,27,faible,494,500,0.000300000000000,complet,0.001617743879333,0.001317743879333,5.392480,88,0.0010
data/Harvard500.txt,500,2636,0.850000,27,faible,494,500,0.000300000000000,anneau,0.001887459513040,0.001587459513040,6.291532,95,0.0010
data/Harvard500.txt,500,2636,0.850000,29,forte,7,1,0.103639770584333,isoles,0.110745861481247,0.007106090896915,1.068565,77,0.0010
data/Harvard500.txt,500,2636,0.850000,29,forte,7,1,0.103639770584333,complet,0.100417361838616,-0.003222408745716,0.968908,89,0.0000
data/Harvard500.txt,500,2636,0.850000,29,forte,7,1,0.103639770584333,anneau,0.094452165585900,-0.009187604998433,0.911351,90,0.0020
data/Harvard500.txt,500,2636,0.850000,29,moyenne,14,251,0.000646080989108,isoles,0.007615792558036,0.006969711568928,11.787675,76,0.0010
data/Harvard500.txt,500,2636,0.850000,29,moyenne,14,251,0.000646080989108,complet,0.001957802950771,0.001311721961664,3.030275,90,0.0010
data/Harvard500.txt,500,2636,0.850000,29,moyenne,14,251,0.000646080989108,anneau,0.002210578753291,0.001564497764184,3.421520,93,0.0010
data/Harvard500.txt,500,2636,0.850000,29,faible,494,500,0.000300000000000,isoles,0.007273156899811,0.006973156899811,24.243856,78,0.0010
data/Harvard500.txt,500,2636,0.850000,29,faible,494,500,0.000300000000000,complet,0.001627708310403,0.001327708310403,5.425694,89,0.0010
data/Harvard500.txt,500,2636,0.850000,29,faible,494,500,0.000300000000000,anneau,0.001883119106878,0.001583119106878,6.277064,96,0.0010
data/Harvard500.txt,500,2636,0.850000,31,forte,7,1,0.103639770584333,isoles,0.111207325915140,0.007567555330807,1.073018,78,0.0010
data/Harvard500.txt,500,2636,0.850000,31,forte,7,1,0.103639770584333,complet,0.100065253849489,-0.003574516734844,0.965510,90,0.0020
data/Harvard500.txt,500,2636,0.850000,31,forte,7,1,0.103639770584333,anneau,0.094074806706614,-0.009564963877719,0.907710,91,0.0000
data/Harvard500.txt,500,2636,0.850000,31,moyenne,14,251,0.000646080989108,isoles,0.008068400621476,0.007422319632369,12.488219,76,0.0020
data/Harvard500.txt,500,2636,0.850000,31,moyenne,14,251,0.000646080989108,complet,0.001964733084167,0.001318652095059,3.041001,91,0.0020
data/Harvard500.txt,500,2636,0.850000,31,moyenne,14,251,0.000646080989108,anneau,0.002204694148830,0.001558613159722,3.412411,94,0.0020
data/Harvard500.txt,500,2636,0.850000,31,faible,494,500,0.000300000000000,isoles,0.007725988700565,0.007425988700565,25.753296,78,0.0010
data/Harvard500.txt,500,2636,0.850000,31,faible,494,500,0.000300000000000,complet,0.001635850032667,0.001335850032667,5.452833,90,0.0010
data/Harvard500.txt,500,2636,0.850000,31,faible,494,500,0.000300000000000,anneau,0.001878033461845,0.001578033461845,6.260112,99,0.0050
data/Harvard500.txt,500,2636,0.850000,33,forte,7,1,0.103639770584333,isoles,0.111665327205780,0.008025556621447,1.077437,78,0.0010
data/Harvard500.txt,500,2636,0.850000,33,forte,7,1,0.103639770584333,complet,0.099713097234184,-0.003926673350148,0.962112,91,0.0010
data/Harvard500.txt,500,2636,0.850000,33,forte,7,1,0.103639770584333,anneau,0.093706261276566,-0.009933509307767,0.904153,92,0.0020
data/Harvard500.txt,500,2636,0.850000,33,moyenne,14,251,0.000646080989108,isoles,0.008517612001514,0.007871531012406,13.183505,76,0.0010
data/Harvard500.txt,500,2636,0.850000,33,moyenne,14,251,0.000646080989108,complet,0.001970137021182,0.001324056032074,3.049365,92,0.0010
data/Harvard500.txt,500,2636,0.850000,33,moyenne,14,251,0.000646080989108,anneau,0.002198176563304,0.001552095574196,3.402324,94,0.0010
data/Harvard500.txt,500,2636,0.850000,33,faible,494,500,0.000300000000000,isoles,0.008175422138837,0.007875422138837,27.251407,78,0.0010
data/Harvard500.txt,500,2636,0.850000,33,faible,494,500,0.000300000000000,complet,0.001642459733495,0.001342459733495,5.474866,91,0.0010
data/Harvard500.txt,500,2636,0.850000,33,faible,494,500,0.000300000000000,anneau,0.001872428482592,0.001572428482592,6.241428,99,0.0010
data/Harvard500.txt,500,2636,0.850000,35,forte,7,1,0.103639770584333,isoles,0.112119904187704,0.008480133603372,1.081823,78,0.0010
data/Harvard500.txt,500,2636,0.850000,35,forte,7,1,0.103639770584333,complet,0.099361288099525,-0.004278482484808,0.958718,92,0.0020
data/Harvard500.txt,500,2636,0.850000,35,forte,7,1,0.103639770584333,anneau,0.093344772937194,-0.010294997647139,0.900666,93,0.0020
data/Harvard500.txt,500,2636,0.850000,35,moyenne,14,251,0.000646080989108,isoles,0.008963464791793,0.008317383802685,13.873593,77,0.0010
data/Harvard500.txt,500,2636,0.850000,35,moyenne,14,251,0.000646080989108,complet,0.001974248569135,0.001328167580027,3.055729,92,0.0020
data/Harvard500.txt,500,2636,0.850000,35,moyenne,14,251,0.000646080989108,anneau,0.002191221355596,0.001545140366489,3.391558,94,0.0020
data/Harvard500.txt,500,2636,0.850000,35,faible,494,500,0.000300000000000,isoles,0.008621495327103,0.008321495327103,28.738318,79,0.0010
data/Harvard500.txt,500,2636,0.850000,35,faible,494,500,0.000300000000000,complet,0.001647770804202,0.001347770804202,5.492569,92,0.0010
data/Harvard500.txt,500,2636,0.850000,35,faible,494,500,0.000300000000000,anneau,0.001866465347153,0.001566465347153,6.221551,99,0.0010
data/Harvard500.txt,500,2636,0.850000,37,forte,7,1,0.103639770584333,isoles,0.112571095116775,0.008931324532442,1.086177,79,0.0020
data/Harvard500.txt,500,2636,0.850000,37,forte,7,1,0.103639770584333,complet,0.099010142758273,-0.004629627826060,0.955330,92,0.0020
data/Harvard500.txt,500,2636,0.850000,37,forte,7,1,0.103639770584333,anneau,0.092989071584260,-0.010650699000072,0.897233,93,0.0020
data/Harvard500.txt,500,2636,0.850000,37,moyenne,14,251,0.000646080989108,isoles,0.009405996518458,0.008759915529350,14.558541,77,0.0020
data/Harvard500.txt,500,2636,0.850000,37,moyenne,14,251,0.000646080989108,complet,0.001977257570901,0.001331176581794,3.060387,93,0.0010
data/Harvard500.txt,500,2636,0.850000,37,moyenne,14,251,0.000646080989108,anneau,0.002183968402916,0.001537887413808,3.380332,94,0.0060
data/Harvard500.txt,500,2636,0.850000,37,faible,494,500,0.000300000000000,isoles,0.009064245810056,0.008764245810056,30.214153,79,0.0010
data/Harvard500.txt,500,2636,0.850000,37,faible,494,500,0.000300000000000,complet,0.001651972770789,0.001351972770789,5.506576,93,0.0010
data/Harvard500.txt,500,2636,0.850000,37,faible,494,500,0.000300000000000,anneau,0.001860259337567,0.001560259337567,6.200864,99,0.0020
data/Harvard500.txt,500,2636,0.850000,39,forte,7,1,0.103639770584333,isoles,0.113018937694465,0.009379167110132,1.090498,79,0.0010
data/Harvard500.txt,500,2636,0.850000,39,forte,7,1,0.103639770584333,complet,0.098659915696768,-0.004979854887564,0.951950,93,0.0030
data/Harvard500.txt,500,2636,0.850000,39,forte,7,1,0.103639770584333,anneau,0.092638236272236,-0.011001534312097,0.893848,94,0.0010
data/Harvard500.txt,500,2636,0.850000,39,moyenne,14,251,0.000646080989108,isoles,0.009845244150677,0.009199163161569,15.238406,77,0.0010
data/Harvard500.txt,500,2636,0.850000,39,moyenne,14,251,0.000646080989108,complet,0.001979319755711,0.001333238766603,3.063578,94,0.0040
data/Harvard500.txt,500,2636,0.850000,39,moyenne,14,251,0.000646080989108,anneau,0.002176517935057,0.001530436945949,3.368800,94,0.0010
data/Harvard500.txt,500,2636,0.850000,39,faible,494,500,0.000300000000000,isoles,0.009503710575139,0.009203710575139,31.679035,79,0.0020
data/Harvard500.txt,500,2636,0.850000,39,faible,494,500,0.000300000000000,complet,0.001655221117398,0.001355221117398,5.517404,93,0.0030
data/Harvard500.txt,500,2636,0.850000,39,faible,494,500,0.000300000000000,anneau,0.001853892922352,0.001553892922352,6.179643,99,0.0020
data/Harvard500.txt,500,2636,0.850000,41,forte,7,1,0.103639770584333,isoles,0.113463469051618,0.009823698467285,1.094787,79,0.0040
data/Harvard500.txt,500,2636,0.850000,41,forte,7,1,0.103639770584333,complet,0.098310812907524,-0.005328957676809,0.948582,94,0.0020
data/Harvard500.txt,500,2636,0.850000,41,forte,7,1,0.103639770584333,anneau,0.092291596969798,-0.011348173614535,0.890504,95,0.0020
data/Harvard500.txt,500,2636,0.850000,41,moyenne,14,251,0.000646080989108,isoles,0.010281244110938,0.009635163121830,15.913244,77,0.0020
data/Harvard500.txt,500,2636,0.850000,41,moyenne,14,251,0.000646080989108,complet,0.001980564048375,0.001334483059267,3.065504,94,0.0010
data/Harvard500.txt,500,2636,0.850000,41,moyenne,14,251,0.000646080989108,anneau,0.002168941774406,0.001522860785299,3.357074,94,0.0010
data/Harvard500.txt,500,2636,0.850000,41,faible,494,500,0.000300000000000,isoles,0.009939926062847,0.009639926062847,33.133087,79,0.0010
data/Harvard500.txt,500,2636,0.850000,41,faible,494,500,0.000300000000000,complet,0.001657644578779,0.001357644578779,5.525482,94,0.0020
data/Harvard500.txt,500,2636,0.850000,41,faible,494,500,0.000300000000000,anneau,0.001847425137049,0.001547425137049,6.158084,99,0.0010
data/Harvard500.txt,500,2636,0.850000,43,forte,7,1,0.103639770584333,isoles,0.113904725776305,0.010264955191973,1.099045,79,0.0010
data/Harvard500.txt,500,2636,0.850000,43,forte,7,1,0.103639770584333,complet,0.097963001942353,-0.005676768641980,0.945226,94,0.0020
data/Harvard500.txt,500,2636,0.850000,43,forte,7,1,0.103639770584333,anneau,0.091948664104269,-0.011691106480063,0.887195,96,0.0050
data/Harvard500.txt,500,2636,0.850000,43,moyenne,14,251,0.000646080989108,isoles,0.010714032285119,0.010067951296012,16.583110,78,0.0020
data/Harvard500.txt,500,2636,0.850000,43,moyenne,14,251,0.000646080989108,complet,0.001981098076358,0.001335017087250,3.066331,95,0.0010
data/Harvard500.txt,500,2636,0.850000,43,moyenne,14,251,0.000646080989108,anneau,0.002161291365579,0.001515210376471,3.345233,95,0.0040
data/Harvard500.txt,500,2636,0.850000,43,faible,494,500,0.000300000000000,isoles,0.010372928176796,0.010072928176796,34.576427,80,0.0010
data/Harvard500.txt,500,2636,0.850000,43,faible,494,500,0.000300000000000,complet,0.001659350645097,0.001359350645097,5.531169,94,0.0010
data/Harvard500.txt,500,2636,0.850000,43,faible,494,500,0.000300000000000,anneau,0.001840898233762,0.001540898233762,6.136327,99,0.0020
data/Harvard500.txt,500,2636,0.850000,45,forte,7,1,0.103639770584333,isoles,0.114342743919527,0.010702973335195,1.103271,79,0.0010
data/Harvard500.txt,500,2636,0.850000,45,forte,7,1,0.103639770584333,complet,0.097616619586162,-0.006023150998171,0.941884,95,0.0010
data/Harvard500.txt,500,2636,0.850000,45,forte,7,1,0.103639770584333,anneau,0.091609077960944,-0.012030692623389,0.883918,97,0.0020
data/Harvard500.txt,500,2636,0.850000,45,moyenne,14,251,0.000646080989108,isoles,0.011143644032335,0.010497563043227,17.248061,78,0.0030
data/Harvard500.txt,500,2636,0.850000,45,moyenne,14,251,0.000646080989108,complet,0.001981012380965,0.001334931391858,3.066198,95,0.0000
data/Harvard500.txt,500,2636,0.850000,45,moyenne,14,251,0.000646080989108,anneau,0.002153603523181,0.001507522534074,3.333334,97,0.0020
data/Harvard500.txt,500,2636,0.850000,45,faible,494,500,0.000300000000000,isoles,0.010802752293578,0.010502752293578,36.009174,80,0.0010
data/Harvard500.txt,500,2636,0.850000,45,faible,494,500,0.000300000000000,complet,0.001660429748978,0.001360429748978,5.534766,95,0.0020
data/Harvard500.txt,500,2636,0.850000,45,faible,494,500,0.000300000000000,anneau,0.001834342428714,0.001534342428714,6.114475,99,0.0010
data/Harvard500.txt,500,2636,0.850000,47,forte,7,1,0.103639770584333,isoles,0.114777559000421,0.011137788416088,1.107466,80,0.0010
data/Harvard500.txt,500,2636,0.850000,47,forte,7,1,0.103639770584333,complet,0.097271777762299,-0.006367992822033,0.938556,95,0.0010
data/Harvard500.txt,500,2636,0.850000,47,forte,7,1,0.103639770584333,anneau,0.091272572334117,-0.012367198250215,0.880671,99,0.0010
data/Harvard500.txt,500,2636,0.850000,47,moyenne,14,251,0.000646080989108,isoles,0.011570114194562,0.010924033205454,17.908148,78,0.0010
data/Harvard500.txt,500,2636,0.850000,47,moyenne,14,251,0.000646080989108,complet,0.001980383656614,0.001334302667506,3.065225,96,0.0010
data/Harvard500.txt,500,2636,0.850000,47,moyenne,14,251,0.000646080989108,anneau,0.002145904552334,0.001499823563226,3.321417,99,0.0010
data/Harvard500.txt,500,2636,0.850000,47,faible,494,500,0.000300000000000,isoles,0.011229433272395,0.010929433272395,37.431444,80,0.0010
data/Harvard500.txt,500,2636,0.850000,47,faible,494,500,0.000300000000000,complet,0.001660958512993,0.001360958512993,5.536528,95,0.0010
data/Harvard500.txt,500,2636,0.850000,47,faible,494,500,0.000300000000000,anneau,0.001827779299227,0.001527779299227,6.092598,101,0.0020
data/Harvard500.txt,500,2636,0.850000,49,forte,7,1,0.103639770584333,isoles,0.115209206034120,0.011569435449787,1.111631,80,0.0020
data/Harvard500.txt,500,2636,0.850000,49,forte,7,1,0.103639770584333,complet,0.096928568166610,-0.006711202417723,0.935245,96,0.0020
data/Harvard500.txt,500,2636,0.850000,49,forte,7,1,0.103639770584333,anneau,0.090938948388639,-0.012700822195694,0.877452,102,0.0010
data/Harvard500.txt,500,2636,0.850000,49,moyenne,14,251,0.000646080989108,isoles,0.011993477106062,0.011347396116954,18.563427,78,0.0010
data/Harvard500.txt,500,2636,0.850000,49,moyenne,14,251,0.000646080989108,complet,0.001979277291775,0.001333196302667,3.063513,96,0.0010
data/Harvard500.txt,500,2636,0.850000,49,moyenne,14,251,0.000646080989108,anneau,0.002138213190714,0.001492132201606,3.309513,100,0.0010
data/Harvard500.txt,500,2636,0.850000,49,faible,494,500,0.000300000000000,isoles,0.011653005464481,0.011353005464481,38.843352,80,0.0010
data/Harvard500.txt,500,2636,0.850000,49,faible,494,500,0.000300000000000,complet,0.001661002270222,0.001361002270222,5.536674,96,0.0020
data/Harvard500.txt,500,2636,0.850000,49,faible,494,500,0.000300000000000,anneau,0.001821224218213,0.001521224218213,6.070747,103,0.0020
data/Harvard500.txt,500,2636,0.850000,50,forte,7,1,0.103639770584333,isoles,0.115423852331786,0.011784081747453,1.113702,80,0.0010
data/Harvard500.txt,500,2636,0.850000,50,forte,7,1,0.103639770584333,complet,0.096757599484330,-0.006882171100003,0.933595,96,0.0010
data/Harvard500.txt,500,2636,0.850000,50,forte,7,1,0.103639770584333,anneau,0.090773168581558,-0.012866602002775,0.875853,102,0.0020
data/Harvard500.txt,500,2636,0.850000,50,moyenne,14,251,0.000646080989108,isoles,0.012204003935690,0.011557922946582,18.889279,78,0.0020
data/Harvard500.txt,500,2636,0.850000,50,moyenne,14,251,0.000646080989108,complet,0.001978562835167,0.001332481846060,3.062407,96,0.0020
data/Harvard500.txt,500,2636,0.850000,50,moyenne,14,251,0.000646080989108,anneau,0.002134374745667,0.001488293756560,3.303572,100,0.0010
data/Harvard500.txt,500,2636,0.850000,50,faible,494,500,0.000300000000000,isoles,0.011863636363636,0.011563636363636,39.545455,80,0.0010
data/Harvard500.txt,500,2636,0.850000,50,faible,494,500,0.000300000000000,complet,0.001660860102536,0.001360860102536,5.536200,96,0.0010
data/Harvard500.txt,500,2636,0.850000,50,faible,494,500,0.000300000000000,anneau,0.001817953244032,0.001517953244032,6.059844,103,0.0020
data/Harvard500.txt,500,2636,0.950000,1,forte,7,1,0.106107118131788,isoles,0.106219896813767,0.000112778681980,1.001063,134,0.0040
data/Harvard500.txt,500,2636,0.950000,1,forte,7,1,0.106107118131788,complet,0.106219896813767,0.000112778681980,1.001063,134,0.0020
data/Harvard500.txt,500,2636,0.950000,1,forte,7,1,0.106107118131788,anneau,0.112463725619780,0.006356607487992,1.059907,157,0.0010
data/Harvard500.txt,500,2636,0.950000,1,moyenne,173,251,0.000320139975202,isoles,0.000425908021408,0.000105768046207,1.330381,166,0.0020
data/Harvard500.txt,500,2636,0.950000,1,moyenne,173,251,0.000320139975202,complet,0.000425908021408,0.000105768046207,1.330381,166,0.0040
data/Harvard500.txt,500,2636,0.950000,1,moyenne,173,251,0.000320139975202,anneau,0.000457230957328,0.000137090982126,1.428222,166,0.0020
data/Harvard500.txt,500,2636,0.950000,1,faible,494,500,0.000100000000000,isoles,0.000194610778443,0.000094610778443,1.946108,135,0.0020
data/Harvard500.txt,500,2636,0.950000,1,faible,494,500,0.000100000000000,complet,0.000194610778443,0.000094610778443,1.946108,135,0.0020
data/Harvard500.txt,500,2636,0.950000,1,faible,494,500,0.000100000000000,anneau,0.000354643787596,0.000254643787596,3.546438,135,0.0010
data/Harvard500.txt,500,2636,0.950000,3,forte,7,1,0.106107118131788,isoles,0.106444108732765,0.000336990600977,1.003176,146,0.0030
data/Harvard500.txt,500,2636,0.950000,3,forte,7,1,0.106107118131788,complet,0.106355941809782,0.000248823677995,1.002345,147,0.0020
data/Harvard500.txt,500,2636,0.950000,3,forte,7,1,0.106107118131788,anneau,0.109734075636896,0.003626957505109,1.034182,165,0.0020
data/Harvard500.txt,500,2636,0.950000,3,moyenne,173,251,0.000320139975202,isoles,0.000636182453272,0.000316042478071,1.987201,179,0.0020
data/Harvard500.txt,500,2636,0.950000,3,moyenne,173,251,0.000320139975202,complet,0.000607277739107,0.000287137763905,1.896913,180,0.0040
data/Harvard500.txt,500,2636,0.950000,3,moyenne,173,251,0.000320139975202,anneau,0.000660798428322,0.000340658453121,2.064092,180,0.0030
data/Harvard500.txt,500,2636,0.950000,3,faible,494,500,0.000100000000000,isoles,0.000382703777336,0.000282703777336,3.827038,147,0.0030
data/Harvard500.txt,500,2636,0.950000,3,faible,494,500,0.000100000000000,complet,0.000356949213808,0.000256949213808,3.569492,148,0.0030
data/Harvard500.txt,500,2636,0.950000,3,faible,494,500,0.000100000000000,anneau,0.000622145584310,0.000522145584310,6.221456,149,0.0020
data/Harvard500.txt,500,2636,0.950000,5,forte,7,1,0.106107118131788,isoles,0.106666544718513,0.000559426586725,1.005272,151,0.0020
data/Harvard500.txt,500,2636,0.950000,5,forte,7,1,0.106107118131788,complet,0.106398212714229,0.000291094582441,1.002743,153,0.0020
data/Harvard500.txt,500,2636,0.950000,5,forte,7,1,0.106107118131788,anneau,0.107346462266107,0.001239344134319,1.011680,170,0.0030
data/Harvard500.txt,500,2636,0.950000,5,moyenne,173,251,0.000320139975202,isoles,0.000844791345140,0.000524651369939,2.638819,185,0.0020
data/Harvard500.txt,500,2636,0.950000,5,moyenne,173,251,0.000320139975202,complet,0.000756821167348,0.000436681192146,2.364032,187,0.0020
data/Harvard500.txt,500,2636,0.950000,5,moyenne,173,251,0.000320139975202,anneau,0.000839986892871,0.000519846917669,2.623811,186,0.0020
data/Harvard500.txt,500,2636,0.950000,5,faible,494,500,0.000100000000000,isoles,0.000569306930693,0.000469306930693,5.693069,152,0.0030
data/Harvard500.txt,500,2636,0.950000,5,faible,494,500,0.000100000000000,complet,0.000490924092409,0.000390924092409,4.909241,154,0.0020
data/Harvard500.txt,500,2636,0.950000,5,faible,494,500,0.000100000000000,anneau,0.000829420745624,0.000729420745624,8.294207,156,0.0030
data/Harvard500.txt,500,2636,0.950000,7,forte,7,1,0.106107118131788,isoles,0.106887225781500,0.000780107649712,1.007352,155,0.0030
data/Harvard500.txt,500,2636,0.950000,7,forte,7,1,0.106107118131788,complet,0.106369126391120,0.000262008259333,1.002469,158,0.0030
data/Harvard500.txt,500,2636,0.950000,7,forte,7,1,0.106107118131788,anneau,0.105242078151943,-0.000865039979845,0.991847,173,0.0040
data/Harvard500.txt,500,2636,0.950000,7,moyenne,173,251,0.000320139975202,isoles,0.001051754407458,0.000731614432256,3.285295,189,0.0020
data/Harvard500.txt,500,2636,0.950000,7,moyenne,173,251,0.000320139975202,complet,0.000881900290977,0.000561760315775,2.754733,192,0.0020
data/Harvard500.txt,500,2636,0.950000,7,moyenne,173,251,0.000320139975202,anneau,0.000997866633948,0.000677726658746,3.116970,191,0.0020
data/Harvard500.txt,500,2636,0.950000,7,faible,494,500,0.000100000000000,isoles,0.000754437869822,0.000654437869822,7.544379,156,0.0020
data/Harvard500.txt,500,2636,0.950000,7,faible,494,500,0.000100000000000,complet,0.000603095129722,0.000503095129722,6.030951,159,0.0020
data/Harvard500.txt,500,2636,0.950000,7,faible,494,500,0.000100000000000,anneau,0.000993378984318,0.000893378984318,9.933790,162,0.0030
data/Harvard500.txt,500,2636,0.950000,9,forte,7,1,0.106107118131788,isoles,0.107106172612524,0.000999054480736,1.009416,158,0.0030
data/Harvard500.txt,500,2636,0.950000,9,forte,7,1,0.106107118131788,complet,0.106284683559564,0.000177565427776,1.001673,162,0.0020
data/Harvard500.txt,500,2636,0.950000,9,forte,7,1,0.106107118131788,anneau,0.103374482462141,-0.002732635669647,0.974246,176,0.0020
data/Harvard500.txt,500,2636,0.950000,9,moyenne,173,251,0.000320139975202,isoles,0.001257091040996,0.000936951065794,3.926692,192,0.0040
data/Harvard500.txt,500,2636,0.950000,9,moyenne,173,251,0.000320139975202,complet,0.000987773415920,0.000667633440719,3.085442,196,0.0020
data/Harvard500.txt,500,2636,0.950000,9,moyenne,173,251,0.000320139975202,anneau,0.001137069976401,0.000816930001200,3.551790,195,0.0040
data/Harvard500.txt,500,2636,0.950000,9,faible,494,500,0.000100000000000,isoles,0.000938113948919,0.000838113948919,9.381139,159,0.0030
data/Harvard500.txt,500,2636,0.950000,9,faible,494,500,0.000100000000000,complet,0.000698147628405,0.000598147628405,6.981476,163,0.0040
data/Harvard500.txt,500,2636,0.950000,9,faible,494,500,0.000100000000000,anneau,0.001125179271111,0.001025179271111,11.251793,168,0.0010
data/Harvard500.txt,500,2636,0.950000,11,forte,7,1,0.106107118131788,isoles,0.107323405575868,0.001216287444080,1.011463,160,0.0030
data/Harvard500.txt,500,2636,0.950000,11,forte,7,1,0.106107118131788,complet,0.106156607702072,0.000049489570285,1.000466,166,0.0030
data/Harvard500.txt,500,2636,0.950000,11,forte,7,1,0.106107118131788,anneau,0.101706519782980,-0.004400598348808,0.958527,179,0.0040
data/Harvard500.txt,500,2636,0.950000,11,moyenne,173,251,0.000320139975202,isoles,0.001460820343002,0.001140680367801,4.563068,194,0.0020
data/Harvard500.txt,500,2636,0.950000,11,moyenne,173,251,0.000320139975202,complet,0.001078296400283,0.000758156425082,3.368203,199,0.0030
data/Harvard500.txt,500,2636,0.950000,11,moyenne,173,251,0.000320139975202,anneau,0.001259863862426,0.000939723887224,3.935353,198,0.0010
data/Harvard500.txt,500,2636,0.950000,11,faible,494,500,0.000100000000000,isoles,0.001120352250489,0.001020352250489,11.203523,161,0.0030
data/Harvard500.txt,500,2636,0.950000,11,faible,494,500,0.000100000000000,complet,0.000779517286398,0.000679517286398,7.795173,167,0.0020
data/Harvard500.txt,500,2636,0.950000,11,faible,494,500,0.000100000000000,anneau,0.001232483464481,0.001132483464481,12.324835,175,0.0040
data/Harvard500.txt,500,2636,0.950000,13,forte,7,1,0.106107118131788,isoles,0.107538944713461,0.001431826581673,1.013494,162,0.0020
data/Harvard500.txt,500,2636,0.950000,13,forte,7,1,0.106107118131788,complet,0.105993681902820,-0.000113436228968,0.998931,169,0.0020
data/Harvard500.txt,500,2636,0.950000,13,forte,7,1,0.106107118131788,anneau,0.100208118095590,-0.005899000036197,0.944405,181,0.0020
data/Harvard500.txt,500,2636,0.950000,13,moyenne,173,251,0.000320139975202,isoles,0.001662961112208,0.001342821137006,5.194481,196,0.0030
data/Harvard500.txt,500,2636,0.950000,13,moyenne,173,251,0.000320139975202,complet,0.001156360922128,0.000836220946926,3.612048,203,0.0020
data/Harvard500.txt,500,2636,0.950000,13,moyenne,173,251,0.000320139975202,anneau,0.001368208479843,0.001048068504641,4.273782,200,0.0030
data/Harvard500.txt,500,2636,0.950000,13,faible,494,500,0.000100000000000,isoles,0.001301169590643,0.001201169590643,13.011696,162,0.0030
data/Harvard500.txt,500,2636,0.950000,13,faible,494,500,0.000100000000000,complet,0.000849780702007,0.000749780702007,8.497807,170,0.0020
data/Harvard500.txt,500,2636,0.950000,13,faible,494,500,0.000100000000000,anneau,0.001320727016436,0.001220727016436,13.207270,185,0.0030
data/Harvard500.txt,500,2636,0.950000,15,forte,7,1,0.106107118131788,isoles,0.107752809763686,0.001645691631898,1.015510,163,0.0030
data/Harvard500.txt,500,2636,0.950000,15,forte,7,1,0.106107118131788,complet,0.105802613826329,-0.000304504305458,0.997130,173,0.0030
data/Harvard500.txt,500,2636,0.950000,15,forte,7,1,0.106107118131788,anneau,0.098854686333830,-0.007252431797958,0.931650,183,0.0060
data/Harvard500.txt,500,2636,0.950000,15,moyenne,173,251,0.000320139975202,isoles,0.001863531855857,0.001543391880655,5.820991,198,0.0050
data/Harvard500.txt,500,2636,0.950000,15,moyenne,173,251,0.000320139975202,complet,0.001224178068935,0.000904038093734,3.823884,206,0.0020
data/Harvard500.txt,500,2636,0.950000,15,moyenne,173,251,0.000320139975202,anneau,0.001463804987245,0.001143665012044,4.572391,203,0.0030
data/Harvard500.txt,500,2636,0.950000,15,faible,494,500,0.000100000000000,isoles,0.001480582524272,0.001380582524272,14.805825,164,0.0030
data/Harvard500.txt,500,2636,0.950000,15,faible,494,500,0.000100000000000,complet,0.000910908053487,0.000810908053487,9.109081,174,0.0020
data/Harvard500.txt,500,2636,0.950000,15,faible,494,500,0.000100000000000,anneau,0.001393873035578,0.001293873035578,13.938730,193,0.0030
data/Harvard500.txt,500,2636,0.950000,17,forte,7,1,0.106107118131788,isoles,0.107965020151282,0.001857902019494,1.017510,164,0.0020
data/Harvard500.txt,500,2636,0.950000,17,forte,7,1,0.106107118131788,complet,0.105588612409439,-0.000518505722349,0.995113,176,0.0020
data/Harvard500.txt,500,2636,0.950000,17,forte,7,1,0.106107118131788,anneau,0.097625929140378,-0.008481188991410,0.920070,185,0.0020
data/Harvard500.txt,500,2636,0.950000,17,moyenne,173,251,0.000320139975202,isoles,0.002062550795375,0.001742410820173,6.442653,199,0.0040
data/Harvard500.txt,500,2636,0.950000,17,moyenne,173,251,0.000320139975202,complet,0.001283467390768,0.000963327415566,4.009082,209,0.0040
data/Harvard500.txt,500,2636,0.950000,17,moyenne,173,251,0.000320139975202,anneau,0.001548134650941,0.001227994675739,4.835805,205,0.0040
data/Harvard500.txt,500,2636,0.950000,17,faible,494,500,0.000100000000000,isoles,0.001658607350097,0.001558607350097,16.586074,165,0.0020
data/Harvard500.txt,500,2636,0.950000,17,faible,494,500,0.000100000000000,complet,0.000964431552243,0.000864431552243,9.644316,177,0.0040
data/Harvard500.txt,500,2636,0.950000,17,faible,494,500,0.000100000000000,anneau,0.001454879179723,0.001354879179723,14.548792,203,0.0030
data/Harvard500.txt,500,2636,0.950000,19,forte,7,1,0.106107118131788,isoles,0.108175595001207,0.002068476869419,1.019494,166,0.0030
data/Harvard500.txt,500,2636,0.950000,19,forte,7,1,0.106107118131788,complet,0.105355782382093,-0.000751335749695,0.992919,180,0.0030
data/Harvard500.txt,500,2636,0.950000,19,forte,7,1,0.106107118131788,anneau,0.096504957254274,-0.009602160877514,0.909505,187,0.0030
data/Harvard500.txt,500,2636,0.950000,19,moyenne,173,251,0.000320139975202,isoles,0.002260035869557,0.001939895894356,7.059524,201,0.0020
data/Harvard500.txt,500,2636,0.950000,19,moyenne,173,251,0.000320139975202,complet,0.001335586257410,0.001015446282208,4.171882,212,0.0030
data/Harvard500.txt,500,2636,0.950000,19,moyenne,173,251,0.000320139975202,anneau,0.001622491144239,0.001302351169038,5.068068,207,0.0050
data/Harvard500.txt,500,2636,0.950000,19,faible,494,500,0.000100000000000,isoles,0.001835260115607,0.001735260115607,18.352601,166,0.0020
data/Harvard500.txt,500,2636,0.950000,19,faible,494,500,0.000100000000000,complet,0.001011560698953,0.000911560698953,10.115607,181,0.0020
data/Harvard500.txt,500,2636,0.950000,19,faible,494,500,0.000100000000000,anneau,0.001505997397970,0.001405997397970,15.059974,208,0.0030
data/Harvard500.txt,500,2636,0.950000,21,forte,7,1,0.106107118131788,isoles,0.108384553157258,0.002277435025470,1.021464,167,0.0020
data/Harvard500.txt,500,2636,0.950000,21,forte,7,1,0.106107118131788,complet,0.105107400479955,-0.000999717651833,0.990578,185,0.0030
data/Harvard500.txt,500,2636,0.950000,21,forte,7,1,0.106107118131788,anneau,0.095477610787179,-0.010629507344609,0.899823,188,0.0030
data/Harvard500.txt,500,2636,0.950000,21,moyenne,173,251,0.000320139975202,isoles,0.002456004744053,0.002135864768852,7.671659,202,0.0040
data/Harvard500.txt,500,2636,0.950000,21,moyenne,173,251,0.000320139975202,complet,0.001381620406100,0.001061480430899,4.315676,215,0.0030
data/Harvard500.txt,500,2636,0.950000,21,moyenne,173,251,0.000320139975202,anneau,0.001688007384989,0.001367867409787,5.272717,209,0.0020
data/Harvard500.txt,500,2636,0.950000,21,faible,494,500,0.000100000000000,isoles,0.002010556621881,0.001910556621881,20.105566,168,0.0030
data/Harvard500.txt,500,2636,0.950000,21,faible,494,500,0.000100000000000,complet,0.001053262964562,0.000953262964562,10.532630,185,0.0040
data/Harvard500.txt,500,2636,0.950000,21,faible,494,500,0.000100000000000,anneau,0.001548972394022,0.001448972394022,15.489724,219,0.0020
data/Harvard500.txt,500,2636,0.950000,23,forte,7,1,0.106107118131788,isoles,0.108591913162581,0.002484795030794,1.023418,168,0.0020
data/Harvard500.txt,500,2636,0.950000,23,forte,7,1,0.106107118131788,complet,0.104846112715033,-0.001261005416755,0.988116,189,0.0020
data/Harvard500.txt,500,2636,0.950000,23,forte,7,1,0.106107118131788,anneau,0.094531938137088,-0.011575179994699,0.890910,190,0.0040
data/Harvard500.txt,500,2636,0.950000,23,moyenne,173,251,0.000320139975202,isoles,0.002650474812566,0.002330334837364,8.279112,203,0.0030
data/Harvard500.txt,500,2636,0.950000,23,moyenne,173,251,0.000320139975202,complet,0.001422448618819,0.001102308643618,4.443208,218,0.0030
data/Harvard500.txt,500,2636,0.950000,23,moyenne,173,251,0.000320139975202,anneau,0.001745677958675,0.001425537983474,5.452858,211,0.0030
data/Harvard500.txt,500,2636,0.950000,23,faible,494,500,0.000100000000000,isoles,0.002184512428298,0.002084512428298,21.845124,168,0.0020
data/Harvard500.txt,500,2636,0.950000,23,faible,494,500,0.000100000000000,complet,0.001090321417180,0.000990321417180,10.903214,190,0.0020
data/Harvard500.txt,500,2636,0.950000,23,faible,494,500,0.000100000000000,anneau,0.001585176562860,0.001485176562860,15.851766,222,0.0030
data/Harvard500.txt,500,2636,0.950000,25,forte,7,1,0.106107118131788,isoles,0.108797693285965,0.002690575154178,1.025357,168,0.0010
data/Harvard500.txt,500,2636,0.950000,25,forte,7,1,0.106107118131788,complet,0.104574077824171,-0.001533040307616,0.985552,193,0.0030
data/Harvard500.txt,500,2636,0.950000,25,forte,7,1,0.106107118131788,anneau,0.093657790165166,-0.012449327966621,0.882672,192,0.0030
data/Harvard500.txt,500,2636,0.950000,25,moyenne,173,251,0.000320139975202,isoles,0.002843463204316,0.002523323229114,8.881937,204,0.0030
data/Harvard500.txt,500,2636,0.950000,25,moyenne,173,251,0.000320139975202,complet,0.001458789760265,0.001138649785064,4.556725,221,0.0020
data/Harvard500.txt,500,2636,0.950000,25,moyenne,173,251,0.000320139975202,anneau,0.001796377959723,0.001476237984521,5.611227,213,0.0020
data/Harvard500.txt,500,2636,0.950000,25,faible,494,500,0.000100000000000,isoles,0.002357142857143,0.002257142857143,23.571429,169,0.0030
data/Harvard500.txt,500,2636,0.950000,25,faible,494,500,0.000100000000000,complet,0.001123376638231,0.001023376638231,11.233766,194,0.0030
data/Harvard500.txt,500,2636,0.950000,25,faible,494,500,0.000100000000000,anneau,0.001615704144933,0.001515704144933,16.157041,232,0.0030
data/Harvard500.txt,500,2636,0.950000,27,forte,7,1,0.106107118131788,isoles,0.109001911506422,0.002894793374635,1.027282,169,0.0020
data/Harvard500.txt,500,2636,0.950000,27,forte,7,1,0.106107118131788,complet,0.104293073322532,-0.001814044809255,0.982904,198,0.0030
data/Harvard500.txt,500,2636,0.950000,27,forte,7,1,0.106107118131788,anneau,0.092846500913330,-0.013260617218457,0.875026,193,0.0030
data/Harvard500.txt,500,2636,0.950000,27,moyenne,173,251,0.000320139975202,isoles,0.003034986788496,0.002714846813294,9.480187,205,0.0030
data/Harvard500.txt,500,2636,0.950000,27,moyenne,173,251,0.000320139975202,complet,0.001491237544310,0.001171097569109,4.658080,225,0.0040
data/Harvard500.txt,500,2636,0.950000,27,moyenne,173,251,0.000320139975202,anneau,0.001840878905249,0.001520738930047,5.750231,214,0.0040
data/Harvard500.txt,500,2636,0.950000,27,faible,494,500,0.000100000000000,isoles,0.002528462998102,0.002428462998102,25.284630,170,0.0020
data/Harvard500.txt,500,2636,0.950000,27,faible,494,500,0.000100000000000,complet,0.001152957693199,0.001052957693199,11.529577,199,0.0010
data/Harvard500.txt,500,2636,0.950000,27,faible,494,500,0.000100000000000,anneau,0.001641437826400,0.001541437826400,16.414378,233,0.0050
data/Harvard500.txt,500,2636,0.950000,29,forte,7,1,0.106107118131788,isoles,0.109204585543499,0.003097467411711,1.029192,170,0.0020
data/Harvard500.txt,500,2636,0.950000,29,forte,7,1,0.106107118131788,complet,0.104004575032458,-0.002102543099329,0.980185,203,0.0030
data/Harvard500.txt,500,2636,0.950000,29,forte,7,1,0.106107118131788,anneau,0.092090633962932,-0.014016484168856,0.867903,194,0.0020
data/Harvard500.txt,500,2636,0.950000,29,moyenne,173,251,0.000320139975202,isoles,0.003225062179761,0.002904922204559,10.073913,205,0.0030
data/Harvard500.txt,500,2636,0.950000,29,moyenne,173,251,0.000320139975202,complet,0.001520286612031,0.001200146636829,4.748818,228,0.0030
data/Harvard500.txt,500,2636,0.950000,29,moyenne,173,251,0.000320139975202,anneau,0.001879862237315,0.001559722262114,5.872001,216,0.0020
data/Harvard500.txt,500,2636,0.950000,29,faible,494,500,0.000100000000000,isoles,0.002698487712665,0.002598487712665,26.984877,171,0.0040
data/Harvard500.txt,500,2636,0.950000,29,faible,494,500,0.000100000000000,complet,0.001179505373235,0.001079505373235,11.795054,204,0.0030
data/Harvard500.txt,500,2636,0.950000,29,faible,494,500,0.000100000000000,anneau,0.001663097401858,0.001563097401858,16.630974,244,0.0040
data/Harvard500.txt,500,2636,0.950000,31,forte,7,1,0.106107118131788,isoles,0.109405732845643,0.003298614713856,1.031088,171,0.0010
data/Harvard500.txt,500,2636,0.950000,31,forte,7,1,0.106107118131788,complet,0.103709817513052,-0.002397300618736,0.977407,208,0.0040
data/Harvard500.txt,500,2636,0.950000,31,forte,7,1,0.106107118131788,anneau,0.091383779136017,-0.014723338995771,0.861241,196,0.0040
data/Harvard500.txt,500,2636,0.950000,31,moyenne,173,251,0.000320139975202,isoles,0.003413705740726,0.003093565765524,10.663166,206,0.0020
data/Harvard500.txt,500,2636,0.950000,31,moyenne,173,251,0.000320139975202,complet,0.001546352344873,0.001226212369672,4.830238,231,0.0030
data/Harvard500.txt,500,2636,0.950000,31,moyenne,173,251,0.000320139975202,anneau,0.001913930839960,0.001593790864758,5.978419,218,0.0030
data/Harvard500.txt,500,2636,0.950000,31,faible,494,500,0.000100000000000,isoles,0.002867231638418,0.002767231638418,28.672316,172,0.0020
data/Harvard500.txt,500,2636,0.950000,31,faible,494,500,0.000100000000000,complet,0.001203389847763,0.001103389847763,12.033898,209,0.0030
data/Harvard500.txt,500,2636,0.950000,31,faible,494,500,0.000100000000000,anneau,0.001681275297293,0.001581275297293,16.812753,246,0.0050
data/Harvard500.txt,500,2636,0.950000,33,forte,7,1,0.106107118131788,isoles,0.109605370603492,0.003498252471704,1.032969,171,0.0020
data/Harvard500.txt,500,2636,0.950000,33,forte,7,1,0.106107118131788,complet,0.103409840551997,-0.002697277579791,0.974580,213,0.0030
data/Harvard500.txt,500,2636,0.950000,33,forte,7,1,0.106107118131788,anneau,0.090720388186796,-0.015386729944991,0.854989,197,0.0030
data/Harvard500.txt,500,2636,0.950000,33,moyenne,173,251,0.000320139975202,isoles,0.003600933590138,0.003280793614937,11.247997,207,0.0050
data/Harvard500.txt,500,2636,0.950000,33,moyenne,173,251,0.000320139975202,complet,0.001569786111238,0.001249646136036,4.903437,234,0.0040
data/Harvard500.txt,500,2636,0.950000,33,moyenne,173,251,0.000320139975202,anneau,0.001943618893336,0.001623478918135,6.071153,219,0.0040
data/Harvard500.txt,500,2636,0.950000,33,faible,494,500,0.000100000000000,isoles,0.003034709193246,0.002934709193246,30.347092,172,0.0190
data/Harvard500.txt,500,2636,0.950000,33,faible,494,500,0.000100000000000,complet,0.001224924248177,0.001124924248177,12.249242,214,0.1820
data/Harvard500.txt,500,2636,0.950000,33,faible,494,500,0.000100000000000,anneau,0.001696463225876,0.001596463225876,16.964632,246,0.0040
data/Harvard500.txt,500,2636,0.950000,35,forte,7,1,0.106107118131788,isoles,0.109803515738271,0.003696397606484,1.034836,172,0.0120
data/Harvard500.txt,500,2636,0.950000,35,forte,7,1,0.106107118131788,complet,0.103105525321403,-0.003001592810385,0.971712,218,0.0330
data/Harvard500.txt,500,2636,0.950000,35,forte,7,1,0.106107118131788,anneau,0.090095641041598,-0.016011477090190,0.849101,199,0.1580
data/Harvard500.txt,500,2636,0.950000,35,moyenne,173,251,0.000320139975202,isoles,0.003786761605719,0.003466621630518,11.828456,207,0.0360
data/Harvard500.txt,500,2636,0.950000,35,moyenne,173,251,0.000320139975202,complet,0.001590887122174,0.001270747146972,4.969349,237,0.0030
data/Harvard500.txt,500,2636,0.950000,35,moyenne,173,251,0.000320139975202,anneau,0.001969400342556,0.001649260367355,6.151685,221,0.0040
data/Harvard500.txt,500,2636,0.950000,35,faible,494,500,0.000100000000000,isoles,0.003200934579439,0.003100934579439,32.009346,173,0.0110
data/Harvard500.txt,500,2636,0.950000,35,faible,494,500,0.000100000000000,complet,0.001244375232007,0.001144375232007,12.443752,219,0.0160
data/Harvard500.txt,500,2636,0.950000,35,faible,494,500,0.000100000000000,anneau,0.001709072521362,0.001609072521362,17.090725,256,0.0060
data/Harvard500.txt,500,2636,0.950000,37,forte,7,1,0.106107118131788,isoles,0.110000184935694,0.003893066803906,1.036690,172,0.0020
data/Harvard500.txt,500,2636,0.950000,37,forte,7,1,0.106107118131788,complet,0.102797622782902,-0.003309495348886,0.968810,222,0.0050
data/Harvard500.txt,500,2636,0.950000,37,forte,7,1,0.106107118131788,anneau,0.089505336040147,-0.016601782091641,0.843538,200,0.0040
data/Harvard500.txt,500,2636,0.950000,37,moyenne,173,251,0.000320139975202,isoles,0.003971205426908,0.003651065451706,12.404591,208,0.0050
data/Harvard500.txt,500,2636,0.950000,37,moyenne,173,251,0.000320139975202,complet,0.001609911747046,0.001289771771844,5.028775,240,0.0490
data/Harvard500.txt,500,2636,0.950000,37,moyenne,173,251,0.000320139975202,anneau,0.001991696208831,0.001671556233629,6.221329,223,0.0080
data/Harvard500.txt,500,2636,0.950000,37,faible,494,500,0.000100000000000,isoles,0.003365921787709,0.003265921787709,33.659218,173,0.0040
data/Harvard500.txt,500,2636,0.950000,37,faible,494,500,0.000100000000000,complet,0.001261971284490,0.001161971284490,12.619713,223,0.0050
data/Harvard500.txt,500,2636,0.950000,37,faible,494,500,0.000100000000000,anneau,0.001719449580776,0.001619449580776,17.194496,259,0.0100
data/Harvard500.txt,500,2636,0.950000,39,forte,7,1,0.106107118131788,isoles,0.110195394617090,0.004088276485303,1.038530,173,0.0030
data/Harvard500.txt,500,2636,0.950000,39,forte,7,1,0.106107118131788,complet,0.102486776218300,-0.003620341913488,0.965880,226,0.0040
data/Harvard500.txt,500,2636,0.950000,39,forte,7,1,0.106107118131788,anneau,0.088945799300099,-0.017161318831689,0.838264,203,0.0030
data/Harvard500.txt,500,2636,0.950000,39,moyenne,173,251,0.000320139975202,isoles,0.004154280462768,0.003834140487566,12.976450,209,0.0080
data/Harvard500.txt,500,2636,0.950000,39,moyenne,173,251,0.000320139975202,complet,0.001627080901770,0.001306940926568,5.082405,243,0.0030
data/Harvard500.txt,500,2636,0.950000,39,moyenne,173,251,0.000320139975202,anneau,0.002010880911577,0.001690740936376,6.281255,224,0.0340
data/Harvard500.txt,500,2636,0.950000,39,faible,494,500,0.000100000000000,isoles,0.003529684601113,0.003429684601113,35.296846,174,0.0030
data/Harvard500.txt,500,2636,0.950000,39,faible,494,500,0.000100000000000,complet,0.001277909297884,0.001177909297884,12.779093,227,0.0110
data/Harvard500.txt,500,2636,0.950000,39,faible,494,500,0.000100000000000,anneau,0.001727887869560,0.001627887869560,17.278879,259,0.0020
data/Harvard500.txt,500,2636,0.950000,41,forte,7,1,0.106107118131788,isoles,0.110389160973627,0.004282042841840,1.040356,174,0.0100
data/Harvard500.txt,500,2636,0.950000,41,forte,7,1,0.106107118131788,complet,0.102173539247310,-0.003933578884478,0.962928,230,0.0050
data/Harvard500.txt,500,2636,0.950000,41,forte,7,1,0.106107118131788,anneau,0.088413809411102,-0.017693308720685,0.833251,207,0.0030
data/Harvard500.txt,500,2636,0.950000,41,moyenne,173,251,0.000320139975202,isoles,0.004336001894481,0.004015861919279,13.544081,209,0.0080
data/Harvard500.txt,500,2636,0.950000,41,moyenne,173,251,0.000320139975202,complet,0.001642585959371,0.001322445984169,5.130837,246,0.0050
data/Harvard500.txt,500,2636,0.950000,41,moyenne,173,251,0.000320139975202,anneau,0.002027287757645,0.001707147782443,6.332504,226,0.0270
data/Harvard500.txt,500,2636,0.950000,41,faible,494,500,0.000100000000000,isoles,0.003692236598891,0.003592236598891,36.922366,174,0.0030
data/Harvard500.txt,500,2636,0.950000,41,faible,494,500,0.000100000000000,complet,0.001292359842899,0.001192359842899,12.923598,230,0.0040
data/Harvard500.txt,500,2636,0.950000,41,faible,494,500,0.000100000000000,anneau,0.001734637513282,0.001634637513282,17.346375,260,0.0060
data/Harvard500.txt,500,2636,0.950000,43,forte,7,1,0.106107118131788,isoles,0.110581499957633,0.004474381825845,1.042169,174,0.0020
data/Harvard500.txt,500,2636,0.950000,43,forte,7,1,0.106107118131788,complet,0.101858390358933,-0.004248727772855,0.959958,234,0.0040
data/Harvard500.txt,500,2636,0.950000,43,forte,7,1,0.106107118131788,anneau,0.087906534455550,-0.018200583676238,0.828470,210,0.0030
data/Harvard500.txt,500,2636,0.950000,43,moyenne,173,251,0.000320139975202,isoles,0.004516384677857,0.004196244702656,14.107531,210,0.0040
data/Harvard500.txt,500,2636,0.950000,43,moyenne,173,251,0.000320139975202,complet,0.001656593517259,0.001336453542058,5.174591,248,0.0050
data/Harvard500.txt,500,2636,0.950000,43,moyenne,173,251,0.000320139975202,anneau,0.002041213726894,0.001721073751693,6.376004,228,0.0030
data/Harvard500.txt,500,2636,0.950000,43,faible,494,500,0.000100000000000,isoles,0.003853591160221,0.003753591160221,38.535912,175,0.0020
data/Harvard500.txt,500,2636,0.950000,43,faible,494,500,0.000100000000000,complet,0.001305471409855,0.001205471409855,13.054714,234,0.0030
data/Harvard500.txt,500,2636,0.950000,43,faible,494,500,0.000100000000000,anneau,0.001739912684893,0.001639912684893,17.399127,268,0.0030
data/Harvard500.txt,500,2636,0.950000,45,forte,7,1,0.106107118131788,isoles,0.110772427279370,0.004665309147583,1.043968,174,0.0030
data/Harvard500.txt,500,2636,0.950000,45,forte,7,1,0.106107118131788,complet,0.101541744714302,-0.004565373417486,0.956974,237,0.0040
data/Harvard500.txt,500,2636,0.950000,45,forte,7,1,0.106107118131788,anneau,0.087421479168065,-0.018685638963723,0.823898,212,0.0040
data/Harvard500.txt,500,2636,0.950000,45,moyenne,173,251,0.000320139975202,isoles,0.004695443551457,0.004375303576255,14.666845,210,0.0040
data/Harvard500.txt,500,2636,0.950000,45,moyenne,173,251,0.000320139975202,complet,0.001669249267031,0.001349109291830,5.214123,251,0.0040
data/Harvard500.txt,500,2636,0.950000,45,moyenne,173,251,0.000320139975202,anneau,0.002052923645482,0.001732783670280,6.412581,229,0.0030
data/Harvard500.txt,500,2636,0.950000,45,faible,494,500,0.000100000000000,isoles,0.004013761467890,0.003913761467890,40.137615,175,0.0030
data/Harvard500.txt,500,2636,0.950000,45,faible,494,500,0.000100000000000,complet,0.001317373867446,0.001217373867446,13.173739,237,0.0040
data/Harvard500.txt,500,2636,0.950000,45,faible,494,500,0.000100000000000,anneau,0.001743897652517,0.001643897652517,17.438977,272,0.0040
data/Harvard500.txt,500,2636,0.950000,47,forte,7,1,0.106107118131788,isoles,0.110961958418949,0.004854840287161,1.045754,175,0.0020
data/Harvard500.txt,500,2636,0.950000,47,forte,7,1,0.106107118131788,complet,0.101223963809765,-0.004883154322023,0.953979,240,0.0040
data/Harvard500.txt,500,2636,0.950000,47,forte,7,1,0.106107118131788,anneau,0.086956440231708,-0.019150677900079,0.819516,216,0.0020
data/Harvard500.txt,500,2636,0.950000,47,moyenne,173,251,0.000320139975202,isoles,0.004873193035997,0.004553053060795,15.222070,211,0.0040
data/Harvard500.txt,500,2636,0.950000,47,moyenne,173,251,0.000320139975202,complet,0.001680681168303,0.001360541193102,5.249832,253,0.0040
data/Harvard500.txt,500,2636,0.950000,47,moyenne,173,251,0.000320139975202,anneau,0.002062653836235,0.001742513861034,6.442975,231,0.0030
data/Harvard500.txt,500,2636,0.950000,47,faible,494,500,0.000100000000000,isoles,0.004172760511883,0.004072760511883,41.727605,176,0.0030
data/Harvard500.txt,500,2636,0.950000,47,faible,494,500,0.000100000000000,complet,0.001328181278083,0.001228181278083,13.281813,240,0.0030
data/Harvard500.txt,500,2636,0.950000,47,faible,494,500,0.000100000000000,anneau,0.001746751520961,0.001646751520961,17.467515,272,0.0050
data/Harvard500.txt,500,2636,0.950000,49,forte,7,1,0.106107118131788,isoles,0.111150108643583,0.005042990511795,1.047527,175,0.0020
data/Harvard500.txt,500,2636,0.950000,49,forte,7,1,0.106107118131788,complet,0.100905363422871,-0.005201754708916,0.950976,243,0.0040
data/Harvard500.txt,500,2636,0.950000,49,forte,7,1,0.106107118131788,anneau,0.086509468238518,-0.019597649893269,0.815303,220,0.0030
data/Harvard500.txt,500,2636,0.950000,49,moyenne,173,251,0.000320139975202,isoles,0.005049647442885,0.004729507467683,15.773249,211,0.0030
data/Harvard500.txt,500,2636,0.950000,49,moyenne,173,251,0.000320139975202,complet,0.001691002052904,0.001370862077703,5.282071,255,0.0040
data/Harvard500.txt,500,2636,0.950000,49,moyenne,173,251,0.000320139975202,anneau,0.002070615333194,0.001750475357992,6.467844,232,0.0060
data/Harvard500.txt,500,2636,0.950000,49,faible,494,500,0.000100000000000,isoles,0.004330601092896,0.004230601092896,43.306011,176,0.0040
data/Harvard500.txt,500,2636,0.950000,49,faible,494,500,0.000100000000000,complet,0.001337994227458,0.001237994227458,13.379942,243,0.0030
data/Harvard500.txt,500,2636,0.950000,49,faible,494,500,0.000100000000000,anneau,0.001748612314404,0.001648612314404,17.486123,272,0.0030
data/Harvard500.txt,500,2636,0.950000,50,forte,7,1,0.106107118131788,isoles,0.111243670618924,0.005136552487136,1.048409,175,0.0020
data/Harvard500.txt,500,2636,0.950000,50,forte,7,1,0.106107118131788,complet,0.100745843746615,-0.005361274385173,0.949473,244,0.0050
data/Harvard500.txt,500,2636,0.950000,50,forte,7,1,0.106107118131788,anneau,0.086292209537761,-0.019814908594027,0.813256,222,0.0030
data/Harvard500.txt,500,2636,0.950000,50,moyenne,173,251,0.000320139975202,isoles,0.005137393407038,0.004817253431836,16.047335,211,0.0030
data/Harvard500.txt,500,2636,0.950000,50,moyenne,173,251,0.000320139975202,complet,0.001695777528017,0.001375637552816,5.296988,256,0.0050
data/Harvard500.txt,500,2636,0.950000,50,moyenne,173,251,0.000320139975202,anneau,0.002073992552843,0.001753852577642,6.478393,233,0.0030
data/Harvard500.txt,500,2636,0.950000,50,faible,494,500,0.000100000000000,isoles,0.004409090909091,0.004309090909091,44.090909,176,0.0020
data/Harvard500.txt,500,2636,0.950000,50,faible,494,500,0.000100000000000,complet,0.001342556007348,0.001242556007348,13.425560,245,0.0040
data/Harvard500.txt,500,2636,0.950000,50,faible,494,500,0.000100000000000,anneau,0.001749208445501,0.001649208445501,17.492084,272,0.0050
